inventory_id,inventory_date,product_id,stock_level,reorder_threshold,units_ordered
1,2023-01-01,1,258,120,0
2,2023-01-01,2,196,120,0
3,2023-01-01,3,205,120,0
4,2023-01-01,4,220,120,0
5,2023-01-01,5,200,120,0
6,2023-01-01,6,245,110,0
7,2023-01-01,7,160,110,0
8,2023-01-01,8,192,110,0
9,2023-01-01,9,162,110,0
10,2023-01-01,10,225,110,0
11,2023-01-01,11,77,60,0
12,2023-01-01,12,77,60,0
13,2023-01-01,13,96,60,0
14,2023-01-01,14,127,60,0
15,2023-01-01,15,117,55,0
16,2023-01-01,16,55,55,0
17,2023-01-01,17,107,55,0
18,2023-01-01,18,90,55,0
19,2023-01-01,19,42,30,0
20,2023-01-01,20,62,30,0
21,2023-01-01,21,55,30,0
22,2023-01-01,22,55,30,0
23,2023-01-01,23,188,108,0
24,2023-01-01,24,156,108,0
25,2023-01-01,25,180,108,0
26,2023-01-01,26,184,108,0
27,2023-01-01,27,55,45,0
28,2023-01-01,28,82,45,0
29,2023-01-01,29,93,45,0
30,2023-01-01,30,94,45,0
31,2023-01-08,1,155,120,0
32,2023-01-08,2,180,120,0
33,2023-01-08,3,225,120,0
34,2023-01-08,4,186,120,0
35,2023-01-08,5,165,120,0
36,2023-01-08,6,222,110,0
37,2023-01-08,7,169,110,0
38,2023-01-08,8,122,110,0
39,2023-01-08,9,206,110,0
40,2023-01-08,10,218,110,0
41,2023-01-08,11,88,60,0
42,2023-01-08,12,110,60,0
43,2023-01-08,13,60,60,0
44,2023-01-08,14,95,60,0
45,2023-01-08,15,79,55,0
46,2023-01-08,16,115,55,0
47,2023-01-08,17,112,55,0
48,2023-01-08,18,82,55,0
49,2023-01-08,19,45,30,0
50,2023-01-08,20,66,30,0
51,2023-01-08,21,63,30,0
52,2023-01-08,22,37,30,0
53,2023-01-08,23,168,108,0
54,2023-01-08,24,197,108,0
55,2023-01-08,25,191,108,0
56,2023-01-08,26,210,108,0
57,2023-01-08,27,64,45,0
58,2023-01-08,28,82,45,0
59,2023-01-08,29,75,45,0
60,2023-01-08,30,89,45,0
61,2023-01-15,1,168,120,0
62,2023-01-15,2,161,120,0
63,2023-01-15,3,213,120,0
64,2023-01-15,4,209,120,0
65,2023-01-15,5,184,120,0
66,2023-01-15,6,184,110,0
67,2023-01-15,7,175,110,0
68,2023-01-15,8,211,110,0
69,2023-01-15,9,175,110,0
70,2023-01-15,10,184,110,0
71,2023-01-15,11,85,60,0
72,2023-01-15,12,114,60,0
73,2023-01-15,13,95,60,0
74,2023-01-15,14,140,60,0
75,2023-01-15,15,79,55,0
76,2023-01-15,16,90,55,0
77,2023-01-15,17,90,55,0
78,2023-01-15,18,86,55,0
79,2023-01-15,19,64,30,0
80,2023-01-15,20,27,30,27
81,2023-01-15,21,57,30,0
82,2023-01-15,22,47,30,0
83,2023-01-15,23,190,108,0
84,2023-01-15,24,157,108,0
85,2023-01-15,25,176,108,0
86,2023-01-15,26,178,108,0
87,2023-01-15,27,62,45,0
88,2023-01-15,28,66,45,0
89,2023-01-15,29,105,45,0
90,2023-01-15,30,72,45,0
91,2023-01-22,1,193,120,0
92,2023-01-22,2,248,120,0
93,2023-01-22,3,222,120,0
94,2023-01-22,4,195,120,0
95,2023-01-22,5,186,120,0
96,2023-01-22,6,164,110,0
97,2023-01-22,7,252,110,0
98,2023-01-22,8,142,110,0
99,2023-01-22,9,138,110,0
100,2023-01-22,10,154,110,0
101,2023-01-22,11,73,60,0
102,2023-01-22,12,101,60,0
103,2023-01-22,13,113,60,0
104,2023-01-22,14,87,60,0
105,2023-01-22,15,74,55,0
106,2023-01-22,16,105,55,0
107,2023-01-22,17,92,55,0
108,2023-01-22,18,36,55,63
109,2023-01-22,19,29,30,25
110,2023-01-22,20,54,30,0
111,2023-01-22,21,64,30,0
112,2023-01-22,22,50,30,0
113,2023-01-22,23,183,108,0
114,2023-01-22,24,177,108,0
115,2023-01-22,25,201,108,0
116,2023-01-22,26,130,108,0
117,2023-01-22,27,76,45,0
118,2023-01-22,28,72,45,0
119,2023-01-22,29,69,45,0
120,2023-01-22,30,63,45,0
121,2023-01-29,1,198,120,0
122,2023-01-29,2,158,120,0
123,2023-01-29,3,173,120,0
124,2023-01-29,4,216,120,0
125,2023-01-29,5,198,120,0
126,2023-01-29,6,120,110,0
127,2023-01-29,7,216,110,0
128,2023-01-29,8,157,110,0
129,2023-01-29,9,193,110,0
130,2023-01-29,10,166,110,0
131,2023-01-29,11,95,60,0
132,2023-01-29,12,120,60,0
133,2023-01-29,13,78,60,0
134,2023-01-29,14,97,60,0
135,2023-01-29,15,72,55,0
136,2023-01-29,16,93,55,0
137,2023-01-29,17,50,55,49
138,2023-01-29,18,70,55,0
139,2023-01-29,19,65,30,0
140,2023-01-29,20,29,30,25
141,2023-01-29,21,44,30,0
142,2023-01-29,22,42,30,0
143,2023-01-29,23,183,108,0
144,2023-01-29,24,144,108,0
145,2023-01-29,25,178,108,0
146,2023-01-29,26,156,108,0
147,2023-01-29,27,54,45,0
148,2023-01-29,28,61,45,0
149,2023-01-29,29,70,45,0
150,2023-01-29,30,80,45,0
151,2023-02-05,1,155,120,0
152,2023-02-05,2,177,120,0
153,2023-02-05,3,213,120,0
154,2023-02-05,4,162,120,0
155,2023-02-05,5,169,120,0
156,2023-02-05,6,156,110,0
157,2023-02-05,7,198,110,0
158,2023-02-05,8,166,110,0
159,2023-02-05,9,230,110,0
160,2023-02-05,10,193,110,0
161,2023-02-05,11,80,60,0
162,2023-02-05,12,103,60,0
163,2023-02-05,13,109,60,0
164,2023-02-05,14,76,60,0
165,2023-02-05,15,98,55,0
166,2023-02-05,16,78,55,0
167,2023-02-05,17,83,55,0
168,2023-02-05,18,106,55,0
169,2023-02-05,19,38,30,0
170,2023-02-05,20,45,30,0
171,2023-02-05,21,47,30,0
172,2023-02-05,22,55,30,0
173,2023-02-05,23,142,108,0
174,2023-02-05,24,191,108,0
175,2023-02-05,25,229,108,0
176,2023-02-05,26,180,108,0
177,2023-02-05,27,45,45,0
178,2023-02-05,28,93,45,0
179,2023-02-05,29,72,45,0
180,2023-02-05,30,103,45,0
181,2023-02-12,1,188,120,0
182,2023-02-12,2,240,120,0
183,2023-02-12,3,281,120,0
184,2023-02-12,4,117,120,99
185,2023-02-12,5,171,120,0
186,2023-02-12,6,167,110,0
187,2023-02-12,7,230,110,0
188,2023-02-12,8,146,110,0
189,2023-02-12,9,221,110,0
190,2023-02-12,10,174,110,0
191,2023-02-12,11,84,60,0
192,2023-02-12,12,82,60,0
193,2023-02-12,13,118,60,0
194,2023-02-12,14,106,60,0
195,2023-02-12,15,77,55,0
196,2023-02-12,16,123,55,0
197,2023-02-12,17,94,55,0
198,2023-02-12,18,102,55,0
199,2023-02-12,19,73,30,0
200,2023-02-12,20,56,30,0
201,2023-02-12,21,59,30,0
202,2023-02-12,22,45,30,0
203,2023-02-12,23,176,108,0
204,2023-02-12,24,158,108,0
205,2023-02-12,25,167,108,0
206,2023-02-12,26,185,108,0
207,2023-02-12,27,57,45,0
208,2023-02-12,28,89,45,0
209,2023-02-12,29,80,45,0
210,2023-02-12,30,74,45,0
211,2023-02-19,1,208,120,0
212,2023-02-19,2,187,120,0
213,2023-02-19,3,131,120,0
214,2023-02-19,4,125,120,0
215,2023-02-19,5,163,120,0
216,2023-02-19,6,224,110,0
217,2023-02-19,7,137,110,0
218,2023-02-19,8,154,110,0
219,2023-02-19,9,258,110,0
220,2023-02-19,10,162,110,0
221,2023-02-19,11,47,60,61
222,2023-02-19,12,87,60,0
223,2023-02-19,13,80,60,0
224,2023-02-19,14,92,60,0
225,2023-02-19,15,90,55,0
226,2023-02-19,16,127,55,0
227,2023-02-19,17,91,55,0
228,2023-02-19,18,76,55,0
229,2023-02-19,19,43,30,0
230,2023-02-19,20,44,30,0
231,2023-02-19,21,57,30,0
232,2023-02-19,22,59,30,0
233,2023-02-19,23,140,108,0
234,2023-02-19,24,174,108,0
235,2023-02-19,25,141,108,0
236,2023-02-19,26,153,108,0
237,2023-02-19,27,80,45,0
238,2023-02-19,28,78,45,0
239,2023-02-19,29,62,45,0
240,2023-02-19,30,99,45,0
241,2023-02-26,1,219,120,0
242,2023-02-26,2,236,120,0
243,2023-02-26,3,191,120,0
244,2023-02-26,4,198,120,0
245,2023-02-26,5,217,120,0
246,2023-02-26,6,182,110,0
247,2023-02-26,7,202,110,0
248,2023-02-26,8,209,110,0
249,2023-02-26,9,124,110,0
250,2023-02-26,10,178,110,0
251,2023-02-26,11,76,60,0
252,2023-02-26,12,75,60,0
253,2023-02-26,13,114,60,0
254,2023-02-26,14,104,60,0
255,2023-02-26,15,106,55,0
256,2023-02-26,16,88,55,0
257,2023-02-26,17,87,55,0
258,2023-02-26,18,98,55,0
259,2023-02-26,19,56,30,0
260,2023-02-26,20,39,30,0
261,2023-02-26,21,52,30,0
262,2023-02-26,22,43,30,0
263,2023-02-26,23,157,108,0
264,2023-02-26,24,201,108,0
265,2023-02-26,25,180,108,0
266,2023-02-26,26,174,108,0
267,2023-02-26,27,45,45,0
268,2023-02-26,28,66,45,0
269,2023-02-26,29,80,45,0
270,2023-02-26,30,85,45,0
271,2023-03-05,1,185,120,0
272,2023-03-05,2,180,120,0
273,2023-03-05,3,139,120,0
274,2023-03-05,4,168,120,0
275,2023-03-05,5,186,120,0
276,2023-03-05,6,182,110,0
277,2023-03-05,7,201,110,0
278,2023-03-05,8,207,110,0
279,2023-03-05,9,117,110,0
280,2023-03-05,10,178,110,0
281,2023-03-05,11,75,50,0
282,2023-03-05,12,84,50,0
283,2023-03-05,13,85,50,0
284,2023-03-05,14,59,50,0
285,2023-03-05,15,128,55,0
286,2023-03-05,16,96,55,0
287,2023-03-05,17,72,55,0
288,2023-03-05,18,80,55,0
289,2023-03-05,19,36,30,0
290,2023-03-05,20,46,30,0
291,2023-03-05,21,48,30,0
292,2023-03-05,22,53,30,0
293,2023-03-05,23,131,90,0
294,2023-03-05,24,222,90,0
295,2023-03-05,25,124,90,0
296,2023-03-05,26,127,90,0
297,2023-03-05,27,72,45,0
298,2023-03-05,28,60,45,0
299,2023-03-05,29,84,45,0
300,2023-03-05,30,56,45,0
301,2023-03-12,1,218,120,0
302,2023-03-12,2,184,120,0
303,2023-03-12,3,270,120,0
304,2023-03-12,4,163,120,0
305,2023-03-12,5,249,120,0
306,2023-03-12,6,185,110,0
307,2023-03-12,7,198,110,0
308,2023-03-12,8,120,110,0
309,2023-03-12,9,173,110,0
310,2023-03-12,10,169,110,0
311,2023-03-12,11,94,50,0
312,2023-03-12,12,73,50,0
313,2023-03-12,13,109,50,0
314,2023-03-12,14,76,50,0
315,2023-03-12,15,50,55,49
316,2023-03-12,16,82,55,0
317,2023-03-12,17,91,55,0
318,2023-03-12,18,99,55,0
319,2023-03-12,19,46,30,0
320,2023-03-12,20,71,30,0
321,2023-03-12,21,52,30,0
322,2023-03-12,22,43,30,0
323,2023-03-12,23,121,90,0
324,2023-03-12,24,188,90,0
325,2023-03-12,25,138,90,0
326,2023-03-12,26,160,90,0
327,2023-03-12,27,89,45,0
328,2023-03-12,28,64,45,0
329,2023-03-12,29,66,45,0
330,2023-03-12,30,94,45,0
331,2023-03-19,1,149,120,0
332,2023-03-19,2,223,120,0
333,2023-03-19,3,244,120,0
334,2023-03-19,4,174,120,0
335,2023-03-19,5,249,120,0
336,2023-03-19,6,177,110,0
337,2023-03-19,7,156,110,0
338,2023-03-19,8,149,110,0
339,2023-03-19,9,216,110,0
340,2023-03-19,10,164,110,0
341,2023-03-19,11,82,50,0
342,2023-03-19,12,85,50,0
343,2023-03-19,13,51,50,0
344,2023-03-19,14,78,50,0
345,2023-03-19,15,106,55,0
346,2023-03-19,16,64,55,0
347,2023-03-19,17,79,55,0
348,2023-03-19,18,86,55,0
349,2023-03-19,19,48,30,0
350,2023-03-19,20,50,30,0
351,2023-03-19,21,54,30,0
352,2023-03-19,22,60,30,0
353,2023-03-19,23,163,90,0
354,2023-03-19,24,138,90,0
355,2023-03-19,25,147,90,0
356,2023-03-19,26,177,90,0
357,2023-03-19,27,77,45,0
358,2023-03-19,28,83,45,0
359,2023-03-19,29,77,45,0
360,2023-03-19,30,67,45,0
361,2023-03-26,1,135,120,0
362,2023-03-26,2,172,120,0
363,2023-03-26,3,202,120,0
364,2023-03-26,4,182,120,0
365,2023-03-26,5,178,120,0
366,2023-03-26,6,159,110,0
367,2023-03-26,7,187,110,0
368,2023-03-26,8,195,110,0
369,2023-03-26,9,151,110,0
370,2023-03-26,10,177,110,0
371,2023-03-26,11,93,50,0
372,2023-03-26,12,105,50,0
373,2023-03-26,13,97,50,0
374,2023-03-26,14,90,50,0
375,2023-03-26,15,79,55,0
376,2023-03-26,16,94,55,0
377,2023-03-26,17,106,55,0
378,2023-03-26,18,72,55,0
379,2023-03-26,19,37,30,0
380,2023-03-26,20,50,30,0
381,2023-03-26,21,32,30,0
382,2023-03-26,22,43,30,0
383,2023-03-26,23,125,90,0
384,2023-03-26,24,156,90,0
385,2023-03-26,25,133,90,0
386,2023-03-26,26,146,90,0
387,2023-03-26,27,63,45,0
388,2023-03-26,28,76,45,0
389,2023-03-26,29,71,45,0
390,2023-03-26,30,54,45,0
391,2023-04-02,1,202,120,0
392,2023-04-02,2,205,120,0
393,2023-04-02,3,226,120,0
394,2023-04-02,4,221,120,0
395,2023-04-02,5,230,120,0
396,2023-04-02,6,164,110,0
397,2023-04-02,7,193,110,0
398,2023-04-02,8,127,110,0
399,2023-04-02,9,107,110,91
400,2023-04-02,10,141,110,0
401,2023-04-02,11,47,50,43
402,2023-04-02,12,86,50,0
403,2023-04-02,13,83,50,0
404,2023-04-02,14,53,50,0
405,2023-04-02,15,114,55,0
406,2023-04-02,16,90,55,0
407,2023-04-02,17,62,55,0
408,2023-04-02,18,111,55,0
409,2023-04-02,19,40,30,0
410,2023-04-02,20,51,30,0
411,2023-04-02,21,51,30,0
412,2023-04-02,22,34,30,0
413,2023-04-02,23,186,90,0
414,2023-04-02,24,223,90,0
415,2023-04-02,25,111,90,0
416,2023-04-02,26,156,90,0
417,2023-04-02,27,76,45,0
418,2023-04-02,28,75,45,0
419,2023-04-02,29,103,45,0
420,2023-04-02,30,75,45,0
421,2023-04-09,1,213,120,0
422,2023-04-09,2,236,120,0
423,2023-04-09,3,268,120,0
424,2023-04-09,4,164,120,0
425,2023-04-09,5,184,120,0
426,2023-04-09,6,189,110,0
427,2023-04-09,7,146,110,0
428,2023-04-09,8,217,110,0
429,2023-04-09,9,180,110,0
430,2023-04-09,10,136,110,0
431,2023-04-09,11,78,50,0
432,2023-04-09,12,62,50,0
433,2023-04-09,13,74,50,0
434,2023-04-09,14,43,50,47
435,2023-04-09,15,104,55,0
436,2023-04-09,16,78,55,0
437,2023-04-09,17,70,55,0
438,2023-04-09,18,85,55,0
439,2023-04-09,19,60,30,0
440,2023-04-09,20,54,30,0
441,2023-04-09,21,67,30,0
442,2023-04-09,22,33,30,0
443,2023-04-09,23,100,90,0
444,2023-04-09,24,136,90,0
445,2023-04-09,25,194,90,0
446,2023-04-09,26,168,90,0
447,2023-04-09,27,85,45,0
448,2023-04-09,28,56,45,0
449,2023-04-09,29,66,45,0
450,2023-04-09,30,66,45,0
451,2023-04-16,1,208,120,0
452,2023-04-16,2,224,120,0
453,2023-04-16,3,191,120,0
454,2023-04-16,4,145,120,0
455,2023-04-16,5,161,120,0
456,2023-04-16,6,200,110,0
457,2023-04-16,7,229,110,0
458,2023-04-16,8,193,110,0
459,2023-04-16,9,158,110,0
460,2023-04-16,10,152,110,0
461,2023-04-16,11,74,50,0
462,2023-04-16,12,106,50,0
463,2023-04-16,13,70,50,0
464,2023-04-16,14,64,50,0
465,2023-04-16,15,79,55,0
466,2023-04-16,16,90,55,0
467,2023-04-16,17,80,55,0
468,2023-04-16,18,79,55,0
469,2023-04-16,19,52,30,0
470,2023-04-16,20,33,30,0
471,2023-04-16,21,43,30,0
472,2023-04-16,22,46,30,0
473,2023-04-16,23,156,90,0
474,2023-04-16,24,124,90,0
475,2023-04-16,25,103,90,0
476,2023-04-16,26,159,90,0
477,2023-04-16,27,110,45,0
478,2023-04-16,28,69,45,0
479,2023-04-16,29,78,45,0
480,2023-04-16,30,70,45,0
481,2023-04-23,1,174,120,0
482,2023-04-23,2,217,120,0
483,2023-04-23,3,179,120,0
484,2023-04-23,4,151,120,0
485,2023-04-23,5,192,120,0
486,2023-04-23,6,126,110,0
487,2023-04-23,7,210,110,0
488,2023-04-23,8,207,110,0
489,2023-04-23,9,217,110,0
490,2023-04-23,10,132,110,0
491,2023-04-23,11,79,50,0
492,2023-04-23,12,118,50,0
493,2023-04-23,13,57,50,0
494,2023-04-23,14,71,50,0
495,2023-04-23,15,87,55,0
496,2023-04-23,16,78,55,0
497,2023-04-23,17,79,55,0
498,2023-04-23,18,80,55,0
499,2023-04-23,19,33,30,0
500,2023-04-23,20,36,30,0
501,2023-04-23,21,42,30,0
502,2023-04-23,22,14,30,40
503,2023-04-23,23,109,90,0
504,2023-04-23,24,144,90,0
505,2023-04-23,25,127,90,0
506,2023-04-23,26,113,90,0
507,2023-04-23,27,68,45,0
508,2023-04-23,28,67,45,0
509,2023-04-23,29,81,45,0
510,2023-04-23,30,75,45,0
511,2023-04-30,1,184,120,0
512,2023-04-30,2,146,120,0
513,2023-04-30,3,184,120,0
514,2023-04-30,4,112,120,104
515,2023-04-30,5,275,120,0
516,2023-04-30,6,114,110,0
517,2023-04-30,7,178,110,0
518,2023-04-30,8,157,110,0
519,2023-04-30,9,171,110,0
520,2023-04-30,10,179,110,0
521,2023-04-30,11,61,50,0
522,2023-04-30,12,91,50,0
523,2023-04-30,13,94,50,0
524,2023-04-30,14,75,50,0
525,2023-04-30,15,99,55,0
526,2023-04-30,16,121,55,0
527,2023-04-30,17,95,55,0
528,2023-04-30,18,95,55,0
529,2023-04-30,19,30,30,0
530,2023-04-30,20,56,30,0
531,2023-04-30,21,44,30,0
532,2023-04-30,22,56,30,0
533,2023-04-30,23,151,90,0
534,2023-04-30,24,104,90,0
535,2023-04-30,25,135,90,0
536,2023-04-30,26,179,90,0
537,2023-04-30,27,119,45,0
538,2023-04-30,28,57,45,0
539,2023-04-30,29,48,45,0
540,2023-04-30,30,71,45,0
541,2023-05-07,1,202,120,0
542,2023-05-07,2,216,120,0
543,2023-05-07,3,234,120,0
544,2023-05-07,4,210,120,0
545,2023-05-07,5,159,120,0
546,2023-05-07,6,189,110,0
547,2023-05-07,7,130,110,0
548,2023-05-07,8,118,110,0
549,2023-05-07,9,222,110,0
550,2023-05-07,10,215,110,0
551,2023-05-07,11,43,50,47
552,2023-05-07,12,100,50,0
553,2023-05-07,13,82,50,0
554,2023-05-07,14,98,50,0
555,2023-05-07,15,55,55,0
556,2023-05-07,16,76,55,0
557,2023-05-07,17,74,55,0
558,2023-05-07,18,83,55,0
559,2023-05-07,19,48,30,0
560,2023-05-07,20,24,30,30
561,2023-05-07,21,42,30,0
562,2023-05-07,22,42,30,0
563,2023-05-07,23,123,90,0
564,2023-05-07,24,134,90,0
565,2023-05-07,25,215,90,0
566,2023-05-07,26,140,90,0
567,2023-05-07,27,46,45,0
568,2023-05-07,28,82,45,0
569,2023-05-07,29,85,45,0
570,2023-05-07,30,82,45,0
571,2023-05-14,1,161,120,0
572,2023-05-14,2,238,120,0
573,2023-05-14,3,215,120,0
574,2023-05-14,4,224,120,0
575,2023-05-14,5,210,120,0
576,2023-05-14,6,213,110,0
577,2023-05-14,7,179,110,0
578,2023-05-14,8,190,110,0
579,2023-05-14,9,160,110,0
580,2023-05-14,10,160,110,0
581,2023-05-14,11,109,50,0
582,2023-05-14,12,70,50,0
583,2023-05-14,13,74,50,0
584,2023-05-14,14,73,50,0
585,2023-05-14,15,93,55,0
586,2023-05-14,16,59,55,0
587,2023-05-14,17,72,55,0
588,2023-05-14,18,83,55,0
589,2023-05-14,19,48,30,0
590,2023-05-14,20,35,30,0
591,2023-05-14,21,52,30,0
592,2023-05-14,22,41,30,0
593,2023-05-14,23,146,90,0
594,2023-05-14,24,177,90,0
595,2023-05-14,25,149,90,0
596,2023-05-14,26,161,90,0
597,2023-05-14,27,54,45,0
598,2023-05-14,28,47,45,0
599,2023-05-14,29,85,45,0
600,2023-05-14,30,95,45,0
601,2023-05-21,1,249,120,0
602,2023-05-21,2,148,120,0
603,2023-05-21,3,166,120,0
604,2023-05-21,4,107,120,109
605,2023-05-21,5,155,120,0
606,2023-05-21,6,170,110,0
607,2023-05-21,7,190,110,0
608,2023-05-21,8,177,110,0
609,2023-05-21,9,212,110,0
610,2023-05-21,10,210,110,0
611,2023-05-21,11,79,50,0
612,2023-05-21,12,92,50,0
613,2023-05-21,13,80,50,0
614,2023-05-21,14,98,50,0
615,2023-05-21,15,112,55,0
616,2023-05-21,16,92,55,0
617,2023-05-21,17,95,55,0
618,2023-05-21,18,95,55,0
619,2023-05-21,19,45,30,0
620,2023-05-21,20,60,30,0
621,2023-05-21,21,30,30,0
622,2023-05-21,22,50,30,0
623,2023-05-21,23,161,90,0
624,2023-05-21,24,142,90,0
625,2023-05-21,25,128,90,0
626,2023-05-21,26,179,90,0
627,2023-05-21,27,50,45,0
628,2023-05-21,28,83,45,0
629,2023-05-21,29,65,45,0
630,2023-05-21,30,50,45,0
631,2023-05-28,1,200,120,0
632,2023-05-28,2,139,120,0
633,2023-05-28,3,146,120,0
634,2023-05-28,4,182,120,0
635,2023-05-28,5,236,120,0
636,2023-05-28,6,213,110,0
637,2023-05-28,7,188,110,0
638,2023-05-28,8,199,110,0
639,2023-05-28,9,201,110,0
640,2023-05-28,10,132,110,0
641,2023-05-28,11,111,50,0
642,2023-05-28,12,69,50,0
643,2023-05-28,13,53,50,0
644,2023-05-28,14,49,50,41
645,2023-05-28,15,45,55,54
646,2023-05-28,16,70,55,0
647,2023-05-28,17,81,55,0
648,2023-05-28,18,78,55,0
649,2023-05-28,19,43,30,0
650,2023-05-28,20,38,30,0
651,2023-05-28,21,52,30,0
652,2023-05-28,22,54,30,0
653,2023-05-28,23,157,90,0
654,2023-05-28,24,72,90,90
655,2023-05-28,25,151,90,0
656,2023-05-28,26,133,90,0
657,2023-05-28,27,63,45,0
658,2023-05-28,28,92,45,0
659,2023-05-28,29,80,45,0
660,2023-05-28,30,47,45,0
661,2023-06-04,1,302,150,0
662,2023-06-04,2,186,150,0
663,2023-06-04,3,214,150,0
664,2023-06-04,4,231,150,0
665,2023-06-04,5,154,150,0
666,2023-06-04,6,202,137,0
667,2023-06-04,7,161,137,0
668,2023-06-04,8,203,137,0
669,2023-06-04,9,251,137,0
670,2023-06-04,10,309,137,0
671,2023-06-04,11,109,50,0
672,2023-06-04,12,62,50,0
673,2023-06-04,13,118,50,0
674,2023-06-04,14,64,50,0
675,2023-06-04,15,62,55,0
676,2023-06-04,16,84,55,0
677,2023-06-04,17,78,55,0
678,2023-06-04,18,73,55,0
679,2023-06-04,19,40,30,0
680,2023-06-04,20,58,30,0
681,2023-06-04,21,46,30,0
682,2023-06-04,22,39,30,0
683,2023-06-04,23,97,90,0
684,2023-06-04,24,112,90,0
685,2023-06-04,25,129,90,0
686,2023-06-04,26,142,90,0
687,2023-06-04,27,95,56,0
688,2023-06-04,28,89,56,0
689,2023-06-04,29,99,56,0
690,2023-06-04,30,85,56,0
691,2023-06-11,1,252,150,0
692,2023-06-11,2,188,150,0
693,2023-06-11,3,272,150,0
694,2023-06-11,4,259,150,0
695,2023-06-11,5,296,150,0
696,2023-06-11,6,277,137,0
697,2023-06-11,7,340,137,0
698,2023-06-11,8,295,137,0
699,2023-06-11,9,236,137,0
700,2023-06-11,10,287,137,0
701,2023-06-11,11,110,50,0
702,2023-06-11,12,70,50,0
703,2023-06-11,13,62,50,0
704,2023-06-11,14,52,50,0
705,2023-06-11,15,86,55,0
706,2023-06-11,16,67,55,0
707,2023-06-11,17,123,55,0
708,2023-06-11,18,47,55,52
709,2023-06-11,19,42,30,0
710,2023-06-11,20,60,30,0
711,2023-06-11,21,49,30,0
712,2023-06-11,22,56,30,0
713,2023-06-11,23,111,90,0
714,2023-06-11,24,98,90,0
715,2023-06-11,25,163,90,0
716,2023-06-11,26,159,90,0
717,2023-06-11,27,104,56,0
718,2023-06-11,28,87,56,0
719,2023-06-11,29,123,56,0
720,2023-06-11,30,93,56,0
721,2023-06-18,1,280,150,0
722,2023-06-18,2,263,150,0
723,2023-06-18,3,134,150,136
724,2023-06-18,4,265,150,0
725,2023-06-18,5,275,150,0
726,2023-06-18,6,265,137,0
727,2023-06-18,7,185,137,0
728,2023-06-18,8,266,137,0
729,2023-06-18,9,158,137,0
730,2023-06-18,10,235,137,0
731,2023-06-18,11,69,50,0
732,2023-06-18,12,58,50,0
733,2023-06-18,13,62,50,0
734,2023-06-18,14,99,50,0
735,2023-06-18,15,108,55,0
736,2023-06-18,16,76,55,0
737,2023-06-18,17,84,55,0
738,2023-06-18,18,62,55,0
739,2023-06-18,19,59,30,0
740,2023-06-18,20,58,30,0
741,2023-06-18,21,33,30,0
742,2023-06-18,22,28,30,26
743,2023-06-18,23,200,90,0
744,2023-06-18,24,168,90,0
745,2023-06-18,25,150,90,0
746,2023-06-18,26,124,90,0
747,2023-06-18,27,78,56,0
748,2023-06-18,28,89,56,0
749,2023-06-18,29,114,56,0
750,2023-06-18,30,75,56,0
751,2023-06-25,1,296,150,0
752,2023-06-25,2,199,150,0
753,2023-06-25,3,162,150,0
754,2023-06-25,4,239,150,0
755,2023-06-25,5,278,150,0
756,2023-06-25,6,262,137,0
757,2023-06-25,7,166,137,0
758,2023-06-25,8,291,137,0
759,2023-06-25,9,170,137,0
760,2023-06-25,10,237,137,0
761,2023-06-25,11,58,50,0
762,2023-06-25,12,85,50,0
763,2023-06-25,13,76,50,0
764,2023-06-25,14,75,50,0
765,2023-06-25,15,104,55,0
766,2023-06-25,16,101,55,0
767,2023-06-25,17,100,55,0
768,2023-06-25,18,47,55,52
769,2023-06-25,19,47,30,0
770,2023-06-25,20,62,30,0
771,2023-06-25,21,42,30,0
772,2023-06-25,22,64,30,0
773,2023-06-25,23,174,90,0
774,2023-06-25,24,130,90,0
775,2023-06-25,25,134,90,0
776,2023-06-25,26,79,90,83
777,2023-06-25,27,90,56,0
778,2023-06-25,28,70,56,0
779,2023-06-25,29,58,56,0
780,2023-06-25,30,119,56,0
781,2023-07-02,1,198,150,0
782,2023-07-02,2,344,150,0
783,2023-07-02,3,145,150,125
784,2023-07-02,4,150,150,0
785,2023-07-02,5,262,150,0
786,2023-07-02,6,251,137,0
787,2023-07-02,7,320,137,0
788,2023-07-02,8,187,137,0
789,2023-07-02,9,210,137,0
790,2023-07-02,10,281,137,0
791,2023-07-02,11,74,50,0
792,2023-07-02,12,86,50,0
793,2023-07-02,13,49,50,41
794,2023-07-02,14,100,50,0
795,2023-07-02,15,146,55,0
796,2023-07-02,16,72,55,0
797,2023-07-02,17,142,55,0
798,2023-07-02,18,110,55,0
799,2023-07-02,19,58,30,0
800,2023-07-02,20,50,30,0
801,2023-07-02,21,49,30,0
802,2023-07-02,22,53,30,0
803,2023-07-02,23,152,90,0
804,2023-07-02,24,70,90,92
805,2023-07-02,25,152,90,0
806,2023-07-02,26,202,90,0
807,2023-07-02,27,102,56,0
808,2023-07-02,28,60,56,0
809,2023-07-02,29,82,56,0
810,2023-07-02,30,115,56,0
811,2023-07-09,1,264,150,0
812,2023-07-09,2,307,150,0
813,2023-07-09,3,268,150,0
814,2023-07-09,4,304,150,0
815,2023-07-09,5,274,150,0
816,2023-07-09,6,232,137,0
817,2023-07-09,7,254,137,0
818,2023-07-09,8,101,137,145
819,2023-07-09,9,184,137,0
820,2023-07-09,10,261,137,0
821,2023-07-09,11,50,50,0
822,2023-07-09,12,99,50,0
823,2023-07-09,13,82,50,0
824,2023-07-09,14,62,50,0
825,2023-07-09,15,90,55,0
826,2023-07-09,16,68,55,0
827,2023-07-09,17,102,55,0
828,2023-07-09,18,114,55,0
829,2023-07-09,19,47,30,0
830,2023-07-09,20,65,30,0
831,2023-07-09,21,56,30,0
832,2023-07-09,22,55,30,0
833,2023-07-09,23,163,90,0
834,2023-07-09,24,130,90,0
835,2023-07-09,25,147,90,0
836,2023-07-09,26,150,90,0
837,2023-07-09,27,91,56,0
838,2023-07-09,28,81,56,0
839,2023-07-09,29,83,56,0
840,2023-07-09,30,56,56,0
841,2023-07-16,1,176,150,0
842,2023-07-16,2,216,150,0
843,2023-07-16,3,170,150,0
844,2023-07-16,4,260,150,0
845,2023-07-16,5,314,150,0
846,2023-07-16,6,195,137,0
847,2023-07-16,7,275,137,0
848,2023-07-16,8,283,137,0
849,2023-07-16,9,153,137,0
850,2023-07-16,10,219,137,0
851,2023-07-16,11,55,50,0
852,2023-07-16,12,35,50,55
853,2023-07-16,13,87,50,0
854,2023-07-16,14,57,50,0
855,2023-07-16,15,48,55,51
856,2023-07-16,16,91,55,0
857,2023-07-16,17,79,55,0
858,2023-07-16,18,81,55,0
859,2023-07-16,19,51,30,0
860,2023-07-16,20,60,30,0
861,2023-07-16,21,47,30,0
862,2023-07-16,22,53,30,0
863,2023-07-16,23,139,90,0
864,2023-07-16,24,129,90,0
865,2023-07-16,25,161,90,0
866,2023-07-16,26,114,90,0
867,2023-07-16,27,84,56,0
868,2023-07-16,28,53,56,47
869,2023-07-16,29,55,56,45
870,2023-07-16,30,94,56,0
871,2023-07-23,1,294,150,0
872,2023-07-23,2,231,150,0
873,2023-07-23,3,246,150,0
874,2023-07-23,4,309,150,0
875,2023-07-23,5,256,150,0
876,2023-07-23,6,250,137,0
877,2023-07-23,7,206,137,0
878,2023-07-23,8,208,137,0
879,2023-07-23,9,131,137,115
880,2023-07-23,10,311,137,0
881,2023-07-23,11,93,50,0
882,2023-07-23,12,50,50,0
883,2023-07-23,13,79,50,0
884,2023-07-23,14,109,50,0
885,2023-07-23,15,80,55,0
886,2023-07-23,16,114,55,0
887,2023-07-23,17,147,55,0
888,2023-07-23,18,86,55,0
889,2023-07-23,19,36,30,0
890,2023-07-23,20,33,30,0
891,2023-07-23,21,58,30,0
892,2023-07-23,22,48,30,0
893,2023-07-23,23,113,90,0
894,2023-07-23,24,147,90,0
895,2023-07-23,25,147,90,0
896,2023-07-23,26,199,90,0
897,2023-07-23,27,121,56,0
898,2023-07-23,28,72,56,0
899,2023-07-23,29,98,56,0
900,2023-07-23,30,78,56,0
901,2023-07-30,1,195,150,0
902,2023-07-30,2,270,150,0
903,2023-07-30,3,220,150,0
904,2023-07-30,4,261,150,0
905,2023-07-30,5,183,150,0
906,2023-07-30,6,288,137,0
907,2023-07-30,7,209,137,0
908,2023-07-30,8,140,137,0
909,2023-07-30,9,257,137,0
910,2023-07-30,10,290,137,0
911,2023-07-30,11,81,50,0
912,2023-07-30,12,90,50,0
913,2023-07-30,13,69,50,0
914,2023-07-30,14,49,50,41
915,2023-07-30,15,96,55,0
916,2023-07-30,16,88,55,0
917,2023-07-30,17,103,55,0
918,2023-07-30,18,74,55,0
919,2023-07-30,19,44,30,0
920,2023-07-30,20,47,30,0
921,2023-07-30,21,52,30,0
922,2023-07-30,22,36,30,0
923,2023-07-30,23,161,90,0
924,2023-07-30,24,130,90,0
925,2023-07-30,25,104,90,0
926,2023-07-30,26,124,90,0
927,2023-07-30,27,78,56,0
928,2023-07-30,28,98,56,0
929,2023-07-30,29,91,56,0
930,2023-07-30,30,116,56,0
931,2023-08-06,1,207,150,0
932,2023-08-06,2,261,150,0
933,2023-08-06,3,208,150,0
934,2023-08-06,4,209,150,0
935,2023-08-06,5,218,150,0
936,2023-08-06,6,189,137,0
937,2023-08-06,7,242,137,0
938,2023-08-06,8,251,137,0
939,2023-08-06,9,171,137,0
940,2023-08-06,10,150,137,0
941,2023-08-06,11,93,50,0
942,2023-08-06,12,89,50,0
943,2023-08-06,13,107,50,0
944,2023-08-06,14,71,50,0
945,2023-08-06,15,90,55,0
946,2023-08-06,16,88,55,0
947,2023-08-06,17,109,55,0
948,2023-08-06,18,104,55,0
949,2023-08-06,19,46,30,0
950,2023-08-06,20,49,30,0
951,2023-08-06,21,46,30,0
952,2023-08-06,22,23,30,31
953,2023-08-06,23,131,90,0
954,2023-08-06,24,112,90,0
955,2023-08-06,25,109,90,0
956,2023-08-06,26,169,90,0
957,2023-08-06,27,67,56,0
958,2023-08-06,28,88,56,0
959,2023-08-06,29,83,56,0
960,2023-08-06,30,72,56,0
961,2023-08-13,1,250,150,0
962,2023-08-13,2,332,150,0
963,2023-08-13,3,172,150,0
964,2023-08-13,4,329,150,0
965,2023-08-13,5,214,150,0
966,2023-08-13,6,343,137,0
967,2023-08-13,7,203,137,0
968,2023-08-13,8,215,137,0
969,2023-08-13,9,97,137,149
970,2023-08-13,10,287,137,0
971,2023-08-13,11,72,50,0
972,2023-08-13,12,67,50,0
973,2023-08-13,13,97,50,0
974,2023-08-13,14,120,50,0
975,2023-08-13,15,105,55,0
976,2023-08-13,16,62,55,0
977,2023-08-13,17,78,55,0
978,2023-08-13,18,50,55,49
979,2023-08-13,19,55,30,0
980,2023-08-13,20,45,30,0
981,2023-08-13,21,46,30,0
982,2023-08-13,22,54,30,0
983,2023-08-13,23,170,90,0
984,2023-08-13,24,116,90,0
985,2023-08-13,25,137,90,0
986,2023-08-13,26,81,90,81
987,2023-08-13,27,95,56,0
988,2023-08-13,28,90,56,0
989,2023-08-13,29,63,56,0
990,2023-08-13,30,55,56,45
991,2023-08-20,1,250,150,0
992,2023-08-20,2,212,150,0
993,2023-08-20,3,263,150,0
994,2023-08-20,4,176,150,0
995,2023-08-20,5,277,150,0
996,2023-08-20,6,223,137,0
997,2023-08-20,7,189,137,0
998,2023-08-20,8,218,137,0
999,2023-08-20,9,192,137,0
1000,2023-08-20,10,165,137,0
1001,2023-08-20,11,58,50,0
1002,2023-08-20,12,116,50,0
1003,2023-08-20,13,115,50,0
1004,2023-08-20,14,67,50,0
1005,2023-08-20,15,84,55,0
1006,2023-08-20,16,122,55,0
1007,2023-08-20,17,90,55,0
1008,2023-08-20,18,115,55,0
1009,2023-08-20,19,70,30,0
1010,2023-08-20,20,50,30,0
1011,2023-08-20,21,52,30,0
1012,2023-08-20,22,61,30,0
1013,2023-08-20,23,137,90,0
1014,2023-08-20,24,192,90,0
1015,2023-08-20,25,148,90,0
1016,2023-08-20,26,220,90,0
1017,2023-08-20,27,90,56,0
1018,2023-08-20,28,106,56,0
1019,2023-08-20,29,86,56,0
1020,2023-08-20,30,64,56,0
1021,2023-08-27,1,302,150,0
1022,2023-08-27,2,309,150,0
1023,2023-08-27,3,135,150,135
1024,2023-08-27,4,175,150,0
1025,2023-08-27,5,261,150,0
1026,2023-08-27,6,208,137,0
1027,2023-08-27,7,260,137,0
1028,2023-08-27,8,119,137,127
1029,2023-08-27,9,316,137,0
1030,2023-08-27,10,193,137,0
1031,2023-08-27,11,80,50,0
1032,2023-08-27,12,85,50,0
1033,2023-08-27,13,109,50,0
1034,2023-08-27,14,54,50,0
1035,2023-08-27,15,90,55,0
1036,2023-08-27,16,63,55,0
1037,2023-08-27,17,107,55,0
1038,2023-08-27,18,81,55,0
1039,2023-08-27,19,52,30,0
1040,2023-08-27,20,43,30,0
1041,2023-08-27,21,70,30,0
1042,2023-08-27,22,40,30,0
1043,2023-08-27,23,162,90,0
1044,2023-08-27,24,74,90,88
1045,2023-08-27,25,162,90,0
1046,2023-08-27,26,95,90,0
1047,2023-08-27,27,125,56,0
1048,2023-08-27,28,76,56,0
1049,2023-08-27,29,70,56,0
1050,2023-08-27,30,95,56,0
1051,2023-09-03,1,135,120,0
1052,2023-09-03,2,156,120,0
1053,2023-09-03,3,202,120,0
1054,2023-09-03,4,168,120,0
1055,2023-09-03,5,231,120,0
1056,2023-09-03,6,224,110,0
1057,2023-09-03,7,200,110,0
1058,2023-09-03,8,125,110,0
1059,2023-09-03,9,146,110,0
1060,2023-09-03,10,134,110,0
1061,2023-09-03,11,75,50,0
1062,2023-09-03,12,87,50,0
1063,2023-09-03,13,87,50,0
1064,2023-09-03,14,112,50,0
1065,2023-09-03,15,123,55,0
1066,2023-09-03,16,98,55,0
1067,2023-09-03,17,100,55,0
1068,2023-09-03,18,64,55,0
1069,2023-09-03,19,58,30,0
1070,2023-09-03,20,53,30,0
1071,2023-09-03,21,52,30,0
1072,2023-09-03,22,50,30,0
1073,2023-09-03,23,193,90,0
1074,2023-09-03,24,204,90,0
1075,2023-09-03,25,148,90,0
1076,2023-09-03,26,162,90,0
1077,2023-09-03,27,62,45,0
1078,2023-09-03,28,76,45,0
1079,2023-09-03,29,82,45,0
1080,2023-09-03,30,45,45,0
1081,2023-09-10,1,151,120,0
1082,2023-09-10,2,218,120,0
1083,2023-09-10,3,202,120,0
1084,2023-09-10,4,200,120,0
1085,2023-09-10,5,197,120,0
1086,2023-09-10,6,221,110,0
1087,2023-09-10,7,212,110,0
1088,2023-09-10,8,158,110,0
1089,2023-09-10,9,226,110,0
1090,2023-09-10,10,176,110,0
1091,2023-09-10,11,51,50,0
1092,2023-09-10,12,88,50,0
1093,2023-09-10,13,55,50,0
1094,2023-09-10,14,91,50,0
1095,2023-09-10,15,75,55,0
1096,2023-09-10,16,44,55,55
1097,2023-09-10,17,92,55,0
1098,2023-09-10,18,118,55,0
1099,2023-09-10,19,42,30,0
1100,2023-09-10,20,52,30,0
1101,2023-09-10,21,50,30,0
1102,2023-09-10,22,25,30,29
1103,2023-09-10,23,151,90,0
1104,2023-09-10,24,162,90,0
1105,2023-09-10,25,130,90,0
1106,2023-09-10,26,132,90,0
1107,2023-09-10,27,66,45,0
1108,2023-09-10,28,81,45,0
1109,2023-09-10,29,50,45,0
1110,2023-09-10,30,46,45,0
1111,2023-09-17,1,221,120,0
1112,2023-09-17,2,154,120,0
1113,2023-09-17,3,231,120,0
1114,2023-09-17,4,199,120,0
1115,2023-09-17,5,164,120,0
1116,2023-09-17,6,131,110,0
1117,2023-09-17,7,47,110,151
1118,2023-09-17,8,151,110,0
1119,2023-09-17,9,178,110,0
1120,2023-09-17,10,186,110,0
1121,2023-09-17,11,51,50,0
1122,2023-09-17,12,68,50,0
1123,2023-09-17,13,103,50,0
1124,2023-09-17,14,119,50,0
1125,2023-09-17,15,101,55,0
1126,2023-09-17,16,88,55,0
1127,2023-09-17,17,57,55,0
1128,2023-09-17,18,88,55,0
1129,2023-09-17,19,42,30,0
1130,2023-09-17,20,64,30,0
1131,2023-09-17,21,43,30,0
1132,2023-09-17,22,57,30,0
1133,2023-09-17,23,134,90,0
1134,2023-09-17,24,182,90,0
1135,2023-09-17,25,141,90,0
1136,2023-09-17,26,158,90,0
1137,2023-09-17,27,71,45,0
1138,2023-09-17,28,82,45,0
1139,2023-09-17,29,56,45,0
1140,2023-09-17,30,88,45,0
1141,2023-09-24,1,110,120,106
1142,2023-09-24,2,214,120,0
1143,2023-09-24,3,145,120,0
1144,2023-09-24,4,222,120,0
1145,2023-09-24,5,247,120,0
1146,2023-09-24,6,121,110,0
1147,2023-09-24,7,134,110,0
1148,2023-09-24,8,138,110,0
1149,2023-09-24,9,232,110,0
1150,2023-09-24,10,120,110,0
1151,2023-09-24,11,67,50,0
1152,2023-09-24,12,46,50,44
1153,2023-09-24,13,88,50,0
1154,2023-09-24,14,87,50,0
1155,2023-09-24,15,45,55,54
1156,2023-09-24,16,115,55,0
1157,2023-09-24,17,98,55,0
1158,2023-09-24,18,67,55,0
1159,2023-09-24,19,30,30,0
1160,2023-09-24,20,67,30,0
1161,2023-09-24,21,53,30,0
1162,2023-09-24,22,49,30,0
1163,2023-09-24,23,182,90,0
1164,2023-09-24,24,152,90,0
1165,2023-09-24,25,114,90,0
1166,2023-09-24,26,72,90,90
1167,2023-09-24,27,97,45,0
1168,2023-09-24,28,91,45,0
1169,2023-09-24,29,69,45,0
1170,2023-09-24,30,74,45,0
1171,2023-10-01,1,233,120,0
1172,2023-10-01,2,174,120,0
1173,2023-10-01,3,162,120,0
1174,2023-10-01,4,171,120,0
1175,2023-10-01,5,200,120,0
1176,2023-10-01,6,219,110,0
1177,2023-10-01,7,132,110,0
1178,2023-10-01,8,160,110,0
1179,2023-10-01,9,85,110,113
1180,2023-10-01,10,258,110,0
1181,2023-10-01,11,78,50,0
1182,2023-10-01,12,104,50,0
1183,2023-10-01,13,58,50,0
1184,2023-10-01,14,103,50,0
1185,2023-10-01,15,110,55,0
1186,2023-10-01,16,64,55,0
1187,2023-10-01,17,85,55,0
1188,2023-10-01,18,65,55,0
1189,2023-10-01,19,51,30,0
1190,2023-10-01,20,65,30,0
1191,2023-10-01,21,53,30,0
1192,2023-10-01,22,49,30,0
1193,2023-10-01,23,186,90,0
1194,2023-10-01,24,138,90,0
1195,2023-10-01,25,181,90,0
1196,2023-10-01,26,95,90,0
1197,2023-10-01,27,81,45,0
1198,2023-10-01,28,80,45,0
1199,2023-10-01,29,60,45,0
1200,2023-10-01,30,59,45,0
1201,2023-10-08,1,134,120,0
1202,2023-10-08,2,163,120,0
1203,2023-10-08,3,249,120,0
1204,2023-10-08,4,199,120,0
1205,2023-10-08,5,179,120,0
1206,2023-10-08,6,133,110,0
1207,2023-10-08,7,212,110,0
1208,2023-10-08,8,216,110,0
1209,2023-10-08,9,204,110,0
1210,2023-10-08,10,130,110,0
1211,2023-10-08,11,81,50,0
1212,2023-10-08,12,86,50,0
1213,2023-10-08,13,83,50,0
1214,2023-10-08,14,44,50,46
1215,2023-10-08,15,95,55,0
1216,2023-10-08,16,48,55,51
1217,2023-10-08,17,122,55,0
1218,2023-10-08,18,65,55,0
1219,2023-10-08,19,63,30,0
1220,2023-10-08,20,46,30,0
1221,2023-10-08,21,47,30,0
1222,2023-10-08,22,49,30,0
1223,2023-10-08,23,140,90,0
1224,2023-10-08,24,74,90,88
1225,2023-10-08,25,133,90,0
1226,2023-10-08,26,128,90,0
1227,2023-10-08,27,44,45,37
1228,2023-10-08,28,59,45,0
1229,2023-10-08,29,71,45,0
1230,2023-10-08,30,53,45,0
1231,2023-10-15,1,186,120,0
1232,2023-10-15,2,186,120,0
1233,2023-10-15,3,180,120,0
1234,2023-10-15,4,161,120,0
1235,2023-10-15,5,184,120,0
1236,2023-10-15,6,169,110,0
1237,2023-10-15,7,120,110,0
1238,2023-10-15,8,180,110,0
1239,2023-10-15,9,221,110,0
1240,2023-10-15,10,142,110,0
1241,2023-10-15,11,89,50,0
1242,2023-10-15,12,62,50,0
1243,2023-10-15,13,78,50,0
1244,2023-10-15,14,66,50,0
1245,2023-10-15,15,61,55,0
1246,2023-10-15,16,81,55,0
1247,2023-10-15,17,90,55,0
1248,2023-10-15,18,89,55,0
1249,2023-10-15,19,38,30,0
1250,2023-10-15,20,39,30,0
1251,2023-10-15,21,54,30,0
1252,2023-10-15,22,37,30,0
1253,2023-10-15,23,149,90,0
1254,2023-10-15,24,103,90,0
1255,2023-10-15,25,122,90,0
1256,2023-10-15,26,69,90,93
1257,2023-10-15,27,74,45,0
1258,2023-10-15,28,66,45,0
1259,2023-10-15,29,61,45,0
1260,2023-10-15,30,89,45,0
1261,2023-10-22,1,153,120,0
1262,2023-10-22,2,223,120,0
1263,2023-10-22,3,200,120,0
1264,2023-10-22,4,251,120,0
1265,2023-10-22,5,256,120,0
1266,2023-10-22,6,148,110,0
1267,2023-10-22,7,201,110,0
1268,2023-10-22,8,264,110,0
1269,2023-10-22,9,194,110,0
1270,2023-10-22,10,160,110,0
1271,2023-10-22,11,51,50,0
1272,2023-10-22,12,43,50,47
1273,2023-10-22,13,51,50,0
1274,2023-10-22,14,121,50,0
1275,2023-10-22,15,87,55,0
1276,2023-10-22,16,91,55,0
1277,2023-10-22,17,75,55,0
1278,2023-10-22,18,97,55,0
1279,2023-10-22,19,46,30,0
1280,2023-10-22,20,35,30,0
1281,2023-10-22,21,28,30,26
1282,2023-10-22,22,24,30,30
1283,2023-10-22,23,125,90,0
1284,2023-10-22,24,128,90,0
1285,2023-10-22,25,160,90,0
1286,2023-10-22,26,187,90,0
1287,2023-10-22,27,55,45,0
1288,2023-10-22,28,62,45,0
1289,2023-10-22,29,100,45,0
1290,2023-10-22,30,93,45,0
1291,2023-10-29,1,112,120,104
1292,2023-10-29,2,258,120,0
1293,2023-10-29,3,155,120,0
1294,2023-10-29,4,173,120,0
1295,2023-10-29,5,215,120,0
1296,2023-10-29,6,151,110,0
1297,2023-10-29,7,146,110,0
1298,2023-10-29,8,148,110,0
1299,2023-10-29,9,218,110,0
1300,2023-10-29,10,145,110,0
1301,2023-10-29,11,72,50,0
1302,2023-10-29,12,78,50,0
1303,2023-10-29,13,48,50,42
1304,2023-10-29,14,81,50,0
1305,2023-10-29,15,107,55,0
1306,2023-10-29,16,85,55,0
1307,2023-10-29,17,76,55,0
1308,2023-10-29,18,67,55,0
1309,2023-10-29,19,42,30,0
1310,2023-10-29,20,44,30,0
1311,2023-10-29,21,33,30,0
1312,2023-10-29,22,35,30,0
1313,2023-10-29,23,117,90,0
1314,2023-10-29,24,99,90,0
1315,2023-10-29,25,145,90,0
1316,2023-10-29,26,159,90,0
1317,2023-10-29,27,62,45,0
1318,2023-10-29,28,64,45,0
1319,2023-10-29,29,83,45,0
1320,2023-10-29,30,68,45,0
1321,2023-11-05,1,223,120,0
1322,2023-11-05,2,124,120,0
1323,2023-11-05,3,192,120,0
1324,2023-11-05,4,228,120,0
1325,2023-11-05,5,300,120,0
1326,2023-11-05,6,228,110,0
1327,2023-11-05,7,152,110,0
1328,2023-11-05,8,113,110,0
1329,2023-11-05,9,163,110,0
1330,2023-11-05,10,218,110,0
1331,2023-11-05,11,63,50,0
1332,2023-11-05,12,76,50,0
1333,2023-11-05,13,65,50,0
1334,2023-11-05,14,78,50,0
1335,2023-11-05,15,92,55,0
1336,2023-11-05,16,103,55,0
1337,2023-11-05,17,69,55,0
1338,2023-11-05,18,103,55,0
1339,2023-11-05,19,49,30,0
1340,2023-11-05,20,36,30,0
1341,2023-11-05,21,50,30,0
1342,2023-11-05,22,48,30,0
1343,2023-11-05,23,169,90,0
1344,2023-11-05,24,119,90,0
1345,2023-11-05,25,119,90,0
1346,2023-11-05,26,101,90,0
1347,2023-11-05,27,40,45,41
1348,2023-11-05,28,67,45,0
1349,2023-11-05,29,68,45,0
1350,2023-11-05,30,44,45,37
1351,2023-11-12,1,215,120,0
1352,2023-11-12,2,218,120,0
1353,2023-11-12,3,113,120,103
1354,2023-11-12,4,168,120,0
1355,2023-11-12,5,213,120,0
1356,2023-11-12,6,188,110,0
1357,2023-11-12,7,143,110,0
1358,2023-11-12,8,223,110,0
1359,2023-11-12,9,108,110,90
1360,2023-11-12,10,152,110,0
1361,2023-11-12,11,97,50,0
1362,2023-11-12,12,81,50,0
1363,2023-11-12,13,71,50,0
1364,2023-11-12,14,114,50,0
1365,2023-11-12,15,78,55,0
1366,2023-11-12,16,55,55,0
1367,2023-11-12,17,63,55,0
1368,2023-11-12,18,117,55,0
1369,2023-11-12,19,31,30,0
1370,2023-11-12,20,60,30,0
1371,2023-11-12,21,43,30,0
1372,2023-11-12,22,68,30,0
1373,2023-11-12,23,162,90,0
1374,2023-11-12,24,145,90,0
1375,2023-11-12,25,86,90,76
1376,2023-11-12,26,124,90,0
1377,2023-11-12,27,87,45,0
1378,2023-11-12,28,102,45,0
1379,2023-11-12,29,46,45,0
1380,2023-11-12,30,58,45,0
1381,2023-11-19,1,139,120,0
1382,2023-11-19,2,195,120,0
1383,2023-11-19,3,221,120,0
1384,2023-11-19,4,172,120,0
1385,2023-11-19,5,183,120,0
1386,2023-11-19,6,206,110,0
1387,2023-11-19,7,193,110,0
1388,2023-11-19,8,123,110,0
1389,2023-11-19,9,132,110,0
1390,2023-11-19,10,207,110,0
1391,2023-11-19,11,82,50,0
1392,2023-11-19,12,90,50,0
1393,2023-11-19,13,48,50,42
1394,2023-11-19,14,96,50,0
1395,2023-11-19,15,76,55,0
1396,2023-11-19,16,97,55,0
1397,2023-11-19,17,86,55,0
1398,2023-11-19,18,106,55,0
1399,2023-11-19,19,52,30,0
1400,2023-11-19,20,43,30,0
1401,2023-11-19,21,40,30,0
1402,2023-11-19,22,48,30,0
1403,2023-11-19,23,127,90,0
1404,2023-11-19,24,198,90,0
1405,2023-11-19,25,108,90,0
1406,2023-11-19,26,146,90,0
1407,2023-11-19,27,58,45,0
1408,2023-11-19,28,93,45,0
1409,2023-11-19,29,85,45,0
1410,2023-11-19,30,43,45,38
1411,2023-11-26,1,197,120,0
1412,2023-11-26,2,197,120,0
1413,2023-11-26,3,173,120,0
1414,2023-11-26,4,197,120,0
1415,2023-11-26,5,215,120,0
1416,2023-11-26,6,190,110,0
1417,2023-11-26,7,107,110,91
1418,2023-11-26,8,90,110,108
1419,2023-11-26,9,44,110,154
1420,2023-11-26,10,161,110,0
1421,2023-11-26,11,65,50,0
1422,2023-11-26,12,80,50,0
1423,2023-11-26,13,67,50,0
1424,2023-11-26,14,73,50,0
1425,2023-11-26,15,85,55,0
1426,2023-11-26,16,44,55,55
1427,2023-11-26,17,102,55,0
1428,2023-11-26,18,83,55,0
1429,2023-11-26,19,33,30,0
1430,2023-11-26,20,44,30,0
1431,2023-11-26,21,34,30,0
1432,2023-11-26,22,52,30,0
1433,2023-11-26,23,156,90,0
1434,2023-11-26,24,139,90,0
1435,2023-11-26,25,138,90,0
1436,2023-11-26,26,177,90,0
1437,2023-11-26,27,84,45,0
1438,2023-11-26,28,44,45,37
1439,2023-11-26,29,60,45,0
1440,2023-11-26,30,81,45,0
1441,2023-12-03,1,233,120,0
1442,2023-12-03,2,283,120,0
1443,2023-12-03,3,220,120,0
1444,2023-12-03,4,112,120,104
1445,2023-12-03,5,177,120,0
1446,2023-12-03,6,206,110,0
1447,2023-12-03,7,105,110,93
1448,2023-12-03,8,187,110,0
1449,2023-12-03,9,149,110,0
1450,2023-12-03,10,194,110,0
1451,2023-12-03,11,112,60,0
1452,2023-12-03,12,72,60,0
1453,2023-12-03,13,131,60,0
1454,2023-12-03,14,54,60,54
1455,2023-12-03,15,98,55,0
1456,2023-12-03,16,111,55,0
1457,2023-12-03,17,92,55,0
1458,2023-12-03,18,72,55,0
1459,2023-12-03,19,45,30,0
1460,2023-12-03,20,34,30,0
1461,2023-12-03,21,40,30,0
1462,2023-12-03,22,45,30,0
1463,2023-12-03,23,177,108,0
1464,2023-12-03,24,165,108,0
1465,2023-12-03,25,187,108,0
1466,2023-12-03,26,175,108,0
1467,2023-12-03,27,65,45,0
1468,2023-12-03,28,85,45,0
1469,2023-12-03,29,69,45,0
1470,2023-12-03,30,52,45,0
1471,2023-12-10,1,195,120,0
1472,2023-12-10,2,114,120,102
1473,2023-12-10,3,135,120,0
1474,2023-12-10,4,234,120,0
1475,2023-12-10,5,283,120,0
1476,2023-12-10,6,205,110,0
1477,2023-12-10,7,202,110,0
1478,2023-12-10,8,183,110,0
1479,2023-12-10,9,124,110,0
1480,2023-12-10,10,221,110,0
1481,2023-12-10,11,95,60,0
1482,2023-12-10,12,76,60,0
1483,2023-12-10,13,128,60,0
1484,2023-12-10,14,139,60,0
1485,2023-12-10,15,47,55,52
1486,2023-12-10,16,104,55,0
1487,2023-12-10,17,90,55,0
1488,2023-12-10,18,97,55,0
1489,2023-12-10,19,64,30,0
1490,2023-12-10,20,52,30,0
1491,2023-12-10,21,47,30,0
1492,2023-12-10,22,37,30,0
1493,2023-12-10,23,172,108,0
1494,2023-12-10,24,190,108,0
1495,2023-12-10,25,94,108,100
1496,2023-12-10,26,147,108,0
1497,2023-12-10,27,72,45,0
1498,2023-12-10,28,64,45,0
1499,2023-12-10,29,97,45,0
1500,2023-12-10,30,48,45,0
1501,2023-12-17,1,107,120,109
1502,2023-12-17,2,276,120,0
1503,2023-12-17,3,186,120,0
1504,2023-12-17,4,153,120,0
1505,2023-12-17,5,237,120,0
1506,2023-12-17,6,161,110,0
1507,2023-12-17,7,171,110,0
1508,2023-12-17,8,176,110,0
1509,2023-12-17,9,217,110,0
1510,2023-12-17,10,180,110,0
1511,2023-12-17,11,118,60,0
1512,2023-12-17,12,112,60,0
1513,2023-12-17,13,72,60,0
1514,2023-12-17,14,101,60,0
1515,2023-12-17,15,72,55,0
1516,2023-12-17,16,102,55,0
1517,2023-12-17,17,83,55,0
1518,2023-12-17,18,86,55,0
1519,2023-12-17,19,31,30,0
1520,2023-12-17,20,43,30,0
1521,2023-12-17,21,30,30,0
1522,2023-12-17,22,36,30,0
1523,2023-12-17,23,156,108,0
1524,2023-12-17,24,202,108,0
1525,2023-12-17,25,107,108,87
1526,2023-12-17,26,112,108,0
1527,2023-12-17,27,85,45,0
1528,2023-12-17,28,75,45,0
1529,2023-12-17,29,86,45,0
1530,2023-12-17,30,79,45,0
1531,2023-12-24,1,209,120,0
1532,2023-12-24,2,175,120,0
1533,2023-12-24,3,147,120,0
1534,2023-12-24,4,235,120,0
1535,2023-12-24,5,204,120,0
1536,2023-12-24,6,203,110,0
1537,2023-12-24,7,247,110,0
1538,2023-12-24,8,164,110,0
1539,2023-12-24,9,195,110,0
1540,2023-12-24,10,190,110,0
1541,2023-12-24,11,109,60,0
1542,2023-12-24,12,113,60,0
1543,2023-12-24,13,67,60,0
1544,2023-12-24,14,95,60,0
1545,2023-12-24,15,75,55,0
1546,2023-12-24,16,73,55,0
1547,2023-12-24,17,106,55,0
1548,2023-12-24,18,103,55,0
1549,2023-12-24,19,40,30,0
1550,2023-12-24,20,46,30,0
1551,2023-12-24,21,62,30,0
1552,2023-12-24,22,47,30,0
1553,2023-12-24,23,185,108,0
1554,2023-12-24,24,204,108,0
1555,2023-12-24,25,198,108,0
1556,2023-12-24,26,142,108,0
1557,2023-12-24,27,110,45,0
1558,2023-12-24,28,85,45,0
1559,2023-12-24,29,80,45,0
1560,2023-12-24,30,88,45,0
1561,2023-12-31,1,208,120,0
1562,2023-12-31,2,189,120,0
1563,2023-12-31,3,160,120,0
1564,2023-12-31,4,141,120,0
1565,2023-12-31,5,143,120,0
1566,2023-12-31,6,203,110,0
1567,2023-12-31,7,234,110,0
1568,2023-12-31,8,139,110,0
1569,2023-12-31,9,158,110,0
1570,2023-12-31,10,169,110,0
1571,2023-12-31,11,127,60,0
1572,2023-12-31,12,103,60,0
1573,2023-12-31,13,110,60,0
1574,2023-12-31,14,125,60,0
1575,2023-12-31,15,74,55,0
1576,2023-12-31,16,99,55,0
1577,2023-12-31,17,95,55,0
1578,2023-12-31,18,93,55,0
1579,2023-12-31,19,43,30,0
1580,2023-12-31,20,58,30,0
1581,2023-12-31,21,48,30,0
1582,2023-12-31,22,52,30,0
1583,2023-12-31,23,220,108,0
1584,2023-12-31,24,103,108,91
1585,2023-12-31,25,138,108,0
1586,2023-12-31,26,151,108,0
1587,2023-12-31,27,66,45,0
1588,2023-12-31,28,66,45,0
1589,2023-12-31,29,78,45,0
1590,2023-12-31,30,67,45,0
1591,2024-01-07,1,193,120,0
1592,2024-01-07,2,264,120,0
1593,2024-01-07,3,186,120,0
1594,2024-01-07,4,147,120,0
1595,2024-01-07,5,220,120,0
1596,2024-01-07,6,184,110,0
1597,2024-01-07,7,291,110,0
1598,2024-01-07,8,156,110,0
1599,2024-01-07,9,199,110,0
1600,2024-01-07,10,179,110,0
1601,2024-01-07,11,114,60,0
1602,2024-01-07,12,87,60,0
1603,2024-01-07,13,129,60,0
1604,2024-01-07,14,86,60,0
1605,2024-01-07,15,142,55,0
1606,2024-01-07,16,71,55,0
1607,2024-01-07,17,71,55,0
1608,2024-01-07,18,54,55,45
1609,2024-01-07,19,73,30,0
1610,2024-01-07,20,54,30,0
1611,2024-01-07,21,59,30,0
1612,2024-01-07,22,43,30,0
1613,2024-01-07,23,158,108,0
1614,2024-01-07,24,238,108,0
1615,2024-01-07,25,198,108,0
1616,2024-01-07,26,266,108,0
1617,2024-01-07,27,111,45,0
1618,2024-01-07,28,77,45,0
1619,2024-01-07,29,90,45,0
1620,2024-01-07,30,42,45,39
1621,2024-01-14,1,210,120,0
1622,2024-01-14,2,171,120,0
1623,2024-01-14,3,197,120,0
1624,2024-01-14,4,192,120,0
1625,2024-01-14,5,191,120,0
1626,2024-01-14,6,240,110,0
1627,2024-01-14,7,183,110,0
1628,2024-01-14,8,135,110,0
1629,2024-01-14,9,183,110,0
1630,2024-01-14,10,164,110,0
1631,2024-01-14,11,119,60,0
1632,2024-01-14,12,85,60,0
1633,2024-01-14,13,111,60,0
1634,2024-01-14,14,103,60,0
1635,2024-01-14,15,97,55,0
1636,2024-01-14,16,66,55,0
1637,2024-01-14,17,80,55,0
1638,2024-01-14,18,97,55,0
1639,2024-01-14,19,40,30,0
1640,2024-01-14,20,57,30,0
1641,2024-01-14,21,48,30,0
1642,2024-01-14,22,62,30,0
1643,2024-01-14,23,129,108,0
1644,2024-01-14,24,228,108,0
1645,2024-01-14,25,169,108,0
1646,2024-01-14,26,175,108,0
1647,2024-01-14,27,71,45,0
1648,2024-01-14,28,82,45,0
1649,2024-01-14,29,42,45,39
1650,2024-01-14,30,68,45,0
1651,2024-01-21,1,125,120,0
1652,2024-01-21,2,184,120,0
1653,2024-01-21,3,191,120,0
1654,2024-01-21,4,225,120,0
1655,2024-01-21,5,248,120,0
1656,2024-01-21,6,165,110,0
1657,2024-01-21,7,108,110,90
1658,2024-01-21,8,174,110,0
1659,2024-01-21,9,107,110,91
1660,2024-01-21,10,101,110,97
1661,2024-01-21,11,82,60,0
1662,2024-01-21,12,60,60,0
1663,2024-01-21,13,72,60,0
1664,2024-01-21,14,106,60,0
1665,2024-01-21,15,74,55,0
1666,2024-01-21,16,104,55,0
1667,2024-01-21,17,103,55,0
1668,2024-01-21,18,91,55,0
1669,2024-01-21,19,43,30,0
1670,2024-01-21,20,51,30,0
1671,2024-01-21,21,66,30,0
1672,2024-01-21,22,52,30,0
1673,2024-01-21,23,169,108,0
1674,2024-01-21,24,170,108,0
1675,2024-01-21,25,176,108,0
1676,2024-01-21,26,176,108,0
1677,2024-01-21,27,77,45,0
1678,2024-01-21,28,47,45,0
1679,2024-01-21,29,91,45,0
1680,2024-01-21,30,71,45,0
1681,2024-01-28,1,240,120,0
1682,2024-01-28,2,92,120,124
1683,2024-01-28,3,114,120,102
1684,2024-01-28,4,240,120,0
1685,2024-01-28,5,191,120,0
1686,2024-01-28,6,155,110,0
1687,2024-01-28,7,153,110,0
1688,2024-01-28,8,175,110,0
1689,2024-01-28,9,264,110,0
1690,2024-01-28,10,66,110,132
1691,2024-01-28,11,72,60,0
1692,2024-01-28,12,73,60,0
1693,2024-01-28,13,122,60,0
1694,2024-01-28,14,124,60,0
1695,2024-01-28,15,84,55,0
1696,2024-01-28,16,103,55,0
1697,2024-01-28,17,77,55,0
1698,2024-01-28,18,112,55,0
1699,2024-01-28,19,52,30,0
1700,2024-01-28,20,45,30,0
1701,2024-01-28,21,22,30,32
1702,2024-01-28,22,44,30,0
1703,2024-01-28,23,158,108,0
1704,2024-01-28,24,171,108,0
1705,2024-01-28,25,176,108,0
1706,2024-01-28,26,157,108,0
1707,2024-01-28,27,64,45,0
1708,2024-01-28,28,86,45,0
1709,2024-01-28,29,46,45,0
1710,2024-01-28,30,57,45,0
1711,2024-02-04,1,173,120,0
1712,2024-02-04,2,153,120,0
1713,2024-02-04,3,210,120,0
1714,2024-02-04,4,153,120,0
1715,2024-02-04,5,171,120,0
1716,2024-02-04,6,207,110,0
1717,2024-02-04,7,206,110,0
1718,2024-02-04,8,169,110,0
1719,2024-02-04,9,172,110,0
1720,2024-02-04,10,149,110,0
1721,2024-02-04,11,115,60,0
1722,2024-02-04,12,96,60,0
1723,2024-02-04,13,109,60,0
1724,2024-02-04,14,98,60,0
1725,2024-02-04,15,86,55,0
1726,2024-02-04,16,49,55,50
1727,2024-02-04,17,65,55,0
1728,2024-02-04,18,81,55,0
1729,2024-02-04,19,29,30,25
1730,2024-02-04,20,39,30,0
1731,2024-02-04,21,50,30,0
1732,2024-02-04,22,32,30,0
1733,2024-02-04,23,204,108,0
1734,2024-02-04,24,240,108,0
1735,2024-02-04,25,177,108,0
1736,2024-02-04,26,155,108,0
1737,2024-02-04,27,83,45,0
1738,2024-02-04,28,81,45,0
1739,2024-02-04,29,62,45,0
1740,2024-02-04,30,63,45,0
1741,2024-02-11,1,172,120,0
1742,2024-02-11,2,232,120,0
1743,2024-02-11,3,152,120,0
1744,2024-02-11,4,209,120,0
1745,2024-02-11,5,192,120,0
1746,2024-02-11,6,194,110,0
1747,2024-02-11,7,154,110,0
1748,2024-02-11,8,160,110,0
1749,2024-02-11,9,201,110,0
1750,2024-02-11,10,123,110,0
1751,2024-02-11,11,76,60,0
1752,2024-02-11,12,40,60,68
1753,2024-02-11,13,126,60,0
1754,2024-02-11,14,93,60,0
1755,2024-02-11,15,84,55,0
1756,2024-02-11,16,102,55,0
1757,2024-02-11,17,81,55,0
1758,2024-02-11,18,73,55,0
1759,2024-02-11,19,47,30,0
1760,2024-02-11,20,57,30,0
1761,2024-02-11,21,47,30,0
1762,2024-02-11,22,49,30,0
1763,2024-02-11,23,150,108,0
1764,2024-02-11,24,168,108,0
1765,2024-02-11,25,216,108,0
1766,2024-02-11,26,135,108,0
1767,2024-02-11,27,63,45,0
1768,2024-02-11,28,98,45,0
1769,2024-02-11,29,73,45,0
1770,2024-02-11,30,48,45,0
1771,2024-02-18,1,281,120,0
1772,2024-02-18,2,149,120,0
1773,2024-02-18,3,78,120,138
1774,2024-02-18,4,165,120,0
1775,2024-02-18,5,146,120,0
1776,2024-02-18,6,203,110,0
1777,2024-02-18,7,229,110,0
1778,2024-02-18,8,173,110,0
1779,2024-02-18,9,193,110,0
1780,2024-02-18,10,179,110,0
1781,2024-02-18,11,123,60,0
1782,2024-02-18,12,89,60,0
1783,2024-02-18,13,62,60,0
1784,2024-02-18,14,92,60,0
1785,2024-02-18,15,33,55,66
1786,2024-02-18,16,74,55,0
1787,2024-02-18,17,73,55,0
1788,2024-02-18,18,63,55,0
1789,2024-02-18,19,58,30,0
1790,2024-02-18,20,44,30,0
1791,2024-02-18,21,53,30,0
1792,2024-02-18,22,45,30,0
1793,2024-02-18,23,180,108,0
1794,2024-02-18,24,134,108,0
1795,2024-02-18,25,170,108,0
1796,2024-02-18,26,230,108,0
1797,2024-02-18,27,52,45,0
1798,2024-02-18,28,101,45,0
1799,2024-02-18,29,93,45,0
1800,2024-02-18,30,67,45,0
1801,2024-02-25,1,218,120,0
1802,2024-02-25,2,205,120,0
1803,2024-02-25,3,142,120,0
1804,2024-02-25,4,203,120,0
1805,2024-02-25,5,188,120,0
1806,2024-02-25,6,153,110,0
1807,2024-02-25,7,206,110,0
1808,2024-02-25,8,147,110,0
1809,2024-02-25,9,153,110,0
1810,2024-02-25,10,124,110,0
1811,2024-02-25,11,86,60,0
1812,2024-02-25,12,129,60,0
1813,2024-02-25,13,80,60,0
1814,2024-02-25,14,114,60,0
1815,2024-02-25,15,84,55,0
1816,2024-02-25,16,90,55,0
1817,2024-02-25,17,54,55,45
1818,2024-02-25,18,105,55,0
1819,2024-02-25,19,42,30,0
1820,2024-02-25,20,49,30,0
1821,2024-02-25,21,51,30,0
1822,2024-02-25,22,54,30,0
1823,2024-02-25,23,157,108,0
1824,2024-02-25,24,92,108,102
1825,2024-02-25,25,225,108,0
1826,2024-02-25,26,229,108,0
1827,2024-02-25,27,56,45,0
1828,2024-02-25,28,78,45,0
1829,2024-02-25,29,68,45,0
1830,2024-02-25,30,94,45,0
1831,2024-03-03,1,180,120,0
1832,2024-03-03,2,159,120,0
1833,2024-03-03,3,145,120,0
1834,2024-03-03,4,195,120,0
1835,2024-03-03,5,190,120,0
1836,2024-03-03,6,253,110,0
1837,2024-03-03,7,109,110,89
1838,2024-03-03,8,137,110,0
1839,2024-03-03,9,129,110,0
1840,2024-03-03,10,115,110,0
1841,2024-03-03,11,61,50,0
1842,2024-03-03,12,95,50,0
1843,2024-03-03,13,30,50,60
1844,2024-03-03,14,78,50,0
1845,2024-03-03,15,118,55,0
1846,2024-03-03,16,86,55,0
1847,2024-03-03,17,74,55,0
1848,2024-03-03,18,82,55,0
1849,2024-03-03,19,44,30,0
1850,2024-03-03,20,55,30,0
1851,2024-03-03,21,42,30,0
1852,2024-03-03,22,39,30,0
1853,2024-03-03,23,125,90,0
1854,2024-03-03,24,222,90,0
1855,2024-03-03,25,151,90,0
1856,2024-03-03,26,200,90,0
1857,2024-03-03,27,101,45,0
1858,2024-03-03,28,74,45,0
1859,2024-03-03,29,76,45,0
1860,2024-03-03,30,72,45,0
1861,2024-03-10,1,231,120,0
1862,2024-03-10,2,217,120,0
1863,2024-03-10,3,214,120,0
1864,2024-03-10,4,188,120,0
1865,2024-03-10,5,107,120,109
1866,2024-03-10,6,150,110,0
1867,2024-03-10,7,169,110,0
1868,2024-03-10,8,198,110,0
1869,2024-03-10,9,209,110,0
1870,2024-03-10,10,97,110,101
1871,2024-03-10,11,72,50,0
1872,2024-03-10,12,95,50,0
1873,2024-03-10,13,73,50,0
1874,2024-03-10,14,85,50,0
1875,2024-03-10,15,84,55,0
1876,2024-03-10,16,63,55,0
1877,2024-03-10,17,85,55,0
1878,2024-03-10,18,54,55,45
1879,2024-03-10,19,61,30,0
1880,2024-03-10,20,45,30,0
1881,2024-03-10,21,52,30,0
1882,2024-03-10,22,29,30,25
1883,2024-03-10,23,129,90,0
1884,2024-03-10,24,124,90,0
1885,2024-03-10,25,131,90,0
1886,2024-03-10,26,122,90,0
1887,2024-03-10,27,84,45,0
1888,2024-03-10,28,72,45,0
1889,2024-03-10,29,73,45,0
1890,2024-03-10,30,71,45,0
1891,2024-03-17,1,255,120,0
1892,2024-03-17,2,119,120,97
1893,2024-03-17,3,196,120,0
1894,2024-03-17,4,210,120,0
1895,2024-03-17,5,214,120,0
1896,2024-03-17,6,85,110,113
1897,2024-03-17,7,139,110,0
1898,2024-03-17,8,180,110,0
1899,2024-03-17,9,202,110,0
1900,2024-03-17,10,81,110,117
1901,2024-03-17,11,69,50,0
1902,2024-03-17,12,94,50,0
1903,2024-03-17,13,96,50,0
1904,2024-03-17,14,93,50,0
1905,2024-03-17,15,93,55,0
1906,2024-03-17,16,103,55,0
1907,2024-03-17,17,106,55,0
1908,2024-03-17,18,108,55,0
1909,2024-03-17,19,64,30,0
1910,2024-03-17,20,49,30,0
1911,2024-03-17,21,61,30,0
1912,2024-03-17,22,45,30,0
1913,2024-03-17,23,141,90,0
1914,2024-03-17,24,197,90,0
1915,2024-03-17,25,214,90,0
1916,2024-03-17,26,151,90,0
1917,2024-03-17,27,82,45,0
1918,2024-03-17,28,41,45,40
1919,2024-03-17,29,67,45,0
1920,2024-03-17,30,81,45,0
1921,2024-03-24,1,186,120,0
1922,2024-03-24,2,194,120,0
1923,2024-03-24,3,198,120,0
1924,2024-03-24,4,229,120,0
1925,2024-03-24,5,126,120,0
1926,2024-03-24,6,240,110,0
1927,2024-03-24,7,213,110,0
1928,2024-03-24,8,185,110,0
1929,2024-03-24,9,176,110,0
1930,2024-03-24,10,129,110,0
1931,2024-03-24,11,81,50,0
1932,2024-03-24,12,54,50,0
1933,2024-03-24,13,106,50,0
1934,2024-03-24,14,94,50,0
1935,2024-03-24,15,95,55,0
1936,2024-03-24,16,64,55,0
1937,2024-03-24,17,63,55,0
1938,2024-03-24,18,66,55,0
1939,2024-03-24,19,45,30,0
1940,2024-03-24,20,62,30,0
1941,2024-03-24,21,55,30,0
1942,2024-03-24,22,53,30,0
1943,2024-03-24,23,136,90,0
1944,2024-03-24,24,139,90,0
1945,2024-03-24,25,161,90,0
1946,2024-03-24,26,144,90,0
1947,2024-03-24,27,75,45,0
1948,2024-03-24,28,49,45,0
1949,2024-03-24,29,99,45,0
1950,2024-03-24,30,51,45,0
1951,2024-03-31,1,202,120,0
1952,2024-03-31,2,190,120,0
1953,2024-03-31,3,221,120,0
1954,2024-03-31,4,221,120,0
1955,2024-03-31,5,246,120,0
1956,2024-03-31,6,151,110,0
1957,2024-03-31,7,220,110,0
1958,2024-03-31,8,178,110,0
1959,2024-03-31,9,201,110,0
1960,2024-03-31,10,218,110,0
1961,2024-03-31,11,87,50,0
1962,2024-03-31,12,53,50,0
1963,2024-03-31,13,84,50,0
1964,2024-03-31,14,94,50,0
1965,2024-03-31,15,90,55,0
1966,2024-03-31,16,112,55,0
1967,2024-03-31,17,93,55,0
1968,2024-03-31,18,110,55,0
1969,2024-03-31,19,47,30,0
1970,2024-03-31,20,60,30,0
1971,2024-03-31,21,43,30,0
1972,2024-03-31,22,49,30,0
1973,2024-03-31,23,109,90,0
1974,2024-03-31,24,138,90,0
1975,2024-03-31,25,151,90,0
1976,2024-03-31,26,95,90,0
1977,2024-03-31,27,94,45,0
1978,2024-03-31,28,75,45,0
1979,2024-03-31,29,82,45,0
1980,2024-03-31,30,71,45,0
1981,2024-04-07,1,170,120,0
1982,2024-04-07,2,107,120,109
1983,2024-04-07,3,220,120,0
1984,2024-04-07,4,241,120,0
1985,2024-04-07,5,195,120,0
1986,2024-04-07,6,127,110,0
1987,2024-04-07,7,218,110,0
1988,2024-04-07,8,221,110,0
1989,2024-04-07,9,188,110,0
1990,2024-04-07,10,200,110,0
1991,2024-04-07,11,105,50,0
1992,2024-04-07,12,91,50,0
1993,2024-04-07,13,94,50,0
1994,2024-04-07,14,108,50,0
1995,2024-04-07,15,95,55,0
1996,2024-04-07,16,66,55,0
1997,2024-04-07,17,140,55,0
1998,2024-04-07,18,112,55,0
1999,2024-04-07,19,60,30,0
2000,2024-04-07,20,43,30,0
2001,2024-04-07,21,50,30,0
2002,2024-04-07,22,33,30,0
2003,2024-04-07,23,132,90,0
2004,2024-04-07,24,134,90,0
2005,2024-04-07,25,130,90,0
2006,2024-04-07,26,97,90,0
2007,2024-04-07,27,50,45,0
2008,2024-04-07,28,82,45,0
2009,2024-04-07,29,77,45,0
2010,2024-04-07,30,91,45,0
2011,2024-04-14,1,155,120,0
2012,2024-04-14,2,211,120,0
2013,2024-04-14,3,189,120,0
2014,2024-04-14,4,193,120,0
2015,2024-04-14,5,162,120,0
2016,2024-04-14,6,105,110,93
2017,2024-04-14,7,180,110,0
2018,2024-04-14,8,141,110,0
2019,2024-04-14,9,142,110,0
2020,2024-04-14,10,161,110,0
2021,2024-04-14,11,90,50,0
2022,2024-04-14,12,51,50,0
2023,2024-04-14,13,77,50,0
2024,2024-04-14,14,53,50,0
2025,2024-04-14,15,105,55,0
2026,2024-04-14,16,118,55,0
2027,2024-04-14,17,102,55,0
2028,2024-04-14,18,108,55,0
2029,2024-04-14,19,76,30,0
2030,2024-04-14,20,25,30,29
2031,2024-04-14,21,50,30,0
2032,2024-04-14,22,46,30,0
2033,2024-04-14,23,157,90,0
2034,2024-04-14,24,126,90,0
2035,2024-04-14,25,152,90,0
2036,2024-04-14,26,164,90,0
2037,2024-04-14,27,80,45,0
2038,2024-04-14,28,48,45,0
2039,2024-04-14,29,86,45,0
2040,2024-04-14,30,61,45,0
2041,2024-04-21,1,171,120,0
2042,2024-04-21,2,167,120,0
2043,2024-04-21,3,217,120,0
2044,2024-04-21,4,127,120,0
2045,2024-04-21,5,243,120,0
2046,2024-04-21,6,260,110,0
2047,2024-04-21,7,171,110,0
2048,2024-04-21,8,131,110,0
2049,2024-04-21,9,109,110,89
2050,2024-04-21,10,170,110,0
2051,2024-04-21,11,71,50,0
2052,2024-04-21,12,94,50,0
2053,2024-04-21,13,98,50,0
2054,2024-04-21,14,55,50,0
2055,2024-04-21,15,83,55,0
2056,2024-04-21,16,72,55,0
2057,2024-04-21,17,93,55,0
2058,2024-04-21,18,40,55,59
2059,2024-04-21,19,32,30,0
2060,2024-04-21,20,42,30,0
2061,2024-04-21,21,54,30,0
2062,2024-04-21,22,40,30,0
2063,2024-04-21,23,174,90,0
2064,2024-04-21,24,106,90,0
2065,2024-04-21,25,138,90,0
2066,2024-04-21,26,120,90,0
2067,2024-04-21,27,89,45,0
2068,2024-04-21,28,95,45,0
2069,2024-04-21,29,85,45,0
2070,2024-04-21,30,93,45,0
2071,2024-04-28,1,186,120,0
2072,2024-04-28,2,154,120,0
2073,2024-04-28,3,172,120,0
2074,2024-04-28,4,142,120,0
2075,2024-04-28,5,207,120,0
2076,2024-04-28,6,158,110,0
2077,2024-04-28,7,137,110,0
2078,2024-04-28,8,177,110,0
2079,2024-04-28,9,97,110,101
2080,2024-04-28,10,185,110,0
2081,2024-04-28,11,50,50,0
2082,2024-04-28,12,80,50,0
2083,2024-04-28,13,83,50,0
2084,2024-04-28,14,60,50,0
2085,2024-04-28,15,80,55,0
2086,2024-04-28,16,90,55,0
2087,2024-04-28,17,67,55,0
2088,2024-04-28,18,99,55,0
2089,2024-04-28,19,65,30,0
2090,2024-04-28,20,47,30,0
2091,2024-04-28,21,58,30,0
2092,2024-04-28,22,50,30,0
2093,2024-04-28,23,136,90,0
2094,2024-04-28,24,144,90,0
2095,2024-04-28,25,137,90,0
2096,2024-04-28,26,152,90,0
2097,2024-04-28,27,75,45,0
2098,2024-04-28,28,89,45,0
2099,2024-04-28,29,63,45,0
2100,2024-04-28,30,63,45,0
2101,2024-05-05,1,233,120,0
2102,2024-05-05,2,193,120,0
2103,2024-05-05,3,186,120,0
2104,2024-05-05,4,90,120,126
2105,2024-05-05,5,257,120,0
2106,2024-05-05,6,155,110,0
2107,2024-05-05,7,187,110,0
2108,2024-05-05,8,155,110,0
2109,2024-05-05,9,202,110,0
2110,2024-05-05,10,211,110,0
2111,2024-05-05,11,62,50,0
2112,2024-05-05,12,107,50,0
2113,2024-05-05,13,54,50,0
2114,2024-05-05,14,78,50,0
2115,2024-05-05,15,68,55,0
2116,2024-05-05,16,100,55,0
2117,2024-05-05,17,118,55,0
2118,2024-05-05,18,95,55,0
2119,2024-05-05,19,41,30,0
2120,2024-05-05,20,39,30,0
2121,2024-05-05,21,68,30,0
2122,2024-05-05,22,39,30,0
2123,2024-05-05,23,113,90,0
2124,2024-05-05,24,127,90,0
2125,2024-05-05,25,128,90,0
2126,2024-05-05,26,122,90,0
2127,2024-05-05,27,59,45,0
2128,2024-05-05,28,68,45,0
2129,2024-05-05,29,74,45,0
2130,2024-05-05,30,74,45,0
2131,2024-05-12,1,113,120,103
2132,2024-05-12,2,157,120,0
2133,2024-05-12,3,177,120,0
2134,2024-05-12,4,190,120,0
2135,2024-05-12,5,198,120,0
2136,2024-05-12,6,129,110,0
2137,2024-05-12,7,171,110,0
2138,2024-05-12,8,246,110,0
2139,2024-05-12,9,153,110,0
2140,2024-05-12,10,115,110,0
2141,2024-05-12,11,100,50,0
2142,2024-05-12,12,79,50,0
2143,2024-05-12,13,69,50,0
2144,2024-05-12,14,105,50,0
2145,2024-05-12,15,26,55,73
2146,2024-05-12,16,78,55,0
2147,2024-05-12,17,54,55,45
2148,2024-05-12,18,118,55,0
2149,2024-05-12,19,41,30,0
2150,2024-05-12,20,32,30,0
2151,2024-05-12,21,30,30,0
2152,2024-05-12,22,59,30,0
2153,2024-05-12,23,207,90,0
2154,2024-05-12,24,137,90,0
2155,2024-05-12,25,145,90,0
2156,2024-05-12,26,125,90,0
2157,2024-05-12,27,86,45,0
2158,2024-05-12,28,60,45,0
2159,2024-05-12,29,57,45,0
2160,2024-05-12,30,64,45,0
2161,2024-05-19,1,219,120,0
2162,2024-05-19,2,221,120,0
2163,2024-05-19,3,135,120,0
2164,2024-05-19,4,185,120,0
2165,2024-05-19,5,82,120,134
2166,2024-05-19,6,129,110,0
2167,2024-05-19,7,161,110,0
2168,2024-05-19,8,138,110,0
2169,2024-05-19,9,176,110,0
2170,2024-05-19,10,228,110,0
2171,2024-05-19,11,85,50,0
2172,2024-05-19,12,108,50,0
2173,2024-05-19,13,71,50,0
2174,2024-05-19,14,75,50,0
2175,2024-05-19,15,102,55,0
2176,2024-05-19,16,114,55,0
2177,2024-05-19,17,98,55,0
2178,2024-05-19,18,106,55,0
2179,2024-05-19,19,46,30,0
2180,2024-05-19,20,35,30,0
2181,2024-05-19,21,56,30,0
2182,2024-05-19,22,43,30,0
2183,2024-05-19,23,142,90,0
2184,2024-05-19,24,87,90,75
2185,2024-05-19,25,211,90,0
2186,2024-05-19,26,169,90,0
2187,2024-05-19,27,94,45,0
2188,2024-05-19,28,92,45,0
2189,2024-05-19,29,73,45,0
2190,2024-05-19,30,36,45,45
2191,2024-05-26,1,193,120,0
2192,2024-05-26,2,162,120,0
2193,2024-05-26,3,250,120,0
2194,2024-05-26,4,221,120,0
2195,2024-05-26,5,206,120,0
2196,2024-05-26,6,136,110,0
2197,2024-05-26,7,139,110,0
2198,2024-05-26,8,111,110,0
2199,2024-05-26,9,134,110,0
2200,2024-05-26,10,173,110,0
2201,2024-05-26,11,65,50,0
2202,2024-05-26,12,85,50,0
2203,2024-05-26,13,92,50,0
2204,2024-05-26,14,86,50,0
2205,2024-05-26,15,125,55,0
2206,2024-05-26,16,82,55,0
2207,2024-05-26,17,111,55,0
2208,2024-05-26,18,113,55,0
2209,2024-05-26,19,33,30,0
2210,2024-05-26,20,52,30,0
2211,2024-05-26,21,65,30,0
2212,2024-05-26,22,43,30,0
2213,2024-05-26,23,112,90,0
2214,2024-05-26,24,156,90,0
2215,2024-05-26,25,150,90,0
2216,2024-05-26,26,223,90,0
2217,2024-05-26,27,90,45,0
2218,2024-05-26,28,81,45,0
2219,2024-05-26,29,57,45,0
2220,2024-05-26,30,44,45,37
2221,2024-06-02,1,311,150,0
2222,2024-06-02,2,264,150,0
2223,2024-06-02,3,235,150,0
2224,2024-06-02,4,241,150,0
2225,2024-06-02,5,275,150,0
2226,2024-06-02,6,185,137,0
2227,2024-06-02,7,96,137,150
2228,2024-06-02,8,184,137,0
2229,2024-06-02,9,212,137,0
2230,2024-06-02,10,163,137,0
2231,2024-06-02,11,79,50,0
2232,2024-06-02,12,119,50,0
2233,2024-06-02,13,78,50,0
2234,2024-06-02,14,53,50,0
2235,2024-06-02,15,91,55,0
2236,2024-06-02,16,92,55,0
2237,2024-06-02,17,87,55,0
2238,2024-06-02,18,61,55,0
2239,2024-06-02,19,55,30,0
2240,2024-06-02,20,72,30,0
2241,2024-06-02,21,61,30,0
2242,2024-06-02,22,59,30,0
2243,2024-06-02,23,98,90,0
2244,2024-06-02,24,127,90,0
2245,2024-06-02,25,113,90,0
2246,2024-06-02,26,139,90,0
2247,2024-06-02,27,105,56,0
2248,2024-06-02,28,103,56,0
2249,2024-06-02,29,92,56,0
2250,2024-06-02,30,68,56,0
2251,2024-06-09,1,284,150,0
2252,2024-06-09,2,268,150,0
2253,2024-06-09,3,72,150,198
2254,2024-06-09,4,259,150,0
2255,2024-06-09,5,174,150,0
2256,2024-06-09,6,204,137,0
2257,2024-06-09,7,169,137,0
2258,2024-06-09,8,226,137,0
2259,2024-06-09,9,234,137,0
2260,2024-06-09,10,237,137,0
2261,2024-06-09,11,83,50,0
2262,2024-06-09,12,83,50,0
2263,2024-06-09,13,70,50,0
2264,2024-06-09,14,82,50,0
2265,2024-06-09,15,102,55,0
2266,2024-06-09,16,88,55,0
2267,2024-06-09,17,88,55,0
2268,2024-06-09,18,69,55,0
2269,2024-06-09,19,54,30,0
2270,2024-06-09,20,59,30,0
2271,2024-06-09,21,57,30,0
2272,2024-06-09,22,45,30,0
2273,2024-06-09,23,178,90,0
2274,2024-06-09,24,146,90,0
2275,2024-06-09,25,94,90,0
2276,2024-06-09,26,173,90,0
2277,2024-06-09,27,69,56,0
2278,2024-06-09,28,76,56,0
2279,2024-06-09,29,89,56,0
2280,2024-06-09,30,97,56,0
2281,2024-06-16,1,280,150,0
2282,2024-06-16,2,149,150,121
2283,2024-06-16,3,264,150,0
2284,2024-06-16,4,159,150,0
2285,2024-06-16,5,247,150,0
2286,2024-06-16,6,217,137,0
2287,2024-06-16,7,116,137,130
2288,2024-06-16,8,324,137,0
2289,2024-06-16,9,123,137,123
2290,2024-06-16,10,226,137,0
2291,2024-06-16,11,74,50,0
2292,2024-06-16,12,75,50,0
2293,2024-06-16,13,48,50,42
2294,2024-06-16,14,89,50,0
2295,2024-06-16,15,133,55,0
2296,2024-06-16,16,86,55,0
2297,2024-06-16,17,93,55,0
2298,2024-06-16,18,86,55,0
2299,2024-06-16,19,57,30,0
2300,2024-06-16,20,58,30,0
2301,2024-06-16,21,33,30,0
2302,2024-06-16,22,37,30,0
2303,2024-06-16,23,118,90,0
2304,2024-06-16,24,147,90,0
2305,2024-06-16,25,174,90,0
2306,2024-06-16,26,66,90,96
2307,2024-06-16,27,98,56,0
2308,2024-06-16,28,120,56,0
2309,2024-06-16,29,82,56,0
2310,2024-06-16,30,88,56,0
2311,2024-06-23,1,291,150,0
2312,2024-06-23,2,280,150,0
2313,2024-06-23,3,221,150,0
2314,2024-06-23,4,261,150,0
2315,2024-06-23,5,74,150,196
2316,2024-06-23,6,237,137,0
2317,2024-06-23,7,220,137,0
2318,2024-06-23,8,296,137,0
2319,2024-06-23,9,298,137,0
2320,2024-06-23,10,211,137,0
2321,2024-06-23,11,103,50,0
2322,2024-06-23,12,66,50,0
2323,2024-06-23,13,80,50,0
2324,2024-06-23,14,102,50,0
2325,2024-06-23,15,92,55,0
2326,2024-06-23,16,100,55,0
2327,2024-06-23,17,88,55,0
2328,2024-06-23,18,75,55,0
2329,2024-06-23,19,45,30,0
2330,2024-06-23,20,42,30,0
2331,2024-06-23,21,42,30,0
2332,2024-06-23,22,62,30,0
2333,2024-06-23,23,118,90,0
2334,2024-06-23,24,104,90,0
2335,2024-06-23,25,204,90,0
2336,2024-06-23,26,140,90,0
2337,2024-06-23,27,113,56,0
2338,2024-06-23,28,118,56,0
2339,2024-06-23,29,93,56,0
2340,2024-06-23,30,108,56,0
2341,2024-06-30,1,215,150,0
2342,2024-06-30,2,182,150,0
2343,2024-06-30,3,255,150,0
2344,2024-06-30,4,346,150,0
2345,2024-06-30,5,150,150,0
2346,2024-06-30,6,251,137,0
2347,2024-06-30,7,199,137,0
2348,2024-06-30,8,134,137,112
2349,2024-06-30,9,215,137,0
2350,2024-06-30,10,195,137,0
2351,2024-06-30,11,67,50,0
2352,2024-06-30,12,79,50,0
2353,2024-06-30,13,79,50,0
2354,2024-06-30,14,40,50,50
2355,2024-06-30,15,122,55,0
2356,2024-06-30,16,117,55,0
2357,2024-06-30,17,118,55,0
2358,2024-06-30,18,88,55,0
2359,2024-06-30,19,49,30,0
2360,2024-06-30,20,60,30,0
2361,2024-06-30,21,66,30,0
2362,2024-06-30,22,62,30,0
2363,2024-06-30,23,146,90,0
2364,2024-06-30,24,151,90,0
2365,2024-06-30,25,176,90,0
2366,2024-06-30,26,132,90,0
2367,2024-06-30,27,96,56,0
2368,2024-06-30,28,66,56,0
2369,2024-06-30,29,58,56,0
2370,2024-06-30,30,80,56,0
2371,2024-07-07,1,218,150,0
2372,2024-07-07,2,217,150,0
2373,2024-07-07,3,240,150,0
2374,2024-07-07,4,269,150,0
2375,2024-07-07,5,236,150,0
2376,2024-07-07,6,243,137,0
2377,2024-07-07,7,224,137,0
2378,2024-07-07,8,250,137,0
2379,2024-07-07,9,172,137,0
2380,2024-07-07,10,265,137,0
2381,2024-07-07,11,89,50,0
2382,2024-07-07,12,65,50,0
2383,2024-07-07,13,82,50,0
2384,2024-07-07,14,66,50,0
2385,2024-07-07,15,114,55,0
2386,2024-07-07,16,54,55,45
2387,2024-07-07,17,75,55,0
2388,2024-07-07,18,103,55,0
2389,2024-07-07,19,53,30,0
2390,2024-07-07,20,59,30,0
2391,2024-07-07,21,34,30,0
2392,2024-07-07,22,37,30,0
2393,2024-07-07,23,177,90,0
2394,2024-07-07,24,173,90,0
2395,2024-07-07,25,117,90,0
2396,2024-07-07,26,208,90,0
2397,2024-07-07,27,90,56,0
2398,2024-07-07,28,82,56,0
2399,2024-07-07,29,62,56,0
2400,2024-07-07,30,101,56,0
2401,2024-07-14,1,260,150,0
2402,2024-07-14,2,223,150,0
2403,2024-07-14,3,213,150,0
2404,2024-07-14,4,210,150,0
2405,2024-07-14,5,161,150,0
2406,2024-07-14,6,268,137,0
2407,2024-07-14,7,281,137,0
2408,2024-07-14,8,97,137,149
2409,2024-07-14,9,213,137,0
2410,2024-07-14,10,229,137,0
2411,2024-07-14,11,92,50,0
2412,2024-07-14,12,72,50,0
2413,2024-07-14,13,76,50,0
2414,2024-07-14,14,84,50,0
2415,2024-07-14,15,90,55,0
2416,2024-07-14,16,103,55,0
2417,2024-07-14,17,65,55,0
2418,2024-07-14,18,63,55,0
2419,2024-07-14,19,43,30,0
2420,2024-07-14,20,32,30,0
2421,2024-07-14,21,74,30,0
2422,2024-07-14,22,37,30,0
2423,2024-07-14,23,174,90,0
2424,2024-07-14,24,192,90,0
2425,2024-07-14,25,152,90,0
2426,2024-07-14,26,119,90,0
2427,2024-07-14,27,92,56,0
2428,2024-07-14,28,62,56,0
2429,2024-07-14,29,61,56,0
2430,2024-07-14,30,128,56,0
2431,2024-07-21,1,153,150,0
2432,2024-07-21,2,144,150,126
2433,2024-07-21,3,276,150,0
2434,2024-07-21,4,207,150,0
2435,2024-07-21,5,306,150,0
2436,2024-07-21,6,50,137,196
2437,2024-07-21,7,214,137,0
2438,2024-07-21,8,154,137,0
2439,2024-07-21,9,122,137,124
2440,2024-07-21,10,148,137,0
2441,2024-07-21,11,52,50,0
2442,2024-07-21,12,74,50,0
2443,2024-07-21,13,69,50,0
2444,2024-07-21,14,89,50,0
2445,2024-07-21,15,50,55,49
2446,2024-07-21,16,96,55,0
2447,2024-07-21,17,106,55,0
2448,2024-07-21,18,109,55,0
2449,2024-07-21,19,55,30,0
2450,2024-07-21,20,51,30,0
2451,2024-07-21,21,40,30,0
2452,2024-07-21,22,59,30,0
2453,2024-07-21,23,175,90,0
2454,2024-07-21,24,134,90,0
2455,2024-07-21,25,105,90,0
2456,2024-07-21,26,112,90,0
2457,2024-07-21,27,60,56,0
2458,2024-07-21,28,72,56,0
2459,2024-07-21,29,103,56,0
2460,2024-07-21,30,108,56,0
2461,2024-07-28,1,212,150,0
2462,2024-07-28,2,214,150,0
2463,2024-07-28,3,203,150,0
2464,2024-07-28,4,185,150,0
2465,2024-07-28,5,185,150,0
2466,2024-07-28,6,288,137,0
2467,2024-07-28,7,193,137,0
2468,2024-07-28,8,214,137,0
2469,2024-07-28,9,87,137,159
2470,2024-07-28,10,174,137,0
2471,2024-07-28,11,62,50,0
2472,2024-07-28,12,90,50,0
2473,2024-07-28,13,96,50,0
2474,2024-07-28,14,97,50,0
2475,2024-07-28,15,59,55,0
2476,2024-07-28,16,112,55,0
2477,2024-07-28,17,76,55,0
2478,2024-07-28,18,68,55,0
2479,2024-07-28,19,51,30,0
2480,2024-07-28,20,62,30,0
2481,2024-07-28,21,51,30,0
2482,2024-07-28,22,32,30,0
2483,2024-07-28,23,164,90,0
2484,2024-07-28,24,186,90,0
2485,2024-07-28,25,104,90,0
2486,2024-07-28,26,145,90,0
2487,2024-07-28,27,84,56,0
2488,2024-07-28,28,92,56,0
2489,2024-07-28,29,64,56,0
2490,2024-07-28,30,68,56,0
2491,2024-08-04,1,268,150,0
2492,2024-08-04,2,278,150,0
2493,2024-08-04,3,268,150,0
2494,2024-08-04,4,292,150,0
2495,2024-08-04,5,207,150,0
2496,2024-08-04,6,302,137,0
2497,2024-08-04,7,160,137,0
2498,2024-08-04,8,253,137,0
2499,2024-08-04,9,242,137,0
2500,2024-08-04,10,220,137,0
2501,2024-08-04,11,99,50,0
2502,2024-08-04,12,100,50,0
2503,2024-08-04,13,90,50,0
2504,2024-08-04,14,71,50,0
2505,2024-08-04,15,126,55,0
2506,2024-08-04,16,77,55,0
2507,2024-08-04,17,89,55,0
2508,2024-08-04,18,107,55,0
2509,2024-08-04,19,42,30,0
2510,2024-08-04,20,47,30,0
2511,2024-08-04,21,27,30,27
2512,2024-08-04,22,54,30,0
2513,2024-08-04,23,188,90,0
2514,2024-08-04,24,159,90,0
2515,2024-08-04,25,138,90,0
2516,2024-08-04,26,160,90,0
2517,2024-08-04,27,119,56,0
2518,2024-08-04,28,94,56,0
2519,2024-08-04,29,120,56,0
2520,2024-08-04,30,95,56,0
2521,2024-08-11,1,233,150,0
2522,2024-08-11,2,281,150,0
2523,2024-08-11,3,267,150,0
2524,2024-08-11,4,226,150,0
2525,2024-08-11,5,282,150,0
2526,2024-08-11,6,224,137,0
2527,2024-08-11,7,241,137,0
2528,2024-08-11,8,165,137,0
2529,2024-08-11,9,248,137,0
2530,2024-08-11,10,257,137,0
2531,2024-08-11,11,93,50,0
2532,2024-08-11,12,90,50,0
2533,2024-08-11,13,84,50,0
2534,2024-08-11,14,54,50,0
2535,2024-08-11,15,97,55,0
2536,2024-08-11,16,97,55,0
2537,2024-08-11,17,93,55,0
2538,2024-08-11,18,63,55,0
2539,2024-08-11,19,46,30,0
2540,2024-08-11,20,43,30,0
2541,2024-08-11,21,44,30,0
2542,2024-08-11,22,37,30,0
2543,2024-08-11,23,185,90,0
2544,2024-08-11,24,154,90,0
2545,2024-08-11,25,168,90,0
2546,2024-08-11,26,144,90,0
2547,2024-08-11,27,91,56,0
2548,2024-08-11,28,71,56,0
2549,2024-08-11,29,86,56,0
2550,2024-08-11,30,95,56,0
2551,2024-08-18,1,200,150,0
2552,2024-08-18,2,283,150,0
2553,2024-08-18,3,285,150,0
2554,2024-08-18,4,258,150,0
2555,2024-08-18,5,153,150,0
2556,2024-08-18,6,252,137,0
2557,2024-08-18,7,259,137,0
2558,2024-08-18,8,137,137,0
2559,2024-08-18,9,262,137,0
2560,2024-08-18,10,222,137,0
2561,2024-08-18,11,93,50,0
2562,2024-08-18,12,133,50,0
2563,2024-08-18,13,61,50,0
2564,2024-08-18,14,77,50,0
2565,2024-08-18,15,94,55,0
2566,2024-08-18,16,72,55,0
2567,2024-08-18,17,129,55,0
2568,2024-08-18,18,50,55,49
2569,2024-08-18,19,61,30,0
2570,2024-08-18,20,42,30,0
2571,2024-08-18,21,45,30,0
2572,2024-08-18,22,56,30,0
2573,2024-08-18,23,171,90,0
2574,2024-08-18,24,180,90,0
2575,2024-08-18,25,163,90,0
2576,2024-08-18,26,154,90,0
2577,2024-08-18,27,66,56,0
2578,2024-08-18,28,99,56,0
2579,2024-08-18,29,65,56,0
2580,2024-08-18,30,114,56,0
2581,2024-08-25,1,234,150,0
2582,2024-08-25,2,252,150,0
2583,2024-08-25,3,232,150,0
2584,2024-08-25,4,203,150,0
2585,2024-08-25,5,309,150,0
2586,2024-08-25,6,201,137,0
2587,2024-08-25,7,157,137,0
2588,2024-08-25,8,158,137,0
2589,2024-08-25,9,181,137,0
2590,2024-08-25,10,130,137,116
2591,2024-08-25,11,84,50,0
2592,2024-08-25,12,81,50,0
2593,2024-08-25,13,38,50,52
2594,2024-08-25,14,90,50,0
2595,2024-08-25,15,78,55,0
2596,2024-08-25,16,78,55,0
2597,2024-08-25,17,54,55,45
2598,2024-08-25,18,116,55,0
2599,2024-08-25,19,52,30,0
2600,2024-08-25,20,48,30,0
2601,2024-08-25,21,35,30,0
2602,2024-08-25,22,50,30,0
2603,2024-08-25,23,176,90,0
2604,2024-08-25,24,161,90,0
2605,2024-08-25,25,115,90,0
2606,2024-08-25,26,180,90,0
2607,2024-08-25,27,90,56,0
2608,2024-08-25,28,114,56,0
2609,2024-08-25,29,47,56,53
2610,2024-08-25,30,47,56,53
2611,2024-09-01,1,169,120,0
2612,2024-09-01,2,177,120,0
2613,2024-09-01,3,229,120,0
2614,2024-09-01,4,227,120,0
2615,2024-09-01,5,260,120,0
2616,2024-09-01,6,174,110,0
2617,2024-09-01,7,178,110,0
2618,2024-09-01,8,157,110,0
2619,2024-09-01,9,201,110,0
2620,2024-09-01,10,190,110,0
2621,2024-09-01,11,73,50,0
2622,2024-09-01,12,83,50,0
2623,2024-09-01,13,60,50,0
2624,2024-09-01,14,55,50,0
2625,2024-09-01,15,97,55,0
2626,2024-09-01,16,89,55,0
2627,2024-09-01,17,73,55,0
2628,2024-09-01,18,103,55,0
2629,2024-09-01,19,36,30,0
2630,2024-09-01,20,50,30,0
2631,2024-09-01,21,52,30,0
2632,2024-09-01,22,59,30,0
2633,2024-09-01,23,152,90,0
2634,2024-09-01,24,157,90,0
2635,2024-09-01,25,228,90,0
2636,2024-09-01,26,172,90,0
2637,2024-09-01,27,61,45,0
2638,2024-09-01,28,72,45,0
2639,2024-09-01,29,86,45,0
2640,2024-09-01,30,63,45,0
2641,2024-09-08,1,222,120,0
2642,2024-09-08,2,115,120,101
2643,2024-09-08,3,208,120,0
2644,2024-09-08,4,188,120,0
2645,2024-09-08,5,174,120,0
2646,2024-09-08,6,128,110,0
2647,2024-09-08,7,208,110,0
2648,2024-09-08,8,201,110,0
2649,2024-09-08,9,168,110,0
2650,2024-09-08,10,165,110,0
2651,2024-09-08,11,80,50,0
2652,2024-09-08,12,60,50,0
2653,2024-09-08,13,109,50,0
2654,2024-09-08,14,84,50,0
2655,2024-09-08,15,54,55,45
2656,2024-09-08,16,140,55,0
2657,2024-09-08,17,89,55,0
2658,2024-09-08,18,106,55,0
2659,2024-09-08,19,50,30,0
2660,2024-09-08,20,50,30,0
2661,2024-09-08,21,40,30,0
2662,2024-09-08,22,74,30,0
2663,2024-09-08,23,127,90,0
2664,2024-09-08,24,125,90,0
2665,2024-09-08,25,133,90,0
2666,2024-09-08,26,138,90,0
2667,2024-09-08,27,70,45,0
2668,2024-09-08,28,72,45,0
2669,2024-09-08,29,60,45,0
2670,2024-09-08,30,77,45,0
2671,2024-09-15,1,233,120,0
2672,2024-09-15,2,145,120,0
2673,2024-09-15,3,284,120,0
2674,2024-09-15,4,103,120,113
2675,2024-09-15,5,187,120,0
2676,2024-09-15,6,158,110,0
2677,2024-09-15,7,194,110,0
2678,2024-09-15,8,173,110,0
2679,2024-09-15,9,138,110,0
2680,2024-09-15,10,193,110,0
2681,2024-09-15,11,91,50,0
2682,2024-09-15,12,81,50,0
2683,2024-09-15,13,72,50,0
2684,2024-09-15,14,111,50,0
2685,2024-09-15,15,136,55,0
2686,2024-09-15,16,67,55,0
2687,2024-09-15,17,117,55,0
2688,2024-09-15,18,110,55,0
2689,2024-09-15,19,58,30,0
2690,2024-09-15,20,29,30,25
2691,2024-09-15,21,49,30,0
2692,2024-09-15,22,65,30,0
2693,2024-09-15,23,104,90,0
2694,2024-09-15,24,159,90,0
2695,2024-09-15,25,121,90,0
2696,2024-09-15,26,193,90,0
2697,2024-09-15,27,100,45,0
2698,2024-09-15,28,86,45,0
2699,2024-09-15,29,72,45,0
2700,2024-09-15,30,70,45,0
2701,2024-09-22,1,186,120,0
2702,2024-09-22,2,184,120,0
2703,2024-09-22,3,189,120,0
2704,2024-09-22,4,235,120,0
2705,2024-09-22,5,164,120,0
2706,2024-09-22,6,213,110,0
2707,2024-09-22,7,298,110,0
2708,2024-09-22,8,188,110,0
2709,2024-09-22,9,205,110,0
2710,2024-09-22,10,111,110,0
2711,2024-09-22,11,88,50,0
2712,2024-09-22,12,76,50,0
2713,2024-09-22,13,103,50,0
2714,2024-09-22,14,109,50,0
2715,2024-09-22,15,95,55,0
2716,2024-09-22,16,75,55,0
2717,2024-09-22,17,75,55,0
2718,2024-09-22,18,54,55,45
2719,2024-09-22,19,43,30,0
2720,2024-09-22,20,42,30,0
2721,2024-09-22,21,63,30,0
2722,2024-09-22,22,64,30,0
2723,2024-09-22,23,212,90,0
2724,2024-09-22,24,122,90,0
2725,2024-09-22,25,123,90,0
2726,2024-09-22,26,114,90,0
2727,2024-09-22,27,100,45,0
2728,2024-09-22,28,85,45,0
2729,2024-09-22,29,100,45,0
2730,2024-09-22,30,79,45,0
2731,2024-09-29,1,250,120,0
2732,2024-09-29,2,181,120,0
2733,2024-09-29,3,199,120,0
2734,2024-09-29,4,164,120,0
2735,2024-09-29,5,197,120,0
2736,2024-09-29,6,151,110,0
2737,2024-09-29,7,207,110,0
2738,2024-09-29,8,179,110,0
2739,2024-09-29,9,194,110,0
2740,2024-09-29,10,226,110,0
2741,2024-09-29,11,82,50,0
2742,2024-09-29,12,76,50,0
2743,2024-09-29,13,63,50,0
2744,2024-09-29,14,72,50,0
2745,2024-09-29,15,70,55,0
2746,2024-09-29,16,113,55,0
2747,2024-09-29,17,91,55,0
2748,2024-09-29,18,111,55,0
2749,2024-09-29,19,49,30,0
2750,2024-09-29,20,58,30,0
2751,2024-09-29,21,50,30,0
2752,2024-09-29,22,47,30,0
2753,2024-09-29,23,180,90,0
2754,2024-09-29,24,139,90,0
2755,2024-09-29,25,150,90,0
2756,2024-09-29,26,181,90,0
2757,2024-09-29,27,42,45,39
2758,2024-09-29,28,72,45,0
2759,2024-09-29,29,103,45,0
2760,2024-09-29,30,97,45,0
2761,2024-10-06,1,222,120,0
2762,2024-10-06,2,166,120,0
2763,2024-10-06,3,242,120,0
2764,2024-10-06,4,159,120,0
2765,2024-10-06,5,217,120,0
2766,2024-10-06,6,212,110,0
2767,2024-10-06,7,245,110,0
2768,2024-10-06,8,204,110,0
2769,2024-10-06,9,197,110,0
2770,2024-10-06,10,171,110,0
2771,2024-10-06,11,65,50,0
2772,2024-10-06,12,65,50,0
2773,2024-10-06,13,80,50,0
2774,2024-10-06,14,99,50,0
2775,2024-10-06,15,52,55,47
2776,2024-10-06,16,101,55,0
2777,2024-10-06,17,116,55,0
2778,2024-10-06,18,86,55,0
2779,2024-10-06,19,14,30,40
2780,2024-10-06,20,43,30,0
2781,2024-10-06,21,44,30,0
2782,2024-10-06,22,45,30,0
2783,2024-10-06,23,99,90,0
2784,2024-10-06,24,133,90,0
2785,2024-10-06,25,185,90,0
2786,2024-10-06,26,80,90,82
2787,2024-10-06,27,69,45,0
2788,2024-10-06,28,68,45,0
2789,2024-10-06,29,77,45,0
2790,2024-10-06,30,87,45,0
2791,2024-10-13,1,188,120,0
2792,2024-10-13,2,262,120,0
2793,2024-10-13,3,165,120,0
2794,2024-10-13,4,267,120,0
2795,2024-10-13,5,184,120,0
2796,2024-10-13,6,135,110,0
2797,2024-10-13,7,123,110,0
2798,2024-10-13,8,202,110,0
2799,2024-10-13,9,147,110,0
2800,2024-10-13,10,191,110,0
2801,2024-10-13,11,93,50,0
2802,2024-10-13,12,64,50,0
2803,2024-10-13,13,91,50,0
2804,2024-10-13,14,57,50,0
2805,2024-10-13,15,69,55,0
2806,2024-10-13,16,101,55,0
2807,2024-10-13,17,101,55,0
2808,2024-10-13,18,88,55,0
2809,2024-10-13,19,43,30,0
2810,2024-10-13,20,48,30,0
2811,2024-10-13,21,53,30,0
2812,2024-10-13,22,42,30,0
2813,2024-10-13,23,119,90,0
2814,2024-10-13,24,142,90,0
2815,2024-10-13,25,186,90,0
2816,2024-10-13,26,115,90,0
2817,2024-10-13,27,80,45,0
2818,2024-10-13,28,96,45,0
2819,2024-10-13,29,64,45,0
2820,2024-10-13,30,96,45,0
2821,2024-10-20,1,81,120,135
2822,2024-10-20,2,154,120,0
2823,2024-10-20,3,232,120,0
2824,2024-10-20,4,136,120,0
2825,2024-10-20,5,228,120,0
2826,2024-10-20,6,190,110,0
2827,2024-10-20,7,217,110,0
2828,2024-10-20,8,122,110,0
2829,2024-10-20,9,202,110,0
2830,2024-10-20,10,165,110,0
2831,2024-10-20,11,98,50,0
2832,2024-10-20,12,68,50,0
2833,2024-10-20,13,72,50,0
2834,2024-10-20,14,98,50,0
2835,2024-10-20,15,92,55,0
2836,2024-10-20,16,101,55,0
2837,2024-10-20,17,96,55,0
2838,2024-10-20,18,110,55,0
2839,2024-10-20,19,42,30,0
2840,2024-10-20,20,39,30,0
2841,2024-10-20,21,39,30,0
2842,2024-10-20,22,28,30,26
2843,2024-10-20,23,148,90,0
2844,2024-10-20,24,131,90,0
2845,2024-10-20,25,139,90,0
2846,2024-10-20,26,88,90,74
2847,2024-10-20,27,74,45,0
2848,2024-10-20,28,66,45,0
2849,2024-10-20,29,86,45,0
2850,2024-10-20,30,73,45,0
2851,2024-10-27,1,180,120,0
2852,2024-10-27,2,215,120,0
2853,2024-10-27,3,179,120,0
2854,2024-10-27,4,216,120,0
2855,2024-10-27,5,219,120,0
2856,2024-10-27,6,165,110,0
2857,2024-10-27,7,164,110,0
2858,2024-10-27,8,231,110,0
2859,2024-10-27,9,172,110,0
2860,2024-10-27,10,137,110,0
2861,2024-10-27,11,85,50,0
2862,2024-10-27,12,99,50,0
2863,2024-10-27,13,78,50,0
2864,2024-10-27,14,70,50,0
2865,2024-10-27,15,101,55,0
2866,2024-10-27,16,94,55,0
2867,2024-10-27,17,82,55,0
2868,2024-10-27,18,95,55,0
2869,2024-10-27,19,45,30,0
2870,2024-10-27,20,71,30,0
2871,2024-10-27,21,52,30,0
2872,2024-10-27,22,60,30,0
2873,2024-10-27,23,138,90,0
2874,2024-10-27,24,183,90,0
2875,2024-10-27,25,143,90,0
2876,2024-10-27,26,163,90,0
2877,2024-10-27,27,85,45,0
2878,2024-10-27,28,76,45,0
2879,2024-10-27,29,64,45,0
2880,2024-10-27,30,63,45,0
2881,2024-11-03,1,153,120,0
2882,2024-11-03,2,93,120,123
2883,2024-11-03,3,231,120,0
2884,2024-11-03,4,180,120,0
2885,2024-11-03,5,228,120,0
2886,2024-11-03,6,141,110,0
2887,2024-11-03,7,176,110,0
2888,2024-11-03,8,176,110,0
2889,2024-11-03,9,159,110,0
2890,2024-11-03,10,215,110,0
2891,2024-11-03,11,96,50,0
2892,2024-11-03,12,75,50,0
2893,2024-11-03,13,98,50,0
2894,2024-11-03,14,97,50,0
2895,2024-11-03,15,109,55,0
2896,2024-11-03,16,115,55,0
2897,2024-11-03,17,103,55,0
2898,2024-11-03,18,107,55,0
2899,2024-11-03,19,46,30,0
2900,2024-11-03,20,45,30,0
2901,2024-11-03,21,48,30,0
2902,2024-11-03,22,46,30,0
2903,2024-11-03,23,158,90,0
2904,2024-11-03,24,146,90,0
2905,2024-11-03,25,142,90,0
2906,2024-11-03,26,201,90,0
2907,2024-11-03,27,94,45,0
2908,2024-11-03,28,94,45,0
2909,2024-11-03,29,59,45,0
2910,2024-11-03,30,74,45,0
2911,2024-11-10,1,211,120,0
2912,2024-11-10,2,205,120,0
2913,2024-11-10,3,135,120,0
2914,2024-11-10,4,202,120,0
2915,2024-11-10,5,168,120,0
2916,2024-11-10,6,199,110,0
2917,2024-11-10,7,167,110,0
2918,2024-11-10,8,119,110,0
2919,2024-11-10,9,194,110,0
2920,2024-11-10,10,142,110,0
2921,2024-11-10,11,105,50,0
2922,2024-11-10,12,66,50,0
2923,2024-11-10,13,58,50,0
2924,2024-11-10,14,79,50,0
2925,2024-11-10,15,100,55,0
2926,2024-11-10,16,37,55,62
2927,2024-11-10,17,109,55,0
2928,2024-11-10,18,68,55,0
2929,2024-11-10,19,63,30,0
2930,2024-11-10,20,35,30,0
2931,2024-11-10,21,38,30,0
2932,2024-11-10,22,43,30,0
2933,2024-11-10,23,198,90,0
2934,2024-11-10,24,208,90,0
2935,2024-11-10,25,119,90,0
2936,2024-11-10,26,101,90,0
2937,2024-11-10,27,100,45,0
2938,2024-11-10,28,42,45,39
2939,2024-11-10,29,58,45,0
2940,2024-11-10,30,77,45,0
2941,2024-11-17,1,176,120,0
2942,2024-11-17,2,150,120,0
2943,2024-11-17,3,117,120,99
2944,2024-11-17,4,154,120,0
2945,2024-11-17,5,205,120,0
2946,2024-11-17,6,179,110,0
2947,2024-11-17,7,130,110,0
2948,2024-11-17,8,190,110,0
2949,2024-11-17,9,195,110,0
2950,2024-11-17,10,100,110,98
2951,2024-11-17,11,73,50,0
2952,2024-11-17,12,46,50,44
2953,2024-11-17,13,109,50,0
2954,2024-11-17,14,91,50,0
2955,2024-11-17,15,84,55,0
2956,2024-11-17,16,57,55,0
2957,2024-11-17,17,71,55,0
2958,2024-11-17,18,84,55,0
2959,2024-11-17,19,62,30,0
2960,2024-11-17,20,53,30,0
2961,2024-11-17,21,50,30,0
2962,2024-11-17,22,48,30,0
2963,2024-11-17,23,160,90,0
2964,2024-11-17,24,190,90,0
2965,2024-11-17,25,84,90,78
2966,2024-11-17,26,157,90,0
2967,2024-11-17,27,75,45,0
2968,2024-11-17,28,75,45,0
2969,2024-11-17,29,82,45,0
2970,2024-11-17,30,83,45,0
2971,2024-11-24,1,202,120,0
2972,2024-11-24,2,183,120,0
2973,2024-11-24,3,207,120,0
2974,2024-11-24,4,179,120,0
2975,2024-11-24,5,205,120,0
2976,2024-11-24,6,199,110,0
2977,2024-11-24,7,136,110,0
2978,2024-11-24,8,210,110,0
2979,2024-11-24,9,202,110,0
2980,2024-11-24,10,107,110,91
2981,2024-11-24,11,47,50,43
2982,2024-11-24,12,94,50,0
2983,2024-11-24,13,54,50,0
2984,2024-11-24,14,68,50,0
2985,2024-11-24,15,76,55,0
2986,2024-11-24,16,87,55,0
2987,2024-11-24,17,100,55,0
2988,2024-11-24,18,110,55,0
2989,2024-11-24,19,42,30,0
2990,2024-11-24,20,56,30,0
2991,2024-11-24,21,53,30,0
2992,2024-11-24,22,48,30,0
2993,2024-11-24,23,156,90,0
2994,2024-11-24,24,136,90,0
2995,2024-11-24,25,139,90,0
2996,2024-11-24,26,160,90,0
2997,2024-11-24,27,52,45,0
2998,2024-11-24,28,57,45,0
2999,2024-11-24,29,79,45,0
3000,2024-11-24,30,85,45,0
3001,2024-12-01,1,211,120,0
3002,2024-12-01,2,176,120,0
3003,2024-12-01,3,190,120,0
3004,2024-12-01,4,133,120,0
3005,2024-12-01,5,205,120,0
3006,2024-12-01,6,144,110,0
3007,2024-12-01,7,129,110,0
3008,2024-12-01,8,230,110,0
3009,2024-12-01,9,180,110,0
3010,2024-12-01,10,139,110,0
3011,2024-12-01,11,80,60,0
3012,2024-12-01,12,98,60,0
3013,2024-12-01,13,69,60,0
3014,2024-12-01,14,122,60,0
3015,2024-12-01,15,45,55,54
3016,2024-12-01,16,82,55,0
3017,2024-12-01,17,87,55,0
3018,2024-12-01,18,81,55,0
3019,2024-12-01,19,55,30,0
3020,2024-12-01,20,51,30,0
3021,2024-12-01,21,43,30,0
3022,2024-12-01,22,40,30,0
3023,2024-12-01,23,148,108,0
3024,2024-12-01,24,193,108,0
3025,2024-12-01,25,145,108,0
3026,2024-12-01,26,264,108,0
3027,2024-12-01,27,78,45,0
3028,2024-12-01,28,73,45,0
3029,2024-12-01,29,70,45,0
3030,2024-12-01,30,55,45,0
3031,2024-12-08,1,224,120,0
3032,2024-12-08,2,142,120,0
3033,2024-12-08,3,261,120,0
3034,2024-12-08,4,233,120,0
3035,2024-12-08,5,219,120,0
3036,2024-12-08,6,206,110,0
3037,2024-12-08,7,188,110,0
3038,2024-12-08,8,181,110,0
3039,2024-12-08,9,163,110,0
3040,2024-12-08,10,168,110,0
3041,2024-12-08,11,83,60,0
3042,2024-12-08,12,99,60,0
3043,2024-12-08,13,134,60,0
3044,2024-12-08,14,106,60,0
3045,2024-12-08,15,65,55,0
3046,2024-12-08,16,112,55,0
3047,2024-12-08,17,65,55,0
3048,2024-12-08,18,111,55,0
3049,2024-12-08,19,51,30,0
3050,2024-12-08,20,50,30,0
3051,2024-12-08,21,59,30,0
3052,2024-12-08,22,63,30,0
3053,2024-12-08,23,161,108,0
3054,2024-12-08,24,104,108,90
3055,2024-12-08,25,201,108,0
3056,2024-12-08,26,135,108,0
3057,2024-12-08,27,59,45,0
3058,2024-12-08,28,76,45,0
3059,2024-12-08,29,65,45,0
3060,2024-12-08,30,61,45,0
3061,2024-12-15,1,175,120,0
3062,2024-12-15,2,241,120,0
3063,2024-12-15,3,171,120,0
3064,2024-12-15,4,193,120,0
3065,2024-12-15,5,243,120,0
3066,2024-12-15,6,166,110,0
3067,2024-12-15,7,138,110,0
3068,2024-12-15,8,165,110,0
3069,2024-12-15,9,98,110,100
3070,2024-12-15,10,180,110,0
3071,2024-12-15,11,88,60,0
3072,2024-12-15,12,72,60,0
3073,2024-12-15,13,144,60,0
3074,2024-12-15,14,74,60,0
3075,2024-12-15,15,107,55,0
3076,2024-12-15,16,100,55,0
3077,2024-12-15,17,80,55,0
3078,2024-12-15,18,97,55,0
3079,2024-12-15,19,44,30,0
3080,2024-12-15,20,43,30,0
3081,2024-12-15,21,44,30,0
3082,2024-12-15,22,56,30,0
3083,2024-12-15,23,183,108,0
3084,2024-12-15,24,183,108,0
3085,2024-12-15,25,107,108,87
3086,2024-12-15,26,187,108,0
3087,2024-12-15,27,54,45,0
3088,2024-12-15,28,54,45,0
3089,2024-12-15,29,71,45,0
3090,2024-12-15,30,98,45,0
3091,2024-12-22,1,212,120,0
3092,2024-12-22,2,138,120,0
3093,2024-12-22,3,285,120,0
3094,2024-12-22,4,149,120,0
3095,2024-12-22,5,237,120,0
3096,2024-12-22,6,230,110,0
3097,2024-12-22,7,182,110,0
3098,2024-12-22,8,126,110,0
3099,2024-12-22,9,181,110,0
3100,2024-12-22,10,172,110,0
3101,2024-12-22,11,55,60,53
3102,2024-12-22,12,89,60,0
3103,2024-12-22,13,68,60,0
3104,2024-12-22,14,95,60,0
3105,2024-12-22,15,101,55,0
3106,2024-12-22,16,84,55,0
3107,2024-12-22,17,110,55,0
3108,2024-12-22,18,97,55,0
3109,2024-12-22,19,38,30,0
3110,2024-12-22,20,40,30,0
3111,2024-12-22,21,61,30,0
3112,2024-12-22,22,45,30,0
3113,2024-12-22,23,276,108,0
3114,2024-12-22,24,129,108,0
3115,2024-12-22,25,215,108,0
3116,2024-12-22,26,106,108,88
3117,2024-12-22,27,21,45,60
3118,2024-12-22,28,79,45,0
3119,2024-12-22,29,37,45,44
3120,2024-12-22,30,92,45,0
3121,2024-12-29,1,245,120,0
3122,2024-12-29,2,161,120,0
3123,2024-12-29,3,170,120,0
3124,2024-12-29,4,98,120,118
3125,2024-12-29,5,123,120,0
3126,2024-12-29,6,131,110,0
3127,2024-12-29,7,128,110,0
3128,2024-12-29,8,182,110,0
3129,2024-12-29,9,235,110,0
3130,2024-12-29,10,160,110,0
3131,2024-12-29,11,94,60,0
3132,2024-12-29,12,101,60,0
3133,2024-12-29,13,72,60,0
3134,2024-12-29,14,98,60,0
3135,2024-12-29,15,75,55,0
3136,2024-12-29,16,120,55,0
3137,2024-12-29,17,79,55,0
3138,2024-12-29,18,94,55,0
3139,2024-12-29,19,45,30,0
3140,2024-12-29,20,44,30,0
3141,2024-12-29,21,52,30,0
3142,2024-12-29,22,43,30,0
3143,2024-12-29,23,166,108,0
3144,2024-12-29,24,160,108,0
3145,2024-12-29,25,254,108,0
3146,2024-12-29,26,167,108,0
3147,2024-12-29,27,83,45,0
3148,2024-12-29,28,60,45,0
3149,2024-12-29,29,67,45,0
3150,2024-12-29,30,88,45,0
3151,2025-01-05,1,203,120,0
3152,2025-01-05,2,270,120,0
3153,2025-01-05,3,169,120,0
3154,2025-01-05,4,272,120,0
3155,2025-01-05,5,190,120,0
3156,2025-01-05,6,171,110,0
3157,2025-01-05,7,192,110,0
3158,2025-01-05,8,167,110,0
3159,2025-01-05,9,210,110,0
3160,2025-01-05,10,170,110,0
3161,2025-01-05,11,83,60,0
3162,2025-01-05,12,94,60,0
3163,2025-01-05,13,47,60,61
3164,2025-01-05,14,82,60,0
3165,2025-01-05,15,97,55,0
3166,2025-01-05,16,112,55,0
3167,2025-01-05,17,104,55,0
3168,2025-01-05,18,91,55,0
3169,2025-01-05,19,48,30,0
3170,2025-01-05,20,44,30,0
3171,2025-01-05,21,47,30,0
3172,2025-01-05,22,54,30,0
3173,2025-01-05,23,143,108,0
3174,2025-01-05,24,170,108,0
3175,2025-01-05,25,210,108,0
3176,2025-01-05,26,202,108,0
3177,2025-01-05,27,77,45,0
3178,2025-01-05,28,57,45,0
3179,2025-01-05,29,88,45,0
3180,2025-01-05,30,40,45,41
3181,2025-01-12,1,163,120,0
3182,2025-01-12,2,204,120,0
3183,2025-01-12,3,227,120,0
3184,2025-01-12,4,171,120,0
3185,2025-01-12,5,211,120,0
3186,2025-01-12,6,136,110,0
3187,2025-01-12,7,191,110,0
3188,2025-01-12,8,217,110,0
3189,2025-01-12,9,173,110,0
3190,2025-01-12,10,233,110,0
3191,2025-01-12,11,103,60,0
3192,2025-01-12,12,111,60,0
3193,2025-01-12,13,101,60,0
3194,2025-01-12,14,51,60,57
3195,2025-01-12,15,110,55,0
3196,2025-01-12,16,99,55,0
3197,2025-01-12,17,90,55,0
3198,2025-01-12,18,65,55,0
3199,2025-01-12,19,47,30,0
3200,2025-01-12,20,44,30,0
3201,2025-01-12,21,27,30,27
3202,2025-01-12,22,70,30,0
3203,2025-01-12,23,221,108,0
3204,2025-01-12,24,143,108,0
3205,2025-01-12,25,147,108,0
3206,2025-01-12,26,181,108,0
3207,2025-01-12,27,84,45,0
3208,2025-01-12,28,69,45,0
3209,2025-01-12,29,77,45,0
3210,2025-01-12,30,61,45,0
3211,2025-01-19,1,158,120,0
3212,2025-01-19,2,170,120,0
3213,2025-01-19,3,169,120,0
3214,2025-01-19,4,131,120,0
3215,2025-01-19,5,194,120,0
3216,2025-01-19,6,229,110,0
3217,2025-01-19,7,135,110,0
3218,2025-01-19,8,157,110,0
3219,2025-01-19,9,149,110,0
3220,2025-01-19,10,133,110,0
3221,2025-01-19,11,33,60,75
3222,2025-01-19,12,80,60,0
3223,2025-01-19,13,82,60,0
3224,2025-01-19,14,117,60,0
3225,2025-01-19,15,87,55,0
3226,2025-01-19,16,105,55,0
3227,2025-01-19,17,88,55,0
3228,2025-01-19,18,82,55,0
3229,2025-01-19,19,67,30,0
3230,2025-01-19,20,43,30,0
3231,2025-01-19,21,48,30,0
3232,2025-01-19,22,42,30,0
3233,2025-01-19,23,153,108,0
3234,2025-01-19,24,214,108,0
3235,2025-01-19,25,175,108,0
3236,2025-01-19,26,135,108,0
3237,2025-01-19,27,75,45,0
3238,2025-01-19,28,88,45,0
3239,2025-01-19,29,61,45,0
3240,2025-01-19,30,61,45,0
3241,2025-01-26,1,165,120,0
3242,2025-01-26,2,181,120,0
3243,2025-01-26,3,211,120,0
3244,2025-01-26,4,193,120,0
3245,2025-01-26,5,200,120,0
3246,2025-01-26,6,229,110,0
3247,2025-01-26,7,181,110,0
3248,2025-01-26,8,205,110,0
3249,2025-01-26,9,155,110,0
3250,2025-01-26,10,195,110,0
3251,2025-01-26,11,102,60,0
3252,2025-01-26,12,90,60,0
3253,2025-01-26,13,102,60,0
3254,2025-01-26,14,64,60,0
3255,2025-01-26,15,97,55,0
3256,2025-01-26,16,62,55,0
3257,2025-01-26,17,113,55,0
3258,2025-01-26,18,84,55,0
3259,2025-01-26,19,40,30,0
3260,2025-01-26,20,55,30,0
3261,2025-01-26,21,52,30,0
3262,2025-01-26,22,48,30,0
3263,2025-01-26,23,71,108,123
3264,2025-01-26,24,210,108,0
3265,2025-01-26,25,176,108,0
3266,2025-01-26,26,152,108,0
3267,2025-01-26,27,56,45,0
3268,2025-01-26,28,91,45,0
3269,2025-01-26,29,77,45,0
3270,2025-01-26,30,98,45,0
3271,2025-02-02,1,246,120,0
3272,2025-02-02,2,201,120,0
3273,2025-02-02,3,211,120,0
3274,2025-02-02,4,129,120,0
3275,2025-02-02,5,221,120,0
3276,2025-02-02,6,182,110,0
3277,2025-02-02,7,175,110,0
3278,2025-02-02,8,159,110,0
3279,2025-02-02,9,203,110,0
3280,2025-02-02,10,156,110,0
3281,2025-02-02,11,73,60,0
3282,2025-02-02,12,75,60,0
3283,2025-02-02,13,71,60,0
3284,2025-02-02,14,116,60,0
3285,2025-02-02,15,79,55,0
3286,2025-02-02,16,86,55,0
3287,2025-02-02,17,114,55,0
3288,2025-02-02,18,69,55,0
3289,2025-02-02,19,36,30,0
3290,2025-02-02,20,49,30,0
3291,2025-02-02,21,42,30,0
3292,2025-02-02,22,58,30,0
3293,2025-02-02,23,167,108,0
3294,2025-02-02,24,144,108,0
3295,2025-02-02,25,147,108,0
3296,2025-02-02,26,203,108,0
3297,2025-02-02,27,67,45,0
3298,2025-02-02,28,77,45,0
3299,2025-02-02,29,59,45,0
3300,2025-02-02,30,56,45,0
3301,2025-02-09,1,154,120,0
3302,2025-02-09,2,161,120,0
3303,2025-02-09,3,216,120,0
3304,2025-02-09,4,131,120,0
3305,2025-02-09,5,143,120,0
3306,2025-02-09,6,199,110,0
3307,2025-02-09,7,192,110,0
3308,2025-02-09,8,198,110,0
3309,2025-02-09,9,130,110,0
3310,2025-02-09,10,174,110,0
3311,2025-02-09,11,61,60,0
3312,2025-02-09,12,65,60,0
3313,2025-02-09,13,88,60,0
3314,2025-02-09,14,101,60,0
3315,2025-02-09,15,107,55,0
3316,2025-02-09,16,79,55,0
3317,2025-02-09,17,97,55,0
3318,2025-02-09,18,70,55,0
3319,2025-02-09,19,62,30,0
3320,2025-02-09,20,55,30,0
3321,2025-02-09,21,40,30,0
3322,2025-02-09,22,43,30,0
3323,2025-02-09,23,181,108,0
3324,2025-02-09,24,152,108,0
3325,2025-02-09,25,132,108,0
3326,2025-02-09,26,184,108,0
3327,2025-02-09,27,72,45,0
3328,2025-02-09,28,62,45,0
3329,2025-02-09,29,75,45,0
3330,2025-02-09,30,48,45,0
3331,2025-02-16,1,207,120,0
3332,2025-02-16,2,200,120,0
3333,2025-02-16,3,154,120,0
3334,2025-02-16,4,114,120,102
3335,2025-02-16,5,213,120,0
3336,2025-02-16,6,146,110,0
3337,2025-02-16,7,197,110,0
3338,2025-02-16,8,209,110,0
3339,2025-02-16,9,250,110,0
3340,2025-02-16,10,104,110,94
3341,2025-02-16,11,111,60,0
3342,2025-02-16,12,78,60,0
3343,2025-02-16,13,108,60,0
3344,2025-02-16,14,100,60,0
3345,2025-02-16,15,118,55,0
3346,2025-02-16,16,96,55,0
3347,2025-02-16,17,112,55,0
3348,2025-02-16,18,88,55,0
3349,2025-02-16,19,38,30,0
3350,2025-02-16,20,72,30,0
3351,2025-02-16,21,51,30,0
3352,2025-02-16,22,43,30,0
3353,2025-02-16,23,150,108,0
3354,2025-02-16,24,209,108,0
3355,2025-02-16,25,93,108,101
3356,2025-02-16,26,121,108,0
3357,2025-02-16,27,70,45,0
3358,2025-02-16,28,38,45,43
3359,2025-02-16,29,59,45,0
3360,2025-02-16,30,72,45,0
3361,2025-02-23,1,231,120,0
3362,2025-02-23,2,233,120,0
3363,2025-02-23,3,218,120,0
3364,2025-02-23,4,121,120,0
3365,2025-02-23,5,143,120,0
3366,2025-02-23,6,166,110,0
3367,2025-02-23,7,219,110,0
3368,2025-02-23,8,202,110,0
3369,2025-02-23,9,181,110,0
3370,2025-02-23,10,95,110,103
3371,2025-02-23,11,112,60,0
3372,2025-02-23,12,84,60,0
3373,2025-02-23,13,80,60,0
3374,2025-02-23,14,111,60,0
3375,2025-02-23,15,73,55,0
3376,2025-02-23,16,92,55,0
3377,2025-02-23,17,91,55,0
3378,2025-02-23,18,123,55,0
3379,2025-02-23,19,42,30,0
3380,2025-02-23,20,56,30,0
3381,2025-02-23,21,35,30,0
3382,2025-02-23,22,49,30,0
3383,2025-02-23,23,158,108,0
3384,2025-02-23,24,178,108,0
3385,2025-02-23,25,181,108,0
3386,2025-02-23,26,218,108,0
3387,2025-02-23,27,74,45,0
3388,2025-02-23,28,57,45,0
3389,2025-02-23,29,46,45,0
3390,2025-02-23,30,62,45,0
3391,2025-03-02,1,234,120,0
3392,2025-03-02,2,215,120,0
3393,2025-03-02,3,177,120,0
3394,2025-03-02,4,167,120,0
3395,2025-03-02,5,185,120,0
3396,2025-03-02,6,129,110,0
3397,2025-03-02,7,188,110,0
3398,2025-03-02,8,189,110,0
3399,2025-03-02,9,232,110,0
3400,2025-03-02,10,207,110,0
3401,2025-03-02,11,43,50,47
3402,2025-03-02,12,99,50,0
3403,2025-03-02,13,85,50,0
3404,2025-03-02,14,76,50,0
3405,2025-03-02,15,90,55,0
3406,2025-03-02,16,92,55,0
3407,2025-03-02,17,101,55,0
3408,2025-03-02,18,78,55,0
3409,2025-03-02,19,57,30,0
3410,2025-03-02,20,76,30,0
3411,2025-03-02,21,37,30,0
3412,2025-03-02,22,41,30,0
3413,2025-03-02,23,142,90,0
3414,2025-03-02,24,99,90,0
3415,2025-03-02,25,138,90,0
3416,2025-03-02,26,174,90,0
3417,2025-03-02,27,71,45,0
3418,2025-03-02,28,51,45,0
3419,2025-03-02,29,86,45,0
3420,2025-03-02,30,77,45,0
3421,2025-03-09,1,216,120,0
3422,2025-03-09,2,219,120,0
3423,2025-03-09,3,229,120,0
3424,2025-03-09,4,191,120,0
3425,2025-03-09,5,205,120,0
3426,2025-03-09,6,194,110,0
3427,2025-03-09,7,190,110,0
3428,2025-03-09,8,170,110,0
3429,2025-03-09,9,187,110,0
3430,2025-03-09,10,118,110,0
3431,2025-03-09,11,92,50,0
3432,2025-03-09,12,82,50,0
3433,2025-03-09,13,70,50,0
3434,2025-03-09,14,51,50,0
3435,2025-03-09,15,90,55,0
3436,2025-03-09,16,65,55,0
3437,2025-03-09,17,67,55,0
3438,2025-03-09,18,47,55,52
3439,2025-03-09,19,61,30,0
3440,2025-03-09,20,33,30,0
3441,2025-03-09,21,62,30,0
3442,2025-03-09,22,62,30,0
3443,2025-03-09,23,132,90,0
3444,2025-03-09,24,136,90,0
3445,2025-03-09,25,147,90,0
3446,2025-03-09,26,120,90,0
3447,2025-03-09,27,68,45,0
3448,2025-03-09,28,59,45,0
3449,2025-03-09,29,57,45,0
3450,2025-03-09,30,101,45,0
3451,2025-03-16,1,209,120,0
3452,2025-03-16,2,218,120,0
3453,2025-03-16,3,176,120,0
3454,2025-03-16,4,164,120,0
3455,2025-03-16,5,146,120,0
3456,2025-03-16,6,193,110,0
3457,2025-03-16,7,151,110,0
3458,2025-03-16,8,204,110,0
3459,2025-03-16,9,155,110,0
3460,2025-03-16,10,205,110,0
3461,2025-03-16,11,90,50,0
3462,2025-03-16,12,117,50,0
3463,2025-03-16,13,69,50,0
3464,2025-03-16,14,72,50,0
3465,2025-03-16,15,86,55,0
3466,2025-03-16,16,110,55,0
3467,2025-03-16,17,89,55,0
3468,2025-03-16,18,64,55,0
3469,2025-03-16,19,62,30,0
3470,2025-03-16,20,35,30,0
3471,2025-03-16,21,47,30,0
3472,2025-03-16,22,40,30,0
3473,2025-03-16,23,120,90,0
3474,2025-03-16,24,112,90,0
3475,2025-03-16,25,171,90,0
3476,2025-03-16,26,141,90,0
3477,2025-03-16,27,65,45,0
3478,2025-03-16,28,90,45,0
3479,2025-03-16,29,88,45,0
3480,2025-03-16,30,70,45,0
3481,2025-03-23,1,169,120,0
3482,2025-03-23,2,158,120,0
3483,2025-03-23,3,203,120,0
3484,2025-03-23,4,130,120,0
3485,2025-03-23,5,181,120,0
3486,2025-03-23,6,116,110,0
3487,2025-03-23,7,155,110,0
3488,2025-03-23,8,242,110,0
3489,2025-03-23,9,169,110,0
3490,2025-03-23,10,226,110,0
3491,2025-03-23,11,75,50,0
3492,2025-03-23,12,96,50,0
3493,2025-03-23,13,56,50,0
3494,2025-03-23,14,66,50,0
3495,2025-03-23,15,112,55,0
3496,2025-03-23,16,85,55,0
3497,2025-03-23,17,72,55,0
3498,2025-03-23,18,98,55,0
3499,2025-03-23,19,46,30,0
3500,2025-03-23,20,56,30,0
3501,2025-03-23,21,34,30,0
3502,2025-03-23,22,45,30,0
3503,2025-03-23,23,144,90,0
3504,2025-03-23,24,185,90,0
3505,2025-03-23,25,163,90,0
3506,2025-03-23,26,112,90,0
3507,2025-03-23,27,80,45,0
3508,2025-03-23,28,28,45,53
3509,2025-03-23,29,53,45,0
3510,2025-03-23,30,82,45,0
3511,2025-03-30,1,216,120,0
3512,2025-03-30,2,160,120,0
3513,2025-03-30,3,142,120,0
3514,2025-03-30,4,224,120,0
3515,2025-03-30,5,223,120,0
3516,2025-03-30,6,189,110,0
3517,2025-03-30,7,175,110,0
3518,2025-03-30,8,146,110,0
3519,2025-03-30,9,194,110,0
3520,2025-03-30,10,140,110,0
3521,2025-03-30,11,65,50,0
3522,2025-03-30,12,64,50,0
3523,2025-03-30,13,94,50,0
3524,2025-03-30,14,89,50,0
3525,2025-03-30,15,66,55,0
3526,2025-03-30,16,67,55,0
3527,2025-03-30,17,128,55,0
3528,2025-03-30,18,116,55,0
3529,2025-03-30,19,35,30,0
3530,2025-03-30,20,54,30,0
3531,2025-03-30,21,21,30,33
3532,2025-03-30,22,40,30,0
3533,2025-03-30,23,89,90,73
3534,2025-03-30,24,114,90,0
3535,2025-03-30,25,149,90,0
3536,2025-03-30,26,159,90,0
3537,2025-03-30,27,59,45,0
3538,2025-03-30,28,89,45,0
3539,2025-03-30,29,70,45,0
3540,2025-03-30,30,88,45,0
3541,2025-04-06,1,149,120,0
3542,2025-04-06,2,103,120,113
3543,2025-04-06,3,222,120,0
3544,2025-04-06,4,130,120,0
3545,2025-04-06,5,333,120,0
3546,2025-04-06,6,96,110,102
3547,2025-04-06,7,226,110,0
3548,2025-04-06,8,238,110,0
3549,2025-04-06,9,206,110,0
3550,2025-04-06,10,193,110,0
3551,2025-04-06,11,69,50,0
3552,2025-04-06,12,89,50,0
3553,2025-04-06,13,79,50,0
3554,2025-04-06,14,51,50,0
3555,2025-04-06,15,62,55,0
3556,2025-04-06,16,77,55,0
3557,2025-04-06,17,96,55,0
3558,2025-04-06,18,132,55,0
3559,2025-04-06,19,44,30,0
3560,2025-04-06,20,39,30,0
3561,2025-04-06,21,49,30,0
3562,2025-04-06,22,52,30,0
3563,2025-04-06,23,142,90,0
3564,2025-04-06,24,163,90,0
3565,2025-04-06,25,177,90,0
3566,2025-04-06,26,103,90,0
3567,2025-04-06,27,69,45,0
3568,2025-04-06,28,90,45,0
3569,2025-04-06,29,51,45,0
3570,2025-04-06,30,67,45,0
3571,2025-04-13,1,155,120,0
3572,2025-04-13,2,244,120,0
3573,2025-04-13,3,135,120,0
3574,2025-04-13,4,220,120,0
3575,2025-04-13,5,228,120,0
3576,2025-04-13,6,217,110,0
3577,2025-04-13,7,169,110,0
3578,2025-04-13,8,159,110,0
3579,2025-04-13,9,183,110,0
3580,2025-04-13,10,236,110,0
3581,2025-04-13,11,75,50,0
3582,2025-04-13,12,65,50,0
3583,2025-04-13,13,99,50,0
3584,2025-04-13,14,62,50,0
3585,2025-04-13,15,105,55,0
3586,2025-04-13,16,93,55,0
3587,2025-04-13,17,103,55,0
3588,2025-04-13,18,56,55,0
3589,2025-04-13,19,39,30,0
3590,2025-04-13,20,41,30,0
3591,2025-04-13,21,46,30,0
3592,2025-04-13,22,47,30,0
3593,2025-04-13,23,135,90,0
3594,2025-04-13,24,134,90,0
3595,2025-04-13,25,87,90,75
3596,2025-04-13,26,163,90,0
3597,2025-04-13,27,55,45,0
3598,2025-04-13,28,82,45,0
3599,2025-04-13,29,44,45,37
3600,2025-04-13,30,76,45,0
3601,2025-04-20,1,194,120,0
3602,2025-04-20,2,192,120,0
3603,2025-04-20,3,147,120,0
3604,2025-04-20,4,247,120,0
3605,2025-04-20,5,191,120,0
3606,2025-04-20,6,126,110,0
3607,2025-04-20,7,215,110,0
3608,2025-04-20,8,138,110,0
3609,2025-04-20,9,164,110,0
3610,2025-04-20,10,216,110,0
3611,2025-04-20,11,81,50,0
3612,2025-04-20,12,54,50,0
3613,2025-04-20,13,55,50,0
3614,2025-04-20,14,64,50,0
3615,2025-04-20,15,90,55,0
3616,2025-04-20,16,90,55,0
3617,2025-04-20,17,122,55,0
3618,2025-04-20,18,60,55,0
3619,2025-04-20,19,58,30,0
3620,2025-04-20,20,59,30,0
3621,2025-04-20,21,60,30,0
3622,2025-04-20,22,34,30,0
3623,2025-04-20,23,132,90,0
3624,2025-04-20,24,146,90,0
3625,2025-04-20,25,132,90,0
3626,2025-04-20,26,151,90,0
3627,2025-04-20,27,71,45,0
3628,2025-04-20,28,91,45,0
3629,2025-04-20,29,85,45,0
3630,2025-04-20,30,48,45,0
3631,2025-04-27,1,198,120,0
3632,2025-04-27,2,137,120,0
3633,2025-04-27,3,124,120,0
3634,2025-04-27,4,189,120,0
3635,2025-04-27,5,142,120,0
3636,2025-04-27,6,227,110,0
3637,2025-04-27,7,162,110,0
3638,2025-04-27,8,233,110,0
3639,2025-04-27,9,191,110,0
3640,2025-04-27,10,169,110,0
3641,2025-04-27,11,73,50,0
3642,2025-04-27,12,56,50,0
3643,2025-04-27,13,47,50,43
3644,2025-04-27,14,74,50,0
3645,2025-04-27,15,93,55,0
3646,2025-04-27,16,103,55,0
3647,2025-04-27,17,108,55,0
3648,2025-04-27,18,59,55,0
3649,2025-04-27,19,52,30,0
3650,2025-04-27,20,43,30,0
3651,2025-04-27,21,67,30,0
3652,2025-04-27,22,71,30,0
3653,2025-04-27,23,180,90,0
3654,2025-04-27,24,124,90,0
3655,2025-04-27,25,84,90,78
3656,2025-04-27,26,112,90,0
3657,2025-04-27,27,71,45,0
3658,2025-04-27,28,80,45,0
3659,2025-04-27,29,65,45,0
3660,2025-04-27,30,77,45,0
3661,2025-05-04,1,227,120,0
3662,2025-05-04,2,241,120,0
3663,2025-05-04,3,144,120,0
3664,2025-05-04,4,193,120,0
3665,2025-05-04,5,206,120,0
3666,2025-05-04,6,146,110,0
3667,2025-05-04,7,184,110,0
3668,2025-05-04,8,218,110,0
3669,2025-05-04,9,230,110,0
3670,2025-05-04,10,69,110,129
3671,2025-05-04,11,85,50,0
3672,2025-05-04,12,85,50,0
3673,2025-05-04,13,93,50,0
3674,2025-05-04,14,93,50,0
3675,2025-05-04,15,82,55,0
3676,2025-05-04,16,83,55,0
3677,2025-05-04,17,96,55,0
3678,2025-05-04,18,68,55,0
3679,2025-05-04,19,45,30,0
3680,2025-05-04,20,47,30,0
3681,2025-05-04,21,42,30,0
3682,2025-05-04,22,35,30,0
3683,2025-05-04,23,149,90,0
3684,2025-05-04,24,162,90,0
3685,2025-05-04,25,170,90,0
3686,2025-05-04,26,153,90,0
3687,2025-05-04,27,69,45,0
3688,2025-05-04,28,74,45,0
3689,2025-05-04,29,58,45,0
3690,2025-05-04,30,82,45,0
3691,2025-05-11,1,93,120,123
3692,2025-05-11,2,170,120,0
3693,2025-05-11,3,204,120,0
3694,2025-05-11,4,162,120,0
3695,2025-05-11,5,182,120,0
3696,2025-05-11,6,173,110,0
3697,2025-05-11,7,145,110,0
3698,2025-05-11,8,142,110,0
3699,2025-05-11,9,197,110,0
3700,2025-05-11,10,203,110,0
3701,2025-05-11,11,72,50,0
3702,2025-05-11,12,66,50,0
3703,2025-05-11,13,79,50,0
3704,2025-05-11,14,59,50,0
3705,2025-05-11,15,66,55,0
3706,2025-05-11,16,73,55,0
3707,2025-05-11,17,112,55,0
3708,2025-05-11,18,74,55,0
3709,2025-05-11,19,53,30,0
3710,2025-05-11,20,34,30,0
3711,2025-05-11,21,44,30,0
3712,2025-05-11,22,55,30,0
3713,2025-05-11,23,148,90,0
3714,2025-05-11,24,128,90,0
3715,2025-05-11,25,137,90,0
3716,2025-05-11,26,201,90,0
3717,2025-05-11,27,96,45,0
3718,2025-05-11,28,64,45,0
3719,2025-05-11,29,67,45,0
3720,2025-05-11,30,79,45,0
3721,2025-05-18,1,237,120,0
3722,2025-05-18,2,281,120,0
3723,2025-05-18,3,122,120,0
3724,2025-05-18,4,195,120,0
3725,2025-05-18,5,155,120,0
3726,2025-05-18,6,207,110,0
3727,2025-05-18,7,179,110,0
3728,2025-05-18,8,202,110,0
3729,2025-05-18,9,205,110,0
3730,2025-05-18,10,208,110,0
3731,2025-05-18,11,80,50,0
3732,2025-05-18,12,88,50,0
3733,2025-05-18,13,56,50,0
3734,2025-05-18,14,56,50,0
3735,2025-05-18,15,105,55,0
3736,2025-05-18,16,86,55,0
3737,2025-05-18,17,84,55,0
3738,2025-05-18,18,78,55,0
3739,2025-05-18,19,44,30,0
3740,2025-05-18,20,46,30,0
3741,2025-05-18,21,38,30,0
3742,2025-05-18,22,52,30,0
3743,2025-05-18,23,140,90,0
3744,2025-05-18,24,151,90,0
3745,2025-05-18,25,157,90,0
3746,2025-05-18,26,83,90,79
3747,2025-05-18,27,87,45,0
3748,2025-05-18,28,57,45,0
3749,2025-05-18,29,55,45,0
3750,2025-05-18,30,112,45,0
3751,2025-05-25,1,210,120,0
3752,2025-05-25,2,220,120,0
3753,2025-05-25,3,169,120,0
3754,2025-05-25,4,170,120,0
3755,2025-05-25,5,159,120,0
3756,2025-05-25,6,181,110,0
3757,2025-05-25,7,95,110,103
3758,2025-05-25,8,166,110,0
3759,2025-05-25,9,187,110,0
3760,2025-05-25,10,217,110,0
3761,2025-05-25,11,55,50,0
3762,2025-05-25,12,99,50,0
3763,2025-05-25,13,83,50,0
3764,2025-05-25,14,54,50,0
3765,2025-05-25,15,90,55,0
3766,2025-05-25,16,99,55,0
3767,2025-05-25,17,106,55,0
3768,2025-05-25,18,85,55,0
3769,2025-05-25,19,56,30,0
3770,2025-05-25,20,41,30,0
3771,2025-05-25,21,53,30,0
3772,2025-05-25,22,49,30,0
3773,2025-05-25,23,122,90,0
3774,2025-05-25,24,132,90,0
3775,2025-05-25,25,196,90,0
3776,2025-05-25,26,127,90,0
3777,2025-05-25,27,81,45,0
3778,2025-05-25,28,74,45,0
3779,2025-05-25,29,76,45,0
3780,2025-05-25,30,92,45,0
3781,2025-06-01,1,294,150,0
3782,2025-06-01,2,217,150,0
3783,2025-06-01,3,296,150,0
3784,2025-06-01,4,238,150,0
3785,2025-06-01,5,323,150,0
3786,2025-06-01,6,256,137,0
3787,2025-06-01,7,242,137,0
3788,2025-06-01,8,291,137,0
3789,2025-06-01,9,333,137,0
3790,2025-06-01,10,256,137,0
3791,2025-06-01,11,77,50,0
3792,2025-06-01,12,72,50,0
3793,2025-06-01,13,101,50,0
3794,2025-06-01,14,59,50,0
3795,2025-06-01,15,71,55,0
3796,2025-06-01,16,105,55,0
3797,2025-06-01,17,65,55,0
3798,2025-06-01,18,67,55,0
3799,2025-06-01,19,52,30,0
3800,2025-06-01,20,54,30,0
3801,2025-06-01,21,47,30,0
3802,2025-06-01,22,40,30,0
3803,2025-06-01,23,163,90,0
3804,2025-06-01,24,148,90,0
3805,2025-06-01,25,135,90,0
3806,2025-06-01,26,118,90,0
3807,2025-06-01,27,98,56,0
3808,2025-06-01,28,87,56,0
3809,2025-06-01,29,100,56,0
3810,2025-06-01,30,112,56,0
3811,2025-06-08,1,312,150,0
3812,2025-06-08,2,301,150,0
3813,2025-06-08,3,215,150,0
3814,2025-06-08,4,184,150,0
3815,2025-06-08,5,225,150,0
3816,2025-06-08,6,223,137,0
3817,2025-06-08,7,279,137,0
3818,2025-06-08,8,217,137,0
3819,2025-06-08,9,271,137,0
3820,2025-06-08,10,225,137,0
3821,2025-06-08,11,84,50,0
3822,2025-06-08,12,108,50,0
3823,2025-06-08,13,106,50,0
3824,2025-06-08,14,59,50,0
3825,2025-06-08,15,92,55,0
3826,2025-06-08,16,87,55,0
3827,2025-06-08,17,60,55,0
3828,2025-06-08,18,100,55,0
3829,2025-06-08,19,47,30,0
3830,2025-06-08,20,58,30,0
3831,2025-06-08,21,38,30,0
3832,2025-06-08,22,54,30,0
3833,2025-06-08,23,100,90,0
3834,2025-06-08,24,152,90,0
3835,2025-06-08,25,124,90,0
3836,2025-06-08,26,128,90,0
3837,2025-06-08,27,105,56,0
3838,2025-06-08,28,33,56,67
3839,2025-06-08,29,103,56,0
3840,2025-06-08,30,61,56,0
3841,2025-06-15,1,248,150,0
3842,2025-06-15,2,147,150,123
3843,2025-06-15,3,219,150,0
3844,2025-06-15,4,248,150,0
3845,2025-06-15,5,220,150,0
3846,2025-06-15,6,264,137,0
3847,2025-06-15,7,84,137,162
3848,2025-06-15,8,261,137,0
3849,2025-06-15,9,272,137,0
3850,2025-06-15,10,239,137,0
3851,2025-06-15,11,47,50,43
3852,2025-06-15,12,65,50,0
3853,2025-06-15,13,85,50,0
3854,2025-06-15,14,69,50,0
3855,2025-06-15,15,75,55,0
3856,2025-06-15,16,107,55,0
3857,2025-06-15,17,82,55,0
3858,2025-06-15,18,91,55,0
3859,2025-06-15,19,30,30,0
3860,2025-06-15,20,42,30,0
3861,2025-06-15,21,51,30,0
3862,2025-06-15,22,46,30,0
3863,2025-06-15,23,166,90,0
3864,2025-06-15,24,167,90,0
3865,2025-06-15,25,218,90,0
3866,2025-06-15,26,139,90,0
3867,2025-06-15,27,75,56,0
3868,2025-06-15,28,106,56,0
3869,2025-06-15,29,102,56,0
3870,2025-06-15,30,82,56,0
3871,2025-06-22,1,278,150,0
3872,2025-06-22,2,182,150,0
3873,2025-06-22,3,252,150,0
3874,2025-06-22,4,234,150,0
3875,2025-06-22,5,219,150,0
3876,2025-06-22,6,192,137,0
3877,2025-06-22,7,288,137,0
3878,2025-06-22,8,193,137,0
3879,2025-06-22,9,214,137,0
3880,2025-06-22,10,211,137,0
3881,2025-06-22,11,66,50,0
3882,2025-06-22,12,79,50,0
3883,2025-06-22,13,101,50,0
3884,2025-06-22,14,52,50,0
3885,2025-06-22,15,88,55,0
3886,2025-06-22,16,117,55,0
3887,2025-06-22,17,50,55,49
3888,2025-06-22,18,76,55,0
3889,2025-06-22,19,54,30,0
3890,2025-06-22,20,25,30,29
3891,2025-06-22,21,31,30,0
3892,2025-06-22,22,38,30,0
3893,2025-06-22,23,122,90,0
3894,2025-06-22,24,132,90,0
3895,2025-06-22,25,154,90,0
3896,2025-06-22,26,110,90,0
3897,2025-06-22,27,71,56,0
3898,2025-06-22,28,92,56,0
3899,2025-06-22,29,110,56,0
3900,2025-06-22,30,84,56,0
3901,2025-06-29,1,319,150,0
3902,2025-06-29,2,233,150,0
3903,2025-06-29,3,239,150,0
3904,2025-06-29,4,207,150,0
3905,2025-06-29,5,259,150,0
3906,2025-06-29,6,276,137,0
3907,2025-06-29,7,247,137,0
3908,2025-06-29,8,177,137,0
3909,2025-06-29,9,222,137,0
3910,2025-06-29,10,181,137,0
3911,2025-06-29,11,77,50,0
3912,2025-06-29,12,95,50,0
3913,2025-06-29,13,72,50,0
3914,2025-06-29,14,90,50,0
3915,2025-06-29,15,112,55,0
3916,2025-06-29,16,89,55,0
3917,2025-06-29,17,77,55,0
3918,2025-06-29,18,124,55,0
3919,2025-06-29,19,28,30,26
3920,2025-06-29,20,51,30,0
3921,2025-06-29,21,36,30,0
3922,2025-06-29,22,49,30,0
3923,2025-06-29,23,172,90,0
3924,2025-06-29,24,150,90,0
3925,2025-06-29,25,205,90,0
3926,2025-06-29,26,191,90,0
3927,2025-06-29,27,94,56,0
3928,2025-06-29,28,134,56,0
3929,2025-06-29,29,97,56,0
3930,2025-06-29,30,82,56,0
3931,2025-07-06,1,197,150,0
3932,2025-07-06,2,267,150,0
3933,2025-07-06,3,254,150,0
3934,2025-07-06,4,256,150,0
3935,2025-07-06,5,223,150,0
3936,2025-07-06,6,235,137,0
3937,2025-07-06,7,330,137,0
3938,2025-07-06,8,233,137,0
3939,2025-07-06,9,275,137,0
3940,2025-07-06,10,273,137,0
3941,2025-07-06,11,57,50,0
3942,2025-07-06,12,85,50,0
3943,2025-07-06,13,73,50,0
3944,2025-07-06,14,60,50,0
3945,2025-07-06,15,49,55,50
3946,2025-07-06,16,117,55,0
3947,2025-07-06,17,108,55,0
3948,2025-07-06,18,70,55,0
3949,2025-07-06,19,44,30,0
3950,2025-07-06,20,51,30,0
3951,2025-07-06,21,52,30,0
3952,2025-07-06,22,47,30,0
3953,2025-07-06,23,125,90,0
3954,2025-07-06,24,181,90,0
3955,2025-07-06,25,102,90,0
3956,2025-07-06,26,108,90,0
3957,2025-07-06,27,93,56,0
3958,2025-07-06,28,88,56,0
3959,2025-07-06,29,76,56,0
3960,2025-07-06,30,50,56,50
3961,2025-07-13,1,270,150,0
3962,2025-07-13,2,176,150,0
3963,2025-07-13,3,212,150,0
3964,2025-07-13,4,282,150,0
3965,2025-07-13,5,227,150,0
3966,2025-07-13,6,149,137,0
3967,2025-07-13,7,178,137,0
3968,2025-07-13,8,299,137,0
3969,2025-07-13,9,204,137,0
3970,2025-07-13,10,203,137,0
3971,2025-07-13,11,94,50,0
3972,2025-07-13,12,70,50,0
3973,2025-07-13,13,125,50,0
3974,2025-07-13,14,84,50,0
3975,2025-07-13,15,99,55,0
3976,2025-07-13,16,66,55,0
3977,2025-07-13,17,79,55,0
3978,2025-07-13,18,97,55,0
3979,2025-07-13,19,49,30,0
3980,2025-07-13,20,43,30,0
3981,2025-07-13,21,53,30,0
3982,2025-07-13,22,58,30,0
3983,2025-07-13,23,203,90,0
3984,2025-07-13,24,116,90,0
3985,2025-07-13,25,222,90,0
3986,2025-07-13,26,199,90,0
3987,2025-07-13,27,127,56,0
3988,2025-07-13,28,83,56,0
3989,2025-07-13,29,99,56,0
3990,2025-07-13,30,104,56,0
3991,2025-07-20,1,207,150,0
3992,2025-07-20,2,173,150,0
3993,2025-07-20,3,205,150,0
3994,2025-07-20,4,270,150,0
3995,2025-07-20,5,222,150,0
3996,2025-07-20,6,325,137,0
3997,2025-07-20,7,242,137,0
3998,2025-07-20,8,248,137,0
3999,2025-07-20,9,188,137,0
4000,2025-07-20,10,236,137,0
4001,2025-07-20,11,77,50,0
4002,2025-07-20,12,63,50,0
4003,2025-07-20,13,81,50,0
4004,2025-07-20,14,111,50,0
4005,2025-07-20,15,69,55,0
4006,2025-07-20,16,65,55,0
4007,2025-07-20,17,52,55,47
4008,2025-07-20,18,37,55,62
4009,2025-07-20,19,61,30,0
4010,2025-07-20,20,58,30,0
4011,2025-07-20,21,67,30,0
4012,2025-07-20,22,48,30,0
4013,2025-07-20,23,124,90,0
4014,2025-07-20,24,130,90,0
4015,2025-07-20,25,138,90,0
4016,2025-07-20,26,163,90,0
4017,2025-07-20,27,117,56,0
4018,2025-07-20,28,123,56,0
4019,2025-07-20,29,97,56,0
4020,2025-07-20,30,79,56,0
4021,2025-07-27,1,266,150,0
4022,2025-07-27,2,195,150,0
4023,2025-07-27,3,204,150,0
4024,2025-07-27,4,280,150,0
4025,2025-07-27,5,192,150,0
4026,2025-07-27,6,195,137,0
4027,2025-07-27,7,148,137,0
4028,2025-07-27,8,207,137,0
4029,2025-07-27,9,294,137,0
4030,2025-07-27,10,252,137,0
4031,2025-07-27,11,89,50,0
4032,2025-07-27,12,67,50,0
4033,2025-07-27,13,72,50,0
4034,2025-07-27,14,43,50,47
4035,2025-07-27,15,102,55,0
4036,2025-07-27,16,102,55,0
4037,2025-07-27,17,101,55,0
4038,2025-07-27,18,114,55,0
4039,2025-07-27,19,51,30,0
4040,2025-07-27,20,34,30,0
4041,2025-07-27,21,49,30,0
4042,2025-07-27,22,60,30,0
4043,2025-07-27,23,156,90,0
4044,2025-07-27,24,149,90,0
4045,2025-07-27,25,138,90,0
4046,2025-07-27,26,181,90,0
4047,2025-07-27,27,70,56,0
4048,2025-07-27,28,67,56,0
4049,2025-07-27,29,105,56,0
4050,2025-07-27,30,101,56,0
4051,2025-08-03,1,311,150,0
4052,2025-08-03,2,162,150,0
4053,2025-08-03,3,274,150,0
4054,2025-08-03,4,264,150,0
4055,2025-08-03,5,288,150,0
4056,2025-08-03,6,236,137,0
4057,2025-08-03,7,266,137,0
4058,2025-08-03,8,167,137,0
4059,2025-08-03,9,252,137,0
4060,2025-08-03,10,211,137,0
4061,2025-08-03,11,91,50,0
4062,2025-08-03,12,68,50,0
4063,2025-08-03,13,83,50,0
4064,2025-08-03,14,88,50,0
4065,2025-08-03,15,93,55,0
4066,2025-08-03,16,92,55,0
4067,2025-08-03,17,73,55,0
4068,2025-08-03,18,80,55,0
4069,2025-08-03,19,26,30,28
4070,2025-08-03,20,46,30,0
4071,2025-08-03,21,50,30,0
4072,2025-08-03,22,48,30,0
4073,2025-08-03,23,111,90,0
4074,2025-08-03,24,173,90,0
4075,2025-08-03,25,156,90,0
4076,2025-08-03,26,146,90,0
4077,2025-08-03,27,77,56,0
4078,2025-08-03,28,73,56,0
4079,2025-08-03,29,103,56,0
4080,2025-08-03,30,106,56,0
4081,2025-08-10,1,209,150,0
4082,2025-08-10,2,150,150,0
4083,2025-08-10,3,259,150,0
4084,2025-08-10,4,353,150,0
4085,2025-08-10,5,191,150,0
4086,2025-08-10,6,214,137,0
4087,2025-08-10,7,227,137,0
4088,2025-08-10,8,218,137,0
4089,2025-08-10,9,281,137,0
4090,2025-08-10,10,168,137,0
4091,2025-08-10,11,105,50,0
4092,2025-08-10,12,80,50,0
4093,2025-08-10,13,87,50,0
4094,2025-08-10,14,82,50,0
4095,2025-08-10,15,86,55,0
4096,2025-08-10,16,78,55,0
4097,2025-08-10,17,83,55,0
4098,2025-08-10,18,127,55,0
4099,2025-08-10,19,60,30,0
4100,2025-08-10,20,47,30,0
4101,2025-08-10,21,55,30,0
4102,2025-08-10,22,54,30,0
4103,2025-08-10,23,79,90,83
4104,2025-08-10,24,129,90,0
4105,2025-08-10,25,98,90,0
4106,2025-08-10,26,144,90,0
4107,2025-08-10,27,113,56,0
4108,2025-08-10,28,101,56,0
4109,2025-08-10,29,92,56,0
4110,2025-08-10,30,75,56,0
4111,2025-08-17,1,156,150,0
4112,2025-08-17,2,266,150,0
4113,2025-08-17,3,239,150,0
4114,2025-08-17,4,250,150,0
4115,2025-08-17,5,234,150,0
4116,2025-08-17,6,225,137,0
4117,2025-08-17,7,206,137,0
4118,2025-08-17,8,226,137,0
4119,2025-08-17,9,204,137,0
4120,2025-08-17,10,281,137,0
4121,2025-08-17,11,73,50,0
4122,2025-08-17,12,118,50,0
4123,2025-08-17,13,91,50,0
4124,2025-08-17,14,55,50,0
4125,2025-08-17,15,134,55,0
4126,2025-08-17,16,124,55,0
4127,2025-08-17,17,44,55,55
4128,2025-08-17,18,87,55,0
4129,2025-08-17,19,28,30,26
4130,2025-08-17,20,34,30,0
4131,2025-08-17,21,39,30,0
4132,2025-08-17,22,53,30,0
4133,2025-08-17,23,142,90,0
4134,2025-08-17,24,165,90,0
4135,2025-08-17,25,184,90,0
4136,2025-08-17,26,97,90,0
4137,2025-08-17,27,102,56,0
4138,2025-08-17,28,106,56,0
4139,2025-08-17,29,56,56,0
4140,2025-08-17,30,127,56,0
4141,2025-08-24,1,269,150,0
4142,2025-08-24,2,241,150,0
4143,2025-08-24,3,222,150,0
4144,2025-08-24,4,354,150,0
4145,2025-08-24,5,186,150,0
4146,2025-08-24,6,346,137,0
4147,2025-08-24,7,92,137,154
4148,2025-08-24,8,178,137,0
4149,2025-08-24,9,214,137,0
4150,2025-08-24,10,264,137,0
4151,2025-08-24,11,67,50,0
4152,2025-08-24,12,67,50,0
4153,2025-08-24,13,82,50,0
4154,2025-08-24,14,61,50,0
4155,2025-08-24,15,103,55,0
4156,2025-08-24,16,53,55,46
4157,2025-08-24,17,68,55,0
4158,2025-08-24,18,74,55,0
4159,2025-08-24,19,47,30,0
4160,2025-08-24,20,47,30,0
4161,2025-08-24,21,74,30,0
4162,2025-08-24,22,49,30,0
4163,2025-08-24,23,136,90,0
4164,2025-08-24,24,132,90,0
4165,2025-08-24,25,159,90,0
4166,2025-08-24,26,92,90,0
4167,2025-08-24,27,59,56,0
4168,2025-08-24,28,36,56,64
4169,2025-08-24,29,71,56,0
4170,2025-08-24,30,123,56,0
4171,2025-08-31,1,211,150,0
4172,2025-08-31,2,161,150,0
4173,2025-08-31,3,252,150,0
4174,2025-08-31,4,306,150,0
4175,2025-08-31,5,266,150,0
4176,2025-08-31,6,247,137,0
4177,2025-08-31,7,284,137,0
4178,2025-08-31,8,206,137,0
4179,2025-08-31,9,158,137,0
4180,2025-08-31,10,248,137,0
4181,2025-08-31,11,79,50,0
4182,2025-08-31,12,63,50,0
4183,2025-08-31,13,48,50,42
4184,2025-08-31,14,97,50,0
4185,2025-08-31,15,68,55,0
4186,2025-08-31,16,95,55,0
4187,2025-08-31,17,80,55,0
4188,2025-08-31,18,112,55,0
4189,2025-08-31,19,55,30,0
4190,2025-08-31,20,52,30,0
4191,2025-08-31,21,50,30,0
4192,2025-08-31,22,31,30,0
4193,2025-08-31,23,147,90,0
4194,2025-08-31,24,127,90,0
4195,2025-08-31,25,147,90,0
4196,2025-08-31,26,136,90,0
4197,2025-08-31,27,60,56,0
4198,2025-08-31,28,88,56,0
4199,2025-08-31,29,57,56,0
4200,2025-08-31,30,109,56,0
4201,2025-09-07,1,211,120,0
4202,2025-09-07,2,163,120,0
4203,2025-09-07,3,166,120,0
4204,2025-09-07,4,95,120,121
4205,2025-09-07,5,195,120,0
4206,2025-09-07,6,155,110,0
4207,2025-09-07,7,240,110,0
4208,2025-09-07,8,179,110,0
4209,2025-09-07,9,222,110,0
4210,2025-09-07,10,173,110,0
4211,2025-09-07,11,101,50,0
4212,2025-09-07,12,66,50,0
4213,2025-09-07,13,89,50,0
4214,2025-09-07,14,73,50,0
4215,2025-09-07,15,112,55,0
4216,2025-09-07,16,72,55,0
4217,2025-09-07,17,79,55,0
4218,2025-09-07,18,96,55,0
4219,2025-09-07,19,41,30,0
4220,2025-09-07,20,57,30,0
4221,2025-09-07,21,53,30,0
4222,2025-09-07,22,74,30,0
4223,2025-09-07,23,187,90,0
4224,2025-09-07,24,156,90,0
4225,2025-09-07,25,127,90,0
4226,2025-09-07,26,165,90,0
4227,2025-09-07,27,68,45,0
4228,2025-09-07,28,101,45,0
4229,2025-09-07,29,71,45,0
4230,2025-09-07,30,53,45,0
4231,2025-09-14,1,193,120,0
4232,2025-09-14,2,205,120,0
4233,2025-09-14,3,197,120,0
4234,2025-09-14,4,229,120,0
4235,2025-09-14,5,145,120,0
4236,2025-09-14,6,180,110,0
4237,2025-09-14,7,135,110,0
4238,2025-09-14,8,63,110,135
4239,2025-09-14,9,160,110,0
4240,2025-09-14,10,142,110,0
4241,2025-09-14,11,106,50,0
4242,2025-09-14,12,82,50,0
4243,2025-09-14,13,81,50,0
4244,2025-09-14,14,83,50,0
4245,2025-09-14,15,93,55,0
4246,2025-09-14,16,121,55,0
4247,2025-09-14,17,68,55,0
4248,2025-09-14,18,48,55,51
4249,2025-09-14,19,43,30,0
4250,2025-09-14,20,45,30,0
4251,2025-09-14,21,50,30,0
4252,2025-09-14,22,65,30,0
4253,2025-09-14,23,160,90,0
4254,2025-09-14,24,149,90,0
4255,2025-09-14,25,169,90,0
4256,2025-09-14,26,123,90,0
4257,2025-09-14,27,45,45,0
4258,2025-09-14,28,59,45,0
4259,2025-09-14,29,74,45,0
4260,2025-09-14,30,109,45,0
4261,2025-09-21,1,189,120,0
4262,2025-09-21,2,225,120,0
4263,2025-09-21,3,261,120,0
4264,2025-09-21,4,233,120,0
4265,2025-09-21,5,225,120,0
4266,2025-09-21,6,196,110,0
4267,2025-09-21,7,141,110,0
4268,2025-09-21,8,209,110,0
4269,2025-09-21,9,211,110,0
4270,2025-09-21,10,82,110,116
4271,2025-09-21,11,84,50,0
4272,2025-09-21,12,75,50,0
4273,2025-09-21,13,65,50,0
4274,2025-09-21,14,83,50,0
4275,2025-09-21,15,81,55,0
4276,2025-09-21,16,120,55,0
4277,2025-09-21,17,92,55,0
4278,2025-09-21,18,65,55,0
4279,2025-09-21,19,64,30,0
4280,2025-09-21,20,35,30,0
4281,2025-09-21,21,73,30,0
4282,2025-09-21,22,50,30,0
4283,2025-09-21,23,121,90,0
4284,2025-09-21,24,166,90,0
4285,2025-09-21,25,150,90,0
4286,2025-09-21,26,110,90,0
4287,2025-09-21,27,64,45,0
4288,2025-09-21,28,96,45,0
4289,2025-09-21,29,80,45,0
4290,2025-09-21,30,53,45,0
4291,2025-09-28,1,236,120,0
4292,2025-09-28,2,219,120,0
4293,2025-09-28,3,116,120,100
4294,2025-09-28,4,240,120,0
4295,2025-09-28,5,250,120,0
4296,2025-09-28,6,156,110,0
4297,2025-09-28,7,196,110,0
4298,2025-09-28,8,254,110,0
4299,2025-09-28,9,146,110,0
4300,2025-09-28,10,233,110,0
4301,2025-09-28,11,103,50,0
4302,2025-09-28,12,62,50,0
4303,2025-09-28,13,53,50,0
4304,2025-09-28,14,69,50,0
4305,2025-09-28,15,68,55,0
4306,2025-09-28,16,74,55,0
4307,2025-09-28,17,104,55,0
4308,2025-09-28,18,100,55,0
4309,2025-09-28,19,55,30,0
4310,2025-09-28,20,44,30,0
4311,2025-09-28,21,77,30,0
4312,2025-09-28,22,65,30,0
4313,2025-09-28,23,153,90,0
4314,2025-09-28,24,165,90,0
4315,2025-09-28,25,153,90,0
4316,2025-09-28,26,152,90,0
4317,2025-09-28,27,86,45,0
4318,2025-09-28,28,71,45,0
4319,2025-09-28,29,63,45,0
4320,2025-09-28,30,77,45,0
4321,2025-10-05,1,174,120,0
4322,2025-10-05,2,180,120,0
4323,2025-10-05,3,132,120,0
4324,2025-10-05,4,209,120,0
4325,2025-10-05,5,205,120,0
4326,2025-10-05,6,185,110,0
4327,2025-10-05,7,163,110,0
4328,2025-10-05,8,189,110,0
4329,2025-10-05,9,186,110,0
4330,2025-10-05,10,154,110,0
4331,2025-10-05,11,100,50,0
4332,2025-10-05,12,53,50,0
4333,2025-10-05,13,96,50,0
4334,2025-10-05,14,86,50,0
4335,2025-10-05,15,101,55,0
4336,2025-10-05,16,81,55,0
4337,2025-10-05,17,78,55,0
4338,2025-10-05,18,79,55,0
4339,2025-10-05,19,56,30,0
4340,2025-10-05,20,50,30,0
4341,2025-10-05,21,39,30,0
4342,2025-10-05,22,47,30,0
4343,2025-10-05,23,143,90,0
4344,2025-10-05,24,178,90,0
4345,2025-10-05,25,96,90,0
4346,2025-10-05,26,144,90,0
4347,2025-10-05,27,79,45,0
4348,2025-10-05,28,52,45,0
4349,2025-10-05,29,54,45,0
4350,2025-10-05,30,68,45,0
4351,2025-10-12,1,135,120,0
4352,2025-10-12,2,171,120,0
4353,2025-10-12,3,166,120,0
4354,2025-10-12,4,224,120,0
4355,2025-10-12,5,197,120,0
4356,2025-10-12,6,227,110,0
4357,2025-10-12,7,193,110,0
4358,2025-10-12,8,223,110,0
4359,2025-10-12,9,166,110,0
4360,2025-10-12,10,237,110,0
4361,2025-10-12,11,57,50,0
4362,2025-10-12,12,40,50,50
4363,2025-10-12,13,73,50,0
4364,2025-10-12,14,108,50,0
4365,2025-10-12,15,105,55,0
4366,2025-10-12,16,76,55,0
4367,2025-10-12,17,62,55,0
4368,2025-10-12,18,46,55,53
4369,2025-10-12,19,45,30,0
4370,2025-10-12,20,40,30,0
4371,2025-10-12,21,53,30,0
4372,2025-10-12,22,58,30,0
4373,2025-10-12,23,141,90,0
4374,2025-10-12,24,109,90,0
4375,2025-10-12,25,151,90,0
4376,2025-10-12,26,183,90,0
4377,2025-10-12,27,75,45,0
4378,2025-10-12,28,70,45,0
4379,2025-10-12,29,57,45,0
4380,2025-10-12,30,90,45,0
4381,2025-10-19,1,202,120,0
4382,2025-10-19,2,183,120,0
4383,2025-10-19,3,172,120,0
4384,2025-10-19,4,195,120,0
4385,2025-10-19,5,124,120,0
4386,2025-10-19,6,96,110,102
4387,2025-10-19,7,148,110,0
4388,2025-10-19,8,205,110,0
4389,2025-10-19,9,144,110,0
4390,2025-10-19,10,172,110,0
4391,2025-10-19,11,84,50,0
4392,2025-10-19,12,74,50,0
4393,2025-10-19,13,38,50,52
4394,2025-10-19,14,88,50,0
4395,2025-10-19,15,136,55,0
4396,2025-10-19,16,63,55,0
4397,2025-10-19,17,106,55,0
4398,2025-10-19,18,47,55,52
4399,2025-10-19,19,59,30,0
4400,2025-10-19,20,25,30,29
4401,2025-10-19,21,49,30,0
4402,2025-10-19,22,48,30,0
4403,2025-10-19,23,172,90,0
4404,2025-10-19,24,177,90,0
4405,2025-10-19,25,134,90,0
4406,2025-10-19,26,123,90,0
4407,2025-10-19,27,63,45,0
4408,2025-10-19,28,67,45,0
4409,2025-10-19,29,75,45,0
4410,2025-10-19,30,76,45,0
4411,2025-10-26,1,168,120,0
4412,2025-10-26,2,213,120,0
4413,2025-10-26,3,219,120,0
4414,2025-10-26,4,293,120,0
4415,2025-10-26,5,246,120,0
4416,2025-10-26,6,195,110,0
4417,2025-10-26,7,166,110,0
4418,2025-10-26,8,106,110,92
4419,2025-10-26,9,110,110,0
4420,2025-10-26,10,204,110,0
4421,2025-10-26,11,80,50,0
4422,2025-10-26,12,62,50,0
4423,2025-10-26,13,77,50,0
4424,2025-10-26,14,70,50,0
4425,2025-10-26,15,85,55,0
4426,2025-10-26,16,69,55,0
4427,2025-10-26,17,100,55,0
4428,2025-10-26,18,81,55,0
4429,2025-10-26,19,57,30,0
4430,2025-10-26,20,45,30,0
4431,2025-10-26,21,49,30,0
4432,2025-10-26,22,46,30,0
4433,2025-10-26,23,124,90,0
4434,2025-10-26,24,81,90,81
4435,2025-10-26,25,182,90,0
4436,2025-10-26,26,167,90,0
4437,2025-10-26,27,60,45,0
4438,2025-10-26,28,84,45,0
4439,2025-10-26,29,37,45,44
4440,2025-10-26,30,73,45,0
4441,2025-11-02,1,191,120,0
4442,2025-11-02,2,239,120,0
4443,2025-11-02,3,216,120,0
4444,2025-11-02,4,141,120,0
4445,2025-11-02,5,217,120,0
4446,2025-11-02,6,204,110,0
4447,2025-11-02,7,209,110,0
4448,2025-11-02,8,159,110,0
4449,2025-11-02,9,262,110,0
4450,2025-11-02,10,173,110,0
4451,2025-11-02,11,82,50,0
4452,2025-11-02,12,64,50,0
4453,2025-11-02,13,118,50,0
4454,2025-11-02,14,58,50,0
4455,2025-11-02,15,75,55,0
4456,2025-11-02,16,117,55,0
4457,2025-11-02,17,78,55,0
4458,2025-11-02,18,83,55,0
4459,2025-11-02,19,44,30,0
4460,2025-11-02,20,57,30,0
4461,2025-11-02,21,53,30,0
4462,2025-11-02,22,54,30,0
4463,2025-11-02,23,197,90,0
4464,2025-11-02,24,165,90,0
4465,2025-11-02,25,158,90,0
4466,2025-11-02,26,159,90,0
4467,2025-11-02,27,87,45,0
4468,2025-11-02,28,55,45,0
4469,2025-11-02,29,73,45,0
4470,2025-11-02,30,93,45,0
4471,2025-11-09,1,69,120,147
4472,2025-11-09,2,194,120,0
4473,2025-11-09,3,213,120,0
4474,2025-11-09,4,172,120,0
4475,2025-11-09,5,144,120,0
4476,2025-11-09,6,176,110,0
4477,2025-11-09,7,230,110,0
4478,2025-11-09,8,161,110,0
4479,2025-11-09,9,143,110,0
4480,2025-11-09,10,185,110,0
4481,2025-11-09,11,38,50,52
4482,2025-11-09,12,67,50,0
4483,2025-11-09,13,64,50,0
4484,2025-11-09,14,98,50,0
4485,2025-11-09,15,96,55,0
4486,2025-11-09,16,97,55,0
4487,2025-11-09,17,78,55,0
4488,2025-11-09,18,90,55,0
4489,2025-11-09,19,57,30,0
4490,2025-11-09,20,56,30,0
4491,2025-11-09,21,38,30,0
4492,2025-11-09,22,39,30,0
4493,2025-11-09,23,165,90,0
4494,2025-11-09,24,139,90,0
4495,2025-11-09,25,158,90,0
4496,2025-11-09,26,151,90,0
4497,2025-11-09,27,69,45,0
4498,2025-11-09,28,84,45,0
4499,2025-11-09,29,50,45,0
4500,2025-11-09,30,69,45,0
4501,2025-11-16,1,142,120,0
4502,2025-11-16,2,183,120,0
4503,2025-11-16,3,186,120,0
4504,2025-11-16,4,193,120,0
4505,2025-11-16,5,203,120,0
4506,2025-11-16,6,174,110,0
4507,2025-11-16,7,139,110,0
4508,2025-11-16,8,151,110,0
4509,2025-11-16,9,172,110,0
4510,2025-11-16,10,157,110,0
4511,2025-11-16,11,65,50,0
4512,2025-11-16,12,78,50,0
4513,2025-11-16,13,86,50,0
4514,2025-11-16,14,95,50,0
4515,2025-11-16,15,107,55,0
4516,2025-11-16,16,81,55,0
4517,2025-11-16,17,109,55,0
4518,2025-11-16,18,82,55,0
4519,2025-11-16,19,71,30,0
4520,2025-11-16,20,47,30,0
4521,2025-11-16,21,44,30,0
4522,2025-11-16,22,42,30,0
4523,2025-11-16,23,111,90,0
4524,2025-11-16,24,199,90,0
4525,2025-11-16,25,176,90,0
4526,2025-11-16,26,180,90,0
4527,2025-11-16,27,87,45,0
4528,2025-11-16,28,87,45,0
4529,2025-11-16,29,94,45,0
4530,2025-11-16,30,66,45,0
4531,2025-11-23,1,160,120,0
4532,2025-11-23,2,214,120,0
4533,2025-11-23,3,214,120,0
4534,2025-11-23,4,210,120,0
4535,2025-11-23,5,193,120,0
4536,2025-11-23,6,154,110,0
4537,2025-11-23,7,185,110,0
4538,2025-11-23,8,151,110,0
4539,2025-11-23,9,143,110,0
4540,2025-11-23,10,188,110,0
4541,2025-11-23,11,66,50,0
4542,2025-11-23,12,95,50,0
4543,2025-11-23,13,61,50,0
4544,2025-11-23,14,94,50,0
4545,2025-11-23,15,56,55,0
4546,2025-11-23,16,68,55,0
4547,2025-11-23,17,119,55,0
4548,2025-11-23,18,114,55,0
4549,2025-11-23,19,35,30,0
4550,2025-11-23,20,48,30,0
4551,2025-11-23,21,34,30,0
4552,2025-11-23,22,55,30,0
4553,2025-11-23,23,152,90,0
4554,2025-11-23,24,142,90,0
4555,2025-11-23,25,128,90,0
4556,2025-11-23,26,167,90,0
4557,2025-11-23,27,77,45,0
4558,2025-11-23,28,49,45,0
4559,2025-11-23,29,71,45,0
4560,2025-11-23,30,58,45,0
4561,2025-11-30,1,199,120,0
4562,2025-11-30,2,191,120,0
4563,2025-11-30,3,199,120,0
4564,2025-11-30,4,215,120,0
4565,2025-11-30,5,143,120,0
4566,2025-11-30,6,181,110,0
4567,2025-11-30,7,219,110,0
4568,2025-11-30,8,208,110,0
4569,2025-11-30,9,156,110,0
4570,2025-11-30,10,185,110,0
4571,2025-11-30,11,68,50,0
4572,2025-11-30,12,92,50,0
4573,2025-11-30,13,68,50,0
4574,2025-11-30,14,54,50,0
4575,2025-11-30,15,102,55,0
4576,2025-11-30,16,124,55,0
4577,2025-11-30,17,107,55,0
4578,2025-11-30,18,112,55,0
4579,2025-11-30,19,36,30,0
4580,2025-11-30,20,59,30,0
4581,2025-11-30,21,58,30,0
4582,2025-11-30,22,54,30,0
4583,2025-11-30,23,100,90,0
4584,2025-11-30,24,178,90,0
4585,2025-11-30,25,170,90,0
4586,2025-11-30,26,142,90,0
4587,2025-11-30,27,66,45,0
4588,2025-11-30,28,87,45,0
4589,2025-11-30,29,51,45,0
4590,2025-11-30,30,63,45,0
4591,2025-12-07,1,269,120,0
4592,2025-12-07,2,153,120,0
4593,2025-12-07,3,264,120,0
4594,2025-12-07,4,176,120,0
4595,2025-12-07,5,167,120,0
4596,2025-12-07,6,214,110,0
4597,2025-12-07,7,197,110,0
4598,2025-12-07,8,254,110,0
4599,2025-12-07,9,164,110,0
4600,2025-12-07,10,153,110,0
4601,2025-12-07,11,100,60,0
4602,2025-12-07,12,90,60,0
4603,2025-12-07,13,115,60,0
4604,2025-12-07,14,109,60,0
4605,2025-12-07,15,93,55,0
4606,2025-12-07,16,130,55,0
4607,2025-12-07,17,47,55,52
4608,2025-12-07,18,82,55,0
4609,2025-12-07,19,46,30,0
4610,2025-12-07,20,59,30,0
4611,2025-12-07,21,55,30,0
4612,2025-12-07,22,39,30,0
4613,2025-12-07,23,129,108,0
4614,2025-12-07,24,147,108,0
4615,2025-12-07,25,163,108,0
4616,2025-12-07,26,226,108,0
4617,2025-12-07,27,81,45,0
4618,2025-12-07,28,55,45,0
4619,2025-12-07,29,65,45,0
4620,2025-12-07,30,91,45,0
4621,2025-12-14,1,185,120,0
4622,2025-12-14,2,237,120,0
4623,2025-12-14,3,206,120,0
4624,2025-12-14,4,218,120,0
4625,2025-12-14,5,272,120,0
4626,2025-12-14,6,173,110,0
4627,2025-12-14,7,138,110,0
4628,2025-12-14,8,152,110,0
4629,2025-12-14,9,177,110,0
4630,2025-12-14,10,176,110,0
4631,2025-12-14,11,83,60,0
4632,2025-12-14,12,124,60,0
4633,2025-12-14,13,98,60,0
4634,2025-12-14,14,109,60,0
4635,2025-12-14,15,60,55,0
4636,2025-12-14,16,60,55,0
4637,2025-12-14,17,75,55,0
4638,2025-12-14,18,103,55,0
4639,2025-12-14,19,31,30,0
4640,2025-12-14,20,36,30,0
4641,2025-12-14,21,28,30,26
4642,2025-12-14,22,25,30,29
4643,2025-12-14,23,189,108,0
4644,2025-12-14,24,230,108,0
4645,2025-12-14,25,198,108,0
4646,2025-12-14,26,184,108,0
4647,2025-12-14,27,67,45,0
4648,2025-12-14,28,77,45,0
4649,2025-12-14,29,69,45,0
4650,2025-12-14,30,81,45,0
4651,2025-12-21,1,174,120,0
4652,2025-12-21,2,212,120,0
4653,2025-12-21,3,114,120,102
4654,2025-12-21,4,103,120,113
4655,2025-12-21,5,243,120,0
4656,2025-12-21,6,144,110,0
4657,2025-12-21,7,225,110,0
4658,2025-12-21,8,197,110,0
4659,2025-12-21,9,150,110,0
4660,2025-12-21,10,178,110,0
4661,2025-12-21,11,93,60,0
4662,2025-12-21,12,117,60,0
4663,2025-12-21,13,76,60,0
4664,2025-12-21,14,113,60,0
4665,2025-12-21,15,73,55,0
4666,2025-12-21,16,62,55,0
4667,2025-12-21,17,63,55,0
4668,2025-12-21,18,70,55,0
4669,2025-12-21,19,39,30,0
4670,2025-12-21,20,43,30,0
4671,2025-12-21,21,45,30,0
4672,2025-12-21,22,41,30,0
4673,2025-12-21,23,157,108,0
4674,2025-12-21,24,226,108,0
4675,2025-12-21,25,154,108,0
4676,2025-12-21,26,157,108,0
4677,2025-12-21,27,63,45,0
4678,2025-12-21,28,84,45,0
4679,2025-12-21,29,37,45,44
4680,2025-12-21,30,65,45,0
4681,2025-12-28,1,186,120,0
4682,2025-12-28,2,132,120,0
4683,2025-12-28,3,169,120,0
4684,2025-12-28,4,162,120,0
4685,2025-12-28,5,190,120,0
4686,2025-12-28,6,152,110,0
4687,2025-12-28,7,107,110,91
4688,2025-12-28,8,208,110,0
4689,2025-12-28,9,180,110,0
4690,2025-12-28,10,181,110,0
4691,2025-12-28,11,126,60,0
4692,2025-12-28,12,84,60,0
4693,2025-12-28,13,124,60,0
4694,2025-12-28,14,98,60,0
4695,2025-12-28,15,68,55,0
4696,2025-12-28,16,87,55,0
4697,2025-12-28,17,106,55,0
4698,2025-12-28,18,59,55,0
4699,2025-12-28,19,49,30,0
4700,2025-12-28,20,60,30,0
4701,2025-12-28,21,60,30,0
4702,2025-12-28,22,40,30,0
4703,2025-12-28,23,141,108,0
4704,2025-12-28,24,134,108,0
4705,2025-12-28,25,186,108,0
4706,2025-12-28,26,147,108,0
4707,2025-12-28,27,85,45,0
4708,2025-12-28,28,49,45,0
4709,2025-12-28,29,75,45,0
4710,2025-12-28,30,72,45,0
