search_id,search_date,search_term,search_frequency
1,2023-01-01,energy drinks,37
2,2023-01-01,phone charger,76
3,2023-01-01,protein snacks,74
4,2023-01-01,paper towels,16
5,2023-01-01,sparkling water,31
6,2023-01-01,usb c cable,31
7,2023-01-01,coffee,20
8,2023-01-01,sunscreen,58
9,2023-01-01,instant noodles,17
10,2023-01-01,laundry detergent,12
11,2023-01-02,energy drinks,18
12,2023-01-02,phone charger,18
13,2023-01-02,protein snacks,35
14,2023-01-02,paper towels,25
15,2023-01-02,sparkling water,41
16,2023-01-02,usb c cable,28
17,2023-01-02,coffee,87
18,2023-01-02,sunscreen,23
19,2023-01-02,instant noodles,43
20,2023-01-02,laundry detergent,66
21,2023-01-03,energy drinks,18
22,2023-01-03,phone charger,22
23,2023-01-03,protein snacks,76
24,2023-01-03,paper towels,65
25,2023-01-03,sparkling water,48
26,2023-01-03,usb c cable,44
27,2023-01-03,coffee,39
28,2023-01-03,sunscreen,57
29,2023-01-03,instant noodles,23
30,2023-01-03,laundry detergent,58
31,2023-01-04,energy drinks,13
32,2023-01-04,phone charger,18
33,2023-01-04,protein snacks,22
34,2023-01-04,paper towels,113
35,2023-01-04,sparkling water,56
36,2023-01-04,usb c cable,59
37,2023-01-04,coffee,19
38,2023-01-04,sunscreen,33
39,2023-01-04,instant noodles,30
40,2023-01-04,laundry detergent,73
41,2023-01-05,energy drinks,69
42,2023-01-05,phone charger,51
43,2023-01-05,protein snacks,44
44,2023-01-05,paper towels,123
45,2023-01-05,sparkling water,24
46,2023-01-05,usb c cable,44
47,2023-01-05,coffee,79
48,2023-01-05,sunscreen,47
49,2023-01-05,instant noodles,16
50,2023-01-05,laundry detergent,50
51,2023-01-06,energy drinks,78
52,2023-01-06,phone charger,18
53,2023-01-06,protein snacks,62
54,2023-01-06,paper towels,27
55,2023-01-06,sparkling water,47
56,2023-01-06,usb c cable,39
57,2023-01-06,coffee,73
58,2023-01-06,sunscreen,75
59,2023-01-06,instant noodles,69
60,2023-01-06,laundry detergent,41
61,2023-01-07,energy drinks,40
62,2023-01-07,phone charger,13
63,2023-01-07,protein snacks,15
64,2023-01-07,paper towels,88
65,2023-01-07,sparkling water,43
66,2023-01-07,usb c cable,13
67,2023-01-07,coffee,70
68,2023-01-07,sunscreen,29
69,2023-01-07,instant noodles,86
70,2023-01-07,laundry detergent,79
71,2023-01-08,energy drinks,41
72,2023-01-08,phone charger,66
73,2023-01-08,protein snacks,10
74,2023-01-08,paper towels,44
75,2023-01-08,sparkling water,62
76,2023-01-08,usb c cable,47
77,2023-01-08,coffee,77
78,2023-01-08,sunscreen,19
79,2023-01-08,instant noodles,59
80,2023-01-08,laundry detergent,30
81,2023-01-09,energy drinks,17
82,2023-01-09,phone charger,71
83,2023-01-09,protein snacks,26
84,2023-01-09,paper towels,96
85,2023-01-09,sparkling water,25
86,2023-01-09,usb c cable,35
87,2023-01-09,coffee,29
88,2023-01-09,sunscreen,31
89,2023-01-09,instant noodles,20
90,2023-01-09,laundry detergent,40
91,2023-01-10,energy drinks,70
92,2023-01-10,phone charger,77
93,2023-01-10,protein snacks,18
94,2023-01-10,paper towels,71
95,2023-01-10,sparkling water,14
96,2023-01-10,usb c cable,37
97,2023-01-10,coffee,86
98,2023-01-10,sunscreen,55
99,2023-01-10,instant noodles,89
100,2023-01-10,laundry detergent,45
101,2023-01-11,energy drinks,47
102,2023-01-11,phone charger,78
103,2023-01-11,protein snacks,77
104,2023-01-11,paper towels,45
105,2023-01-11,sparkling water,40
106,2023-01-11,usb c cable,50
107,2023-01-11,coffee,96
108,2023-01-11,sunscreen,29
109,2023-01-11,instant noodles,70
110,2023-01-11,laundry detergent,40
111,2023-01-12,energy drinks,18
112,2023-01-12,phone charger,26
113,2023-01-12,protein snacks,21
114,2023-01-12,paper towels,65
115,2023-01-12,sparkling water,56
116,2023-01-12,usb c cable,37
117,2023-01-12,coffee,76
118,2023-01-12,sunscreen,22
119,2023-01-12,instant noodles,14
120,2023-01-12,laundry detergent,66
121,2023-01-13,energy drinks,12
122,2023-01-13,phone charger,66
123,2023-01-13,protein snacks,32
124,2023-01-13,paper towels,92
125,2023-01-13,sparkling water,25
126,2023-01-13,usb c cable,49
127,2023-01-13,coffee,118
128,2023-01-13,sunscreen,22
129,2023-01-13,instant noodles,53
130,2023-01-13,laundry detergent,74
131,2023-01-14,energy drinks,26
132,2023-01-14,phone charger,78
133,2023-01-14,protein snacks,67
134,2023-01-14,paper towels,26
135,2023-01-14,sparkling water,36
136,2023-01-14,usb c cable,78
137,2023-01-14,coffee,80
138,2023-01-14,sunscreen,68
139,2023-01-14,instant noodles,76
140,2023-01-14,laundry detergent,32
141,2023-01-15,energy drinks,36
142,2023-01-15,phone charger,12
143,2023-01-15,protein snacks,18
144,2023-01-15,paper towels,57
145,2023-01-15,sparkling water,71
146,2023-01-15,usb c cable,42
147,2023-01-15,coffee,92
148,2023-01-15,sunscreen,79
149,2023-01-15,instant noodles,51
150,2023-01-15,laundry detergent,50
151,2023-01-16,energy drinks,33
152,2023-01-16,phone charger,37
153,2023-01-16,protein snacks,51
154,2023-01-16,paper towels,33
155,2023-01-16,sparkling water,73
156,2023-01-16,usb c cable,67
157,2023-01-16,coffee,100
158,2023-01-16,sunscreen,46
159,2023-01-16,instant noodles,96
160,2023-01-16,laundry detergent,25
161,2023-01-17,energy drinks,56
162,2023-01-17,phone charger,62
163,2023-01-17,protein snacks,69
164,2023-01-17,paper towels,70
165,2023-01-17,sparkling water,23
166,2023-01-17,usb c cable,23
167,2023-01-17,coffee,105
168,2023-01-17,sunscreen,64
169,2023-01-17,instant noodles,75
170,2023-01-17,laundry detergent,26
171,2023-01-18,energy drinks,62
172,2023-01-18,phone charger,77
173,2023-01-18,protein snacks,49
174,2023-01-18,paper towels,68
175,2023-01-18,sparkling water,56
176,2023-01-18,usb c cable,62
177,2023-01-18,coffee,26
178,2023-01-18,sunscreen,36
179,2023-01-18,instant noodles,60
180,2023-01-18,laundry detergent,20
181,2023-01-19,energy drinks,77
182,2023-01-19,phone charger,22
183,2023-01-19,protein snacks,41
184,2023-01-19,paper towels,44
185,2023-01-19,sparkling water,13
186,2023-01-19,usb c cable,20
187,2023-01-19,coffee,90
188,2023-01-19,sunscreen,46
189,2023-01-19,instant noodles,74
190,2023-01-19,laundry detergent,42
191,2023-01-20,energy drinks,52
192,2023-01-20,phone charger,61
193,2023-01-20,protein snacks,77
194,2023-01-20,paper towels,82
195,2023-01-20,sparkling water,54
196,2023-01-20,usb c cable,25
197,2023-01-20,coffee,89
198,2023-01-20,sunscreen,22
199,2023-01-20,instant noodles,91
200,2023-01-20,laundry detergent,26
201,2023-01-21,energy drinks,59
202,2023-01-21,phone charger,49
203,2023-01-21,protein snacks,52
204,2023-01-21,paper towels,81
205,2023-01-21,sparkling water,60
206,2023-01-21,usb c cable,74
207,2023-01-21,coffee,118
208,2023-01-21,sunscreen,55
209,2023-01-21,instant noodles,44
210,2023-01-21,laundry detergent,23
211,2023-01-22,energy drinks,10
212,2023-01-22,phone charger,62
213,2023-01-22,protein snacks,41
214,2023-01-22,paper towels,20
215,2023-01-22,sparkling water,39
216,2023-01-22,usb c cable,29
217,2023-01-22,coffee,119
218,2023-01-22,sunscreen,24
219,2023-01-22,instant noodles,113
220,2023-01-22,laundry detergent,51
221,2023-01-23,energy drinks,50
222,2023-01-23,phone charger,24
223,2023-01-23,protein snacks,21
224,2023-01-23,paper towels,34
225,2023-01-23,sparkling water,42
226,2023-01-23,usb c cable,16
227,2023-01-23,coffee,70
228,2023-01-23,sunscreen,57
229,2023-01-23,instant noodles,59
230,2023-01-23,laundry detergent,43
231,2023-01-24,energy drinks,39
232,2023-01-24,phone charger,68
233,2023-01-24,protein snacks,66
234,2023-01-24,paper towels,99
235,2023-01-24,sparkling water,25
236,2023-01-24,usb c cable,78
237,2023-01-24,coffee,45
238,2023-01-24,sunscreen,39
239,2023-01-24,instant noodles,61
240,2023-01-24,laundry detergent,34
241,2023-01-25,energy drinks,54
242,2023-01-25,phone charger,49
243,2023-01-25,protein snacks,13
244,2023-01-25,paper towels,100
245,2023-01-25,sparkling water,35
246,2023-01-25,usb c cable,79
247,2023-01-25,coffee,72
248,2023-01-25,sunscreen,64
249,2023-01-25,instant noodles,96
250,2023-01-25,laundry detergent,23
251,2023-01-26,energy drinks,50
252,2023-01-26,phone charger,54
253,2023-01-26,protein snacks,59
254,2023-01-26,paper towels,111
255,2023-01-26,sparkling water,35
256,2023-01-26,usb c cable,19
257,2023-01-26,coffee,121
258,2023-01-26,sunscreen,21
259,2023-01-26,instant noodles,17
260,2023-01-26,laundry detergent,18
261,2023-01-27,energy drinks,37
262,2023-01-27,phone charger,61
263,2023-01-27,protein snacks,51
264,2023-01-27,paper towels,45
265,2023-01-27,sparkling water,19
266,2023-01-27,usb c cable,37
267,2023-01-27,coffee,20
268,2023-01-27,sunscreen,36
269,2023-01-27,instant noodles,83
270,2023-01-27,laundry detergent,36
271,2023-01-28,energy drinks,27
272,2023-01-28,phone charger,10
273,2023-01-28,protein snacks,75
274,2023-01-28,paper towels,47
275,2023-01-28,sparkling water,53
276,2023-01-28,usb c cable,64
277,2023-01-28,coffee,32
278,2023-01-28,sunscreen,34
279,2023-01-28,instant noodles,100
280,2023-01-28,laundry detergent,54
281,2023-01-29,energy drinks,13
282,2023-01-29,phone charger,65
283,2023-01-29,protein snacks,34
284,2023-01-29,paper towels,88
285,2023-01-29,sparkling water,68
286,2023-01-29,usb c cable,46
287,2023-01-29,coffee,78
288,2023-01-29,sunscreen,54
289,2023-01-29,instant noodles,50
290,2023-01-29,laundry detergent,71
291,2023-01-30,energy drinks,13
292,2023-01-30,phone charger,57
293,2023-01-30,protein snacks,17
294,2023-01-30,paper towels,62
295,2023-01-30,sparkling water,32
296,2023-01-30,usb c cable,67
297,2023-01-30,coffee,59
298,2023-01-30,sunscreen,68
299,2023-01-30,instant noodles,107
300,2023-01-30,laundry detergent,20
301,2023-01-31,energy drinks,45
302,2023-01-31,phone charger,50
303,2023-01-31,protein snacks,49
304,2023-01-31,paper towels,28
305,2023-01-31,sparkling water,33
306,2023-01-31,usb c cable,53
307,2023-01-31,coffee,44
308,2023-01-31,sunscreen,46
309,2023-01-31,instant noodles,41
310,2023-01-31,laundry detergent,17
311,2023-02-01,energy drinks,73
312,2023-02-01,phone charger,48
313,2023-02-01,protein snacks,38
314,2023-02-01,paper towels,24
315,2023-02-01,sparkling water,46
316,2023-02-01,usb c cable,75
317,2023-02-01,coffee,38
318,2023-02-01,sunscreen,59
319,2023-02-01,instant noodles,98
320,2023-02-01,laundry detergent,10
321,2023-02-02,energy drinks,24
322,2023-02-02,phone charger,62
323,2023-02-02,protein snacks,16
324,2023-02-02,paper towels,23
325,2023-02-02,sparkling water,72
326,2023-02-02,usb c cable,23
327,2023-02-02,coffee,51
328,2023-02-02,sunscreen,33
329,2023-02-02,instant noodles,77
330,2023-02-02,laundry detergent,65
331,2023-02-03,energy drinks,20
332,2023-02-03,phone charger,64
333,2023-02-03,protein snacks,34
334,2023-02-03,paper towels,82
335,2023-02-03,sparkling water,17
336,2023-02-03,usb c cable,13
337,2023-02-03,coffee,58
338,2023-02-03,sunscreen,57
339,2023-02-03,instant noodles,29
340,2023-02-03,laundry detergent,51
341,2023-02-04,energy drinks,33
342,2023-02-04,phone charger,73
343,2023-02-04,protein snacks,33
344,2023-02-04,paper towels,98
345,2023-02-04,sparkling water,76
346,2023-02-04,usb c cable,12
347,2023-02-04,coffee,27
348,2023-02-04,sunscreen,69
349,2023-02-04,instant noodles,17
350,2023-02-04,laundry detergent,73
351,2023-02-05,energy drinks,42
352,2023-02-05,phone charger,45
353,2023-02-05,protein snacks,66
354,2023-02-05,paper towels,66
355,2023-02-05,sparkling water,54
356,2023-02-05,usb c cable,71
357,2023-02-05,coffee,41
358,2023-02-05,sunscreen,74
359,2023-02-05,instant noodles,136
360,2023-02-05,laundry detergent,23
361,2023-02-06,energy drinks,67
362,2023-02-06,phone charger,11
363,2023-02-06,protein snacks,37
364,2023-02-06,paper towels,44
365,2023-02-06,sparkling water,57
366,2023-02-06,usb c cable,68
367,2023-02-06,coffee,15
368,2023-02-06,sunscreen,73
369,2023-02-06,instant noodles,107
370,2023-02-06,laundry detergent,35
371,2023-02-07,energy drinks,16
372,2023-02-07,phone charger,22
373,2023-02-07,protein snacks,41
374,2023-02-07,paper towels,14
375,2023-02-07,sparkling water,48
376,2023-02-07,usb c cable,79
377,2023-02-07,coffee,36
378,2023-02-07,sunscreen,75
379,2023-02-07,instant noodles,36
380,2023-02-07,laundry detergent,79
381,2023-02-08,energy drinks,37
382,2023-02-08,phone charger,34
383,2023-02-08,protein snacks,44
384,2023-02-08,paper towels,35
385,2023-02-08,sparkling water,27
386,2023-02-08,usb c cable,28
387,2023-02-08,coffee,17
388,2023-02-08,sunscreen,64
389,2023-02-08,instant noodles,134
390,2023-02-08,laundry detergent,39
391,2023-02-09,energy drinks,35
392,2023-02-09,phone charger,71
393,2023-02-09,protein snacks,42
394,2023-02-09,paper towels,18
395,2023-02-09,sparkling water,43
396,2023-02-09,usb c cable,45
397,2023-02-09,coffee,62
398,2023-02-09,sunscreen,44
399,2023-02-09,instant noodles,46
400,2023-02-09,laundry detergent,67
401,2023-02-10,energy drinks,60
402,2023-02-10,phone charger,35
403,2023-02-10,protein snacks,15
404,2023-02-10,paper towels,43
405,2023-02-10,sparkling water,16
406,2023-02-10,usb c cable,46
407,2023-02-10,coffee,134
408,2023-02-10,sunscreen,41
409,2023-02-10,instant noodles,96
410,2023-02-10,laundry detergent,20
411,2023-02-11,energy drinks,49
412,2023-02-11,phone charger,30
413,2023-02-11,protein snacks,78
414,2023-02-11,paper towels,93
415,2023-02-11,sparkling water,44
416,2023-02-11,usb c cable,56
417,2023-02-11,coffee,86
418,2023-02-11,sunscreen,68
419,2023-02-11,instant noodles,32
420,2023-02-11,laundry detergent,17
421,2023-02-12,energy drinks,50
422,2023-02-12,phone charger,10
423,2023-02-12,protein snacks,41
424,2023-02-12,paper towels,18
425,2023-02-12,sparkling water,37
426,2023-02-12,usb c cable,70
427,2023-02-12,coffee,105
428,2023-02-12,sunscreen,33
429,2023-02-12,instant noodles,105
430,2023-02-12,laundry detergent,21
431,2023-02-13,energy drinks,51
432,2023-02-13,phone charger,10
433,2023-02-13,protein snacks,52
434,2023-02-13,paper towels,83
435,2023-02-13,sparkling water,73
436,2023-02-13,usb c cable,59
437,2023-02-13,coffee,78
438,2023-02-13,sunscreen,51
439,2023-02-13,instant noodles,91
440,2023-02-13,laundry detergent,58
441,2023-02-14,energy drinks,12
442,2023-02-14,phone charger,72
443,2023-02-14,protein snacks,21
444,2023-02-14,paper towels,30
445,2023-02-14,sparkling water,62
446,2023-02-14,usb c cable,55
447,2023-02-14,coffee,94
448,2023-02-14,sunscreen,73
449,2023-02-14,instant noodles,87
450,2023-02-14,laundry detergent,25
451,2023-02-15,energy drinks,34
452,2023-02-15,phone charger,51
453,2023-02-15,protein snacks,78
454,2023-02-15,paper towels,101
455,2023-02-15,sparkling water,61
456,2023-02-15,usb c cable,35
457,2023-02-15,coffee,54
458,2023-02-15,sunscreen,29
459,2023-02-15,instant noodles,19
460,2023-02-15,laundry detergent,78
461,2023-02-16,energy drinks,13
462,2023-02-16,phone charger,20
463,2023-02-16,protein snacks,30
464,2023-02-16,paper towels,76
465,2023-02-16,sparkling water,48
466,2023-02-16,usb c cable,34
467,2023-02-16,coffee,92
468,2023-02-16,sunscreen,43
469,2023-02-16,instant noodles,89
470,2023-02-16,laundry detergent,29
471,2023-02-17,energy drinks,24
472,2023-02-17,phone charger,55
473,2023-02-17,protein snacks,46
474,2023-02-17,paper towels,88
475,2023-02-17,sparkling water,50
476,2023-02-17,usb c cable,14
477,2023-02-17,coffee,103
478,2023-02-17,sunscreen,19
479,2023-02-17,instant noodles,18
480,2023-02-17,laundry detergent,72
481,2023-02-18,energy drinks,31
482,2023-02-18,phone charger,37
483,2023-02-18,protein snacks,60
484,2023-02-18,paper towels,77
485,2023-02-18,sparkling water,10
486,2023-02-18,usb c cable,63
487,2023-02-18,coffee,53
488,2023-02-18,sunscreen,64
489,2023-02-18,instant noodles,80
490,2023-02-18,laundry detergent,70
491,2023-02-19,energy drinks,28
492,2023-02-19,phone charger,55
493,2023-02-19,protein snacks,77
494,2023-02-19,paper towels,105
495,2023-02-19,sparkling water,23
496,2023-02-19,usb c cable,40
497,2023-02-19,coffee,97
498,2023-02-19,sunscreen,27
499,2023-02-19,instant noodles,39
500,2023-02-19,laundry detergent,30
501,2023-02-20,energy drinks,20
502,2023-02-20,phone charger,66
503,2023-02-20,protein snacks,23
504,2023-02-20,paper towels,27
505,2023-02-20,sparkling water,17
506,2023-02-20,usb c cable,11
507,2023-02-20,coffee,61
508,2023-02-20,sunscreen,57
509,2023-02-20,instant noodles,46
510,2023-02-20,laundry detergent,77
511,2023-02-21,energy drinks,14
512,2023-02-21,phone charger,17
513,2023-02-21,protein snacks,49
514,2023-02-21,paper towels,52
515,2023-02-21,sparkling water,65
516,2023-02-21,usb c cable,28
517,2023-02-21,coffee,80
518,2023-02-21,sunscreen,39
519,2023-02-21,instant noodles,17
520,2023-02-21,laundry detergent,22
521,2023-02-22,energy drinks,29
522,2023-02-22,phone charger,47
523,2023-02-22,protein snacks,33
524,2023-02-22,paper towels,69
525,2023-02-22,sparkling water,63
526,2023-02-22,usb c cable,50
527,2023-02-22,coffee,122
528,2023-02-22,sunscreen,77
529,2023-02-22,instant noodles,80
530,2023-02-22,laundry detergent,22
531,2023-02-23,energy drinks,34
532,2023-02-23,phone charger,38
533,2023-02-23,protein snacks,79
534,2023-02-23,paper towels,90
535,2023-02-23,sparkling water,64
536,2023-02-23,usb c cable,69
537,2023-02-23,coffee,113
538,2023-02-23,sunscreen,11
539,2023-02-23,instant noodles,123
540,2023-02-23,laundry detergent,32
541,2023-02-24,energy drinks,47
542,2023-02-24,phone charger,73
543,2023-02-24,protein snacks,19
544,2023-02-24,paper towels,46
545,2023-02-24,sparkling water,45
546,2023-02-24,usb c cable,46
547,2023-02-24,coffee,125
548,2023-02-24,sunscreen,51
549,2023-02-24,instant noodles,120
550,2023-02-24,laundry detergent,79
551,2023-02-25,energy drinks,61
552,2023-02-25,phone charger,69
553,2023-02-25,protein snacks,74
554,2023-02-25,paper towels,96
555,2023-02-25,sparkling water,33
556,2023-02-25,usb c cable,77
557,2023-02-25,coffee,139
558,2023-02-25,sunscreen,15
559,2023-02-25,instant noodles,82
560,2023-02-25,laundry detergent,69
561,2023-02-26,energy drinks,33
562,2023-02-26,phone charger,41
563,2023-02-26,protein snacks,63
564,2023-02-26,paper towels,109
565,2023-02-26,sparkling water,63
566,2023-02-26,usb c cable,48
567,2023-02-26,coffee,15
568,2023-02-26,sunscreen,75
569,2023-02-26,instant noodles,27
570,2023-02-26,laundry detergent,58
571,2023-02-27,energy drinks,67
572,2023-02-27,phone charger,67
573,2023-02-27,protein snacks,22
574,2023-02-27,paper towels,111
575,2023-02-27,sparkling water,43
576,2023-02-27,usb c cable,19
577,2023-02-27,coffee,69
578,2023-02-27,sunscreen,74
579,2023-02-27,instant noodles,37
580,2023-02-27,laundry detergent,52
581,2023-02-28,energy drinks,75
582,2023-02-28,phone charger,79
583,2023-02-28,protein snacks,35
584,2023-02-28,paper towels,22
585,2023-02-28,sparkling water,35
586,2023-02-28,usb c cable,52
587,2023-02-28,coffee,66
588,2023-02-28,sunscreen,74
589,2023-02-28,instant noodles,64
590,2023-02-28,laundry detergent,10
591,2023-03-01,energy drinks,74
592,2023-03-01,phone charger,66
593,2023-03-01,protein snacks,42
594,2023-03-01,paper towels,53
595,2023-03-01,sparkling water,57
596,2023-03-01,usb c cable,10
597,2023-03-01,coffee,26
598,2023-03-01,sunscreen,54
599,2023-03-01,instant noodles,54
600,2023-03-01,laundry detergent,64
601,2023-03-02,energy drinks,61
602,2023-03-02,phone charger,14
603,2023-03-02,protein snacks,36
604,2023-03-02,paper towels,52
605,2023-03-02,sparkling water,50
606,2023-03-02,usb c cable,76
607,2023-03-02,coffee,29
608,2023-03-02,sunscreen,68
609,2023-03-02,instant noodles,68
610,2023-03-02,laundry detergent,33
611,2023-03-03,energy drinks,35
612,2023-03-03,phone charger,14
613,2023-03-03,protein snacks,38
614,2023-03-03,paper towels,35
615,2023-03-03,sparkling water,57
616,2023-03-03,usb c cable,41
617,2023-03-03,coffee,70
618,2023-03-03,sunscreen,45
619,2023-03-03,instant noodles,49
620,2023-03-03,laundry detergent,28
621,2023-03-04,energy drinks,12
622,2023-03-04,phone charger,70
623,2023-03-04,protein snacks,25
624,2023-03-04,paper towels,69
625,2023-03-04,sparkling water,20
626,2023-03-04,usb c cable,42
627,2023-03-04,coffee,17
628,2023-03-04,sunscreen,25
629,2023-03-04,instant noodles,70
630,2023-03-04,laundry detergent,35
631,2023-03-05,energy drinks,25
632,2023-03-05,phone charger,37
633,2023-03-05,protein snacks,64
634,2023-03-05,paper towels,35
635,2023-03-05,sparkling water,13
636,2023-03-05,usb c cable,30
637,2023-03-05,coffee,58
638,2023-03-05,sunscreen,55
639,2023-03-05,instant noodles,12
640,2023-03-05,laundry detergent,59
641,2023-03-06,energy drinks,68
642,2023-03-06,phone charger,46
643,2023-03-06,protein snacks,75
644,2023-03-06,paper towels,16
645,2023-03-06,sparkling water,53
646,2023-03-06,usb c cable,32
647,2023-03-06,coffee,29
648,2023-03-06,sunscreen,35
649,2023-03-06,instant noodles,71
650,2023-03-06,laundry detergent,63
651,2023-03-07,energy drinks,58
652,2023-03-07,phone charger,12
653,2023-03-07,protein snacks,15
654,2023-03-07,paper towels,17
655,2023-03-07,sparkling water,74
656,2023-03-07,usb c cable,51
657,2023-03-07,coffee,29
658,2023-03-07,sunscreen,74
659,2023-03-07,instant noodles,64
660,2023-03-07,laundry detergent,29
661,2023-03-08,energy drinks,72
662,2023-03-08,phone charger,65
663,2023-03-08,protein snacks,60
664,2023-03-08,paper towels,58
665,2023-03-08,sparkling water,17
666,2023-03-08,usb c cable,43
667,2023-03-08,coffee,28
668,2023-03-08,sunscreen,18
669,2023-03-08,instant noodles,75
670,2023-03-08,laundry detergent,43
671,2023-03-09,energy drinks,10
672,2023-03-09,phone charger,75
673,2023-03-09,protein snacks,31
674,2023-03-09,paper towels,56
675,2023-03-09,sparkling water,12
676,2023-03-09,usb c cable,44
677,2023-03-09,coffee,45
678,2023-03-09,sunscreen,33
679,2023-03-09,instant noodles,19
680,2023-03-09,laundry detergent,30
681,2023-03-10,energy drinks,67
682,2023-03-10,phone charger,54
683,2023-03-10,protein snacks,77
684,2023-03-10,paper towels,20
685,2023-03-10,sparkling water,27
686,2023-03-10,usb c cable,25
687,2023-03-10,coffee,65
688,2023-03-10,sunscreen,74
689,2023-03-10,instant noodles,73
690,2023-03-10,laundry detergent,23
691,2023-03-11,energy drinks,61
692,2023-03-11,phone charger,48
693,2023-03-11,protein snacks,23
694,2023-03-11,paper towels,13
695,2023-03-11,sparkling water,17
696,2023-03-11,usb c cable,68
697,2023-03-11,coffee,42
698,2023-03-11,sunscreen,57
699,2023-03-11,instant noodles,35
700,2023-03-11,laundry detergent,57
701,2023-03-12,energy drinks,56
702,2023-03-12,phone charger,67
703,2023-03-12,protein snacks,13
704,2023-03-12,paper towels,54
705,2023-03-12,sparkling water,28
706,2023-03-12,usb c cable,29
707,2023-03-12,coffee,63
708,2023-03-12,sunscreen,71
709,2023-03-12,instant noodles,60
710,2023-03-12,laundry detergent,19
711,2023-03-13,energy drinks,39
712,2023-03-13,phone charger,47
713,2023-03-13,protein snacks,43
714,2023-03-13,paper towels,36
715,2023-03-13,sparkling water,29
716,2023-03-13,usb c cable,25
717,2023-03-13,coffee,40
718,2023-03-13,sunscreen,68
719,2023-03-13,instant noodles,47
720,2023-03-13,laundry detergent,61
721,2023-03-14,energy drinks,75
722,2023-03-14,phone charger,78
723,2023-03-14,protein snacks,42
724,2023-03-14,paper towels,50
725,2023-03-14,sparkling water,51
726,2023-03-14,usb c cable,78
727,2023-03-14,coffee,76
728,2023-03-14,sunscreen,12
729,2023-03-14,instant noodles,42
730,2023-03-14,laundry detergent,47
731,2023-03-15,energy drinks,51
732,2023-03-15,phone charger,26
733,2023-03-15,protein snacks,53
734,2023-03-15,paper towels,47
735,2023-03-15,sparkling water,50
736,2023-03-15,usb c cable,49
737,2023-03-15,coffee,15
738,2023-03-15,sunscreen,46
739,2023-03-15,instant noodles,68
740,2023-03-15,laundry detergent,58
741,2023-03-16,energy drinks,67
742,2023-03-16,phone charger,24
743,2023-03-16,protein snacks,49
744,2023-03-16,paper towels,44
745,2023-03-16,sparkling water,61
746,2023-03-16,usb c cable,76
747,2023-03-16,coffee,78
748,2023-03-16,sunscreen,52
749,2023-03-16,instant noodles,15
750,2023-03-16,laundry detergent,33
751,2023-03-17,energy drinks,53
752,2023-03-17,phone charger,20
753,2023-03-17,protein snacks,73
754,2023-03-17,paper towels,42
755,2023-03-17,sparkling water,33
756,2023-03-17,usb c cable,64
757,2023-03-17,coffee,74
758,2023-03-17,sunscreen,48
759,2023-03-17,instant noodles,61
760,2023-03-17,laundry detergent,15
761,2023-03-18,energy drinks,62
762,2023-03-18,phone charger,44
763,2023-03-18,protein snacks,19
764,2023-03-18,paper towels,11
765,2023-03-18,sparkling water,17
766,2023-03-18,usb c cable,56
767,2023-03-18,coffee,76
768,2023-03-18,sunscreen,40
769,2023-03-18,instant noodles,78
770,2023-03-18,laundry detergent,70
771,2023-03-19,energy drinks,62
772,2023-03-19,phone charger,10
773,2023-03-19,protein snacks,29
774,2023-03-19,paper towels,75
775,2023-03-19,sparkling water,17
776,2023-03-19,usb c cable,71
777,2023-03-19,coffee,60
778,2023-03-19,sunscreen,49
779,2023-03-19,instant noodles,71
780,2023-03-19,laundry detergent,26
781,2023-03-20,energy drinks,38
782,2023-03-20,phone charger,45
783,2023-03-20,protein snacks,18
784,2023-03-20,paper towels,10
785,2023-03-20,sparkling water,55
786,2023-03-20,usb c cable,48
787,2023-03-20,coffee,77
788,2023-03-20,sunscreen,58
789,2023-03-20,instant noodles,15
790,2023-03-20,laundry detergent,50
791,2023-03-21,energy drinks,55
792,2023-03-21,phone charger,54
793,2023-03-21,protein snacks,79
794,2023-03-21,paper towels,18
795,2023-03-21,sparkling water,69
796,2023-03-21,usb c cable,49
797,2023-03-21,coffee,78
798,2023-03-21,sunscreen,36
799,2023-03-21,instant noodles,49
800,2023-03-21,laundry detergent,10
801,2023-03-22,energy drinks,72
802,2023-03-22,phone charger,57
803,2023-03-22,protein snacks,45
804,2023-03-22,paper towels,55
805,2023-03-22,sparkling water,10
806,2023-03-22,usb c cable,76
807,2023-03-22,coffee,12
808,2023-03-22,sunscreen,29
809,2023-03-22,instant noodles,65
810,2023-03-22,laundry detergent,29
811,2023-03-23,energy drinks,68
812,2023-03-23,phone charger,17
813,2023-03-23,protein snacks,69
814,2023-03-23,paper towels,29
815,2023-03-23,sparkling water,20
816,2023-03-23,usb c cable,22
817,2023-03-23,coffee,79
818,2023-03-23,sunscreen,11
819,2023-03-23,instant noodles,31
820,2023-03-23,laundry detergent,55
821,2023-03-24,energy drinks,34
822,2023-03-24,phone charger,45
823,2023-03-24,protein snacks,55
824,2023-03-24,paper towels,21
825,2023-03-24,sparkling water,15
826,2023-03-24,usb c cable,31
827,2023-03-24,coffee,20
828,2023-03-24,sunscreen,23
829,2023-03-24,instant noodles,34
830,2023-03-24,laundry detergent,17
831,2023-03-25,energy drinks,71
832,2023-03-25,phone charger,74
833,2023-03-25,protein snacks,76
834,2023-03-25,paper towels,57
835,2023-03-25,sparkling water,32
836,2023-03-25,usb c cable,75
837,2023-03-25,coffee,65
838,2023-03-25,sunscreen,79
839,2023-03-25,instant noodles,79
840,2023-03-25,laundry detergent,14
841,2023-03-26,energy drinks,14
842,2023-03-26,phone charger,17
843,2023-03-26,protein snacks,24
844,2023-03-26,paper towels,57
845,2023-03-26,sparkling water,33
846,2023-03-26,usb c cable,53
847,2023-03-26,coffee,61
848,2023-03-26,sunscreen,74
849,2023-03-26,instant noodles,19
850,2023-03-26,laundry detergent,18
851,2023-03-27,energy drinks,69
852,2023-03-27,phone charger,41
853,2023-03-27,protein snacks,59
854,2023-03-27,paper towels,30
855,2023-03-27,sparkling water,31
856,2023-03-27,usb c cable,73
857,2023-03-27,coffee,32
858,2023-03-27,sunscreen,71
859,2023-03-27,instant noodles,32
860,2023-03-27,laundry detergent,14
861,2023-03-28,energy drinks,78
862,2023-03-28,phone charger,40
863,2023-03-28,protein snacks,21
864,2023-03-28,paper towels,21
865,2023-03-28,sparkling water,54
866,2023-03-28,usb c cable,36
867,2023-03-28,coffee,34
868,2023-03-28,sunscreen,37
869,2023-03-28,instant noodles,32
870,2023-03-28,laundry detergent,74
871,2023-03-29,energy drinks,41
872,2023-03-29,phone charger,36
873,2023-03-29,protein snacks,29
874,2023-03-29,paper towels,37
875,2023-03-29,sparkling water,63
876,2023-03-29,usb c cable,10
877,2023-03-29,coffee,29
878,2023-03-29,sunscreen,50
879,2023-03-29,instant noodles,22
880,2023-03-29,laundry detergent,53
881,2023-03-30,energy drinks,46
882,2023-03-30,phone charger,69
883,2023-03-30,protein snacks,18
884,2023-03-30,paper towels,72
885,2023-03-30,sparkling water,63
886,2023-03-30,usb c cable,59
887,2023-03-30,coffee,41
888,2023-03-30,sunscreen,71
889,2023-03-30,instant noodles,21
890,2023-03-30,laundry detergent,50
891,2023-03-31,energy drinks,53
892,2023-03-31,phone charger,59
893,2023-03-31,protein snacks,69
894,2023-03-31,paper towels,28
895,2023-03-31,sparkling water,61
896,2023-03-31,usb c cable,29
897,2023-03-31,coffee,10
898,2023-03-31,sunscreen,39
899,2023-03-31,instant noodles,31
900,2023-03-31,laundry detergent,57
901,2023-04-01,energy drinks,72
902,2023-04-01,phone charger,78
903,2023-04-01,protein snacks,11
904,2023-04-01,paper towels,45
905,2023-04-01,sparkling water,40
906,2023-04-01,usb c cable,23
907,2023-04-01,coffee,50
908,2023-04-01,sunscreen,70
909,2023-04-01,instant noodles,69
910,2023-04-01,laundry detergent,22
911,2023-04-02,energy drinks,13
912,2023-04-02,phone charger,31
913,2023-04-02,protein snacks,72
914,2023-04-02,paper towels,62
915,2023-04-02,sparkling water,29
916,2023-04-02,usb c cable,27
917,2023-04-02,coffee,48
918,2023-04-02,sunscreen,73
919,2023-04-02,instant noodles,31
920,2023-04-02,laundry detergent,38
921,2023-04-03,energy drinks,74
922,2023-04-03,phone charger,31
923,2023-04-03,protein snacks,13
924,2023-04-03,paper towels,16
925,2023-04-03,sparkling water,29
926,2023-04-03,usb c cable,47
927,2023-04-03,coffee,79
928,2023-04-03,sunscreen,40
929,2023-04-03,instant noodles,60
930,2023-04-03,laundry detergent,15
931,2023-04-04,energy drinks,32
932,2023-04-04,phone charger,67
933,2023-04-04,protein snacks,32
934,2023-04-04,paper towels,64
935,2023-04-04,sparkling water,24
936,2023-04-04,usb c cable,16
937,2023-04-04,coffee,42
938,2023-04-04,sunscreen,70
939,2023-04-04,instant noodles,45
940,2023-04-04,laundry detergent,26
941,2023-04-05,energy drinks,78
942,2023-04-05,phone charger,54
943,2023-04-05,protein snacks,55
944,2023-04-05,paper towels,77
945,2023-04-05,sparkling water,70
946,2023-04-05,usb c cable,18
947,2023-04-05,coffee,68
948,2023-04-05,sunscreen,45
949,2023-04-05,instant noodles,11
950,2023-04-05,laundry detergent,20
951,2023-04-06,energy drinks,33
952,2023-04-06,phone charger,64
953,2023-04-06,protein snacks,38
954,2023-04-06,paper towels,12
955,2023-04-06,sparkling water,27
956,2023-04-06,usb c cable,30
957,2023-04-06,coffee,53
958,2023-04-06,sunscreen,43
959,2023-04-06,instant noodles,51
960,2023-04-06,laundry detergent,76
961,2023-04-07,energy drinks,65
962,2023-04-07,phone charger,17
963,2023-04-07,protein snacks,69
964,2023-04-07,paper towels,67
965,2023-04-07,sparkling water,12
966,2023-04-07,usb c cable,22
967,2023-04-07,coffee,52
968,2023-04-07,sunscreen,57
969,2023-04-07,instant noodles,18
970,2023-04-07,laundry detergent,77
971,2023-04-08,energy drinks,55
972,2023-04-08,phone charger,60
973,2023-04-08,protein snacks,39
974,2023-04-08,paper towels,63
975,2023-04-08,sparkling water,75
976,2023-04-08,usb c cable,47
977,2023-04-08,coffee,54
978,2023-04-08,sunscreen,79
979,2023-04-08,instant noodles,47
980,2023-04-08,laundry detergent,66
981,2023-04-09,energy drinks,64
982,2023-04-09,phone charger,26
983,2023-04-09,protein snacks,14
984,2023-04-09,paper towels,21
985,2023-04-09,sparkling water,43
986,2023-04-09,usb c cable,70
987,2023-04-09,coffee,12
988,2023-04-09,sunscreen,60
989,2023-04-09,instant noodles,27
990,2023-04-09,laundry detergent,31
991,2023-04-10,energy drinks,13
992,2023-04-10,phone charger,68
993,2023-04-10,protein snacks,32
994,2023-04-10,paper towels,38
995,2023-04-10,sparkling water,56
996,2023-04-10,usb c cable,62
997,2023-04-10,coffee,63
998,2023-04-10,sunscreen,25
999,2023-04-10,instant noodles,50
1000,2023-04-10,laundry detergent,68
1001,2023-04-11,energy drinks,52
1002,2023-04-11,phone charger,65
1003,2023-04-11,protein snacks,54
1004,2023-04-11,paper towels,34
1005,2023-04-11,sparkling water,35
1006,2023-04-11,usb c cable,73
1007,2023-04-11,coffee,46
1008,2023-04-11,sunscreen,24
1009,2023-04-11,instant noodles,41
1010,2023-04-11,laundry detergent,67
1011,2023-04-12,energy drinks,69
1012,2023-04-12,phone charger,17
1013,2023-04-12,protein snacks,62
1014,2023-04-12,paper towels,79
1015,2023-04-12,sparkling water,54
1016,2023-04-12,usb c cable,17
1017,2023-04-12,coffee,73
1018,2023-04-12,sunscreen,12
1019,2023-04-12,instant noodles,73
1020,2023-04-12,laundry detergent,62
1021,2023-04-13,energy drinks,47
1022,2023-04-13,phone charger,64
1023,2023-04-13,protein snacks,63
1024,2023-04-13,paper towels,45
1025,2023-04-13,sparkling water,52
1026,2023-04-13,usb c cable,41
1027,2023-04-13,coffee,69
1028,2023-04-13,sunscreen,79
1029,2023-04-13,instant noodles,29
1030,2023-04-13,laundry detergent,35
1031,2023-04-14,energy drinks,28
1032,2023-04-14,phone charger,27
1033,2023-04-14,protein snacks,39
1034,2023-04-14,paper towels,45
1035,2023-04-14,sparkling water,51
1036,2023-04-14,usb c cable,33
1037,2023-04-14,coffee,42
1038,2023-04-14,sunscreen,79
1039,2023-04-14,instant noodles,43
1040,2023-04-14,laundry detergent,72
1041,2023-04-15,energy drinks,59
1042,2023-04-15,phone charger,18
1043,2023-04-15,protein snacks,44
1044,2023-04-15,paper towels,43
1045,2023-04-15,sparkling water,41
1046,2023-04-15,usb c cable,47
1047,2023-04-15,coffee,64
1048,2023-04-15,sunscreen,54
1049,2023-04-15,instant noodles,11
1050,2023-04-15,laundry detergent,74
1051,2023-04-16,energy drinks,64
1052,2023-04-16,phone charger,49
1053,2023-04-16,protein snacks,51
1054,2023-04-16,paper towels,13
1055,2023-04-16,sparkling water,77
1056,2023-04-16,usb c cable,53
1057,2023-04-16,coffee,44
1058,2023-04-16,sunscreen,14
1059,2023-04-16,instant noodles,21
1060,2023-04-16,laundry detergent,39
1061,2023-04-17,energy drinks,10
1062,2023-04-17,phone charger,70
1063,2023-04-17,protein snacks,36
1064,2023-04-17,paper towels,78
1065,2023-04-17,sparkling water,11
1066,2023-04-17,usb c cable,12
1067,2023-04-17,coffee,24
1068,2023-04-17,sunscreen,11
1069,2023-04-17,instant noodles,14
1070,2023-04-17,laundry detergent,58
1071,2023-04-18,energy drinks,55
1072,2023-04-18,phone charger,62
1073,2023-04-18,protein snacks,52
1074,2023-04-18,paper towels,49
1075,2023-04-18,sparkling water,53
1076,2023-04-18,usb c cable,30
1077,2023-04-18,coffee,39
1078,2023-04-18,sunscreen,13
1079,2023-04-18,instant noodles,70
1080,2023-04-18,laundry detergent,49
1081,2023-04-19,energy drinks,42
1082,2023-04-19,phone charger,46
1083,2023-04-19,protein snacks,17
1084,2023-04-19,paper towels,41
1085,2023-04-19,sparkling water,34
1086,2023-04-19,usb c cable,16
1087,2023-04-19,coffee,26
1088,2023-04-19,sunscreen,48
1089,2023-04-19,instant noodles,75
1090,2023-04-19,laundry detergent,37
1091,2023-04-20,energy drinks,25
1092,2023-04-20,phone charger,45
1093,2023-04-20,protein snacks,54
1094,2023-04-20,paper towels,38
1095,2023-04-20,sparkling water,38
1096,2023-04-20,usb c cable,28
1097,2023-04-20,coffee,67
1098,2023-04-20,sunscreen,77
1099,2023-04-20,instant noodles,24
1100,2023-04-20,laundry detergent,31
1101,2023-04-21,energy drinks,62
1102,2023-04-21,phone charger,32
1103,2023-04-21,protein snacks,73
1104,2023-04-21,paper towels,62
1105,2023-04-21,sparkling water,50
1106,2023-04-21,usb c cable,54
1107,2023-04-21,coffee,55
1108,2023-04-21,sunscreen,19
1109,2023-04-21,instant noodles,39
1110,2023-04-21,laundry detergent,79
1111,2023-04-22,energy drinks,44
1112,2023-04-22,phone charger,58
1113,2023-04-22,protein snacks,35
1114,2023-04-22,paper towels,77
1115,2023-04-22,sparkling water,18
1116,2023-04-22,usb c cable,12
1117,2023-04-22,coffee,44
1118,2023-04-22,sunscreen,51
1119,2023-04-22,instant noodles,36
1120,2023-04-22,laundry detergent,41
1121,2023-04-23,energy drinks,18
1122,2023-04-23,phone charger,76
1123,2023-04-23,protein snacks,18
1124,2023-04-23,paper towels,36
1125,2023-04-23,sparkling water,41
1126,2023-04-23,usb c cable,74
1127,2023-04-23,coffee,31
1128,2023-04-23,sunscreen,59
1129,2023-04-23,instant noodles,11
1130,2023-04-23,laundry detergent,35
1131,2023-04-24,energy drinks,22
1132,2023-04-24,phone charger,17
1133,2023-04-24,protein snacks,72
1134,2023-04-24,paper towels,61
1135,2023-04-24,sparkling water,30
1136,2023-04-24,usb c cable,66
1137,2023-04-24,coffee,34
1138,2023-04-24,sunscreen,33
1139,2023-04-24,instant noodles,61
1140,2023-04-24,laundry detergent,55
1141,2023-04-25,energy drinks,47
1142,2023-04-25,phone charger,72
1143,2023-04-25,protein snacks,46
1144,2023-04-25,paper towels,79
1145,2023-04-25,sparkling water,56
1146,2023-04-25,usb c cable,38
1147,2023-04-25,coffee,24
1148,2023-04-25,sunscreen,16
1149,2023-04-25,instant noodles,31
1150,2023-04-25,laundry detergent,41
1151,2023-04-26,energy drinks,51
1152,2023-04-26,phone charger,72
1153,2023-04-26,protein snacks,10
1154,2023-04-26,paper towels,13
1155,2023-04-26,sparkling water,16
1156,2023-04-26,usb c cable,73
1157,2023-04-26,coffee,76
1158,2023-04-26,sunscreen,21
1159,2023-04-26,instant noodles,13
1160,2023-04-26,laundry detergent,20
1161,2023-04-27,energy drinks,75
1162,2023-04-27,phone charger,67
1163,2023-04-27,protein snacks,26
1164,2023-04-27,paper towels,28
1165,2023-04-27,sparkling water,25
1166,2023-04-27,usb c cable,28
1167,2023-04-27,coffee,75
1168,2023-04-27,sunscreen,59
1169,2023-04-27,instant noodles,32
1170,2023-04-27,laundry detergent,44
1171,2023-04-28,energy drinks,19
1172,2023-04-28,phone charger,44
1173,2023-04-28,protein snacks,59
1174,2023-04-28,paper towels,60
1175,2023-04-28,sparkling water,68
1176,2023-04-28,usb c cable,49
1177,2023-04-28,coffee,49
1178,2023-04-28,sunscreen,38
1179,2023-04-28,instant noodles,22
1180,2023-04-28,laundry detergent,69
1181,2023-04-29,energy drinks,25
1182,2023-04-29,phone charger,35
1183,2023-04-29,protein snacks,55
1184,2023-04-29,paper towels,79
1185,2023-04-29,sparkling water,33
1186,2023-04-29,usb c cable,31
1187,2023-04-29,coffee,59
1188,2023-04-29,sunscreen,41
1189,2023-04-29,instant noodles,64
1190,2023-04-29,laundry detergent,31
1191,2023-04-30,energy drinks,66
1192,2023-04-30,phone charger,26
1193,2023-04-30,protein snacks,10
1194,2023-04-30,paper towels,30
1195,2023-04-30,sparkling water,23
1196,2023-04-30,usb c cable,76
1197,2023-04-30,coffee,29
1198,2023-04-30,sunscreen,60
1199,2023-04-30,instant noodles,73
1200,2023-04-30,laundry detergent,18
1201,2023-05-01,energy drinks,40
1202,2023-05-01,phone charger,55
1203,2023-05-01,protein snacks,55
1204,2023-05-01,paper towels,41
1205,2023-05-01,sparkling water,34
1206,2023-05-01,usb c cable,31
1207,2023-05-01,coffee,50
1208,2023-05-01,sunscreen,15
1209,2023-05-01,instant noodles,69
1210,2023-05-01,laundry detergent,22
1211,2023-05-02,energy drinks,18
1212,2023-05-02,phone charger,25
1213,2023-05-02,protein snacks,70
1214,2023-05-02,paper towels,61
1215,2023-05-02,sparkling water,78
1216,2023-05-02,usb c cable,15
1217,2023-05-02,coffee,29
1218,2023-05-02,sunscreen,29
1219,2023-05-02,instant noodles,66
1220,2023-05-02,laundry detergent,58
1221,2023-05-03,energy drinks,24
1222,2023-05-03,phone charger,66
1223,2023-05-03,protein snacks,17
1224,2023-05-03,paper towels,15
1225,2023-05-03,sparkling water,58
1226,2023-05-03,usb c cable,49
1227,2023-05-03,coffee,40
1228,2023-05-03,sunscreen,27
1229,2023-05-03,instant noodles,61
1230,2023-05-03,laundry detergent,44
1231,2023-05-04,energy drinks,39
1232,2023-05-04,phone charger,59
1233,2023-05-04,protein snacks,12
1234,2023-05-04,paper towels,74
1235,2023-05-04,sparkling water,12
1236,2023-05-04,usb c cable,14
1237,2023-05-04,coffee,62
1238,2023-05-04,sunscreen,46
1239,2023-05-04,instant noodles,21
1240,2023-05-04,laundry detergent,11
1241,2023-05-05,energy drinks,38
1242,2023-05-05,phone charger,66
1243,2023-05-05,protein snacks,37
1244,2023-05-05,paper towels,52
1245,2023-05-05,sparkling water,16
1246,2023-05-05,usb c cable,14
1247,2023-05-05,coffee,74
1248,2023-05-05,sunscreen,50
1249,2023-05-05,instant noodles,68
1250,2023-05-05,laundry detergent,70
1251,2023-05-06,energy drinks,76
1252,2023-05-06,phone charger,63
1253,2023-05-06,protein snacks,63
1254,2023-05-06,paper towels,68
1255,2023-05-06,sparkling water,58
1256,2023-05-06,usb c cable,61
1257,2023-05-06,coffee,43
1258,2023-05-06,sunscreen,37
1259,2023-05-06,instant noodles,67
1260,2023-05-06,laundry detergent,24
1261,2023-05-07,energy drinks,28
1262,2023-05-07,phone charger,41
1263,2023-05-07,protein snacks,11
1264,2023-05-07,paper towels,65
1265,2023-05-07,sparkling water,55
1266,2023-05-07,usb c cable,38
1267,2023-05-07,coffee,73
1268,2023-05-07,sunscreen,11
1269,2023-05-07,instant noodles,46
1270,2023-05-07,laundry detergent,71
1271,2023-05-08,energy drinks,61
1272,2023-05-08,phone charger,72
1273,2023-05-08,protein snacks,20
1274,2023-05-08,paper towels,76
1275,2023-05-08,sparkling water,58
1276,2023-05-08,usb c cable,79
1277,2023-05-08,coffee,45
1278,2023-05-08,sunscreen,34
1279,2023-05-08,instant noodles,18
1280,2023-05-08,laundry detergent,19
1281,2023-05-09,energy drinks,10
1282,2023-05-09,phone charger,13
1283,2023-05-09,protein snacks,35
1284,2023-05-09,paper towels,62
1285,2023-05-09,sparkling water,32
1286,2023-05-09,usb c cable,77
1287,2023-05-09,coffee,11
1288,2023-05-09,sunscreen,10
1289,2023-05-09,instant noodles,18
1290,2023-05-09,laundry detergent,68
1291,2023-05-10,energy drinks,62
1292,2023-05-10,phone charger,51
1293,2023-05-10,protein snacks,34
1294,2023-05-10,paper towels,19
1295,2023-05-10,sparkling water,26
1296,2023-05-10,usb c cable,14
1297,2023-05-10,coffee,22
1298,2023-05-10,sunscreen,42
1299,2023-05-10,instant noodles,72
1300,2023-05-10,laundry detergent,70
1301,2023-05-11,energy drinks,31
1302,2023-05-11,phone charger,59
1303,2023-05-11,protein snacks,21
1304,2023-05-11,paper towels,28
1305,2023-05-11,sparkling water,15
1306,2023-05-11,usb c cable,65
1307,2023-05-11,coffee,13
1308,2023-05-11,sunscreen,34
1309,2023-05-11,instant noodles,28
1310,2023-05-11,laundry detergent,63
1311,2023-05-12,energy drinks,19
1312,2023-05-12,phone charger,27
1313,2023-05-12,protein snacks,12
1314,2023-05-12,paper towels,46
1315,2023-05-12,sparkling water,71
1316,2023-05-12,usb c cable,76
1317,2023-05-12,coffee,43
1318,2023-05-12,sunscreen,16
1319,2023-05-12,instant noodles,34
1320,2023-05-12,laundry detergent,78
1321,2023-05-13,energy drinks,29
1322,2023-05-13,phone charger,10
1323,2023-05-13,protein snacks,25
1324,2023-05-13,paper towels,38
1325,2023-05-13,sparkling water,68
1326,2023-05-13,usb c cable,34
1327,2023-05-13,coffee,24
1328,2023-05-13,sunscreen,44
1329,2023-05-13,instant noodles,79
1330,2023-05-13,laundry detergent,42
1331,2023-05-14,energy drinks,40
1332,2023-05-14,phone charger,60
1333,2023-05-14,protein snacks,12
1334,2023-05-14,paper towels,10
1335,2023-05-14,sparkling water,67
1336,2023-05-14,usb c cable,43
1337,2023-05-14,coffee,49
1338,2023-05-14,sunscreen,39
1339,2023-05-14,instant noodles,49
1340,2023-05-14,laundry detergent,79
1341,2023-05-15,energy drinks,23
1342,2023-05-15,phone charger,66
1343,2023-05-15,protein snacks,21
1344,2023-05-15,paper towels,61
1345,2023-05-15,sparkling water,14
1346,2023-05-15,usb c cable,32
1347,2023-05-15,coffee,70
1348,2023-05-15,sunscreen,47
1349,2023-05-15,instant noodles,14
1350,2023-05-15,laundry detergent,77
1351,2023-05-16,energy drinks,19
1352,2023-05-16,phone charger,62
1353,2023-05-16,protein snacks,72
1354,2023-05-16,paper towels,29
1355,2023-05-16,sparkling water,71
1356,2023-05-16,usb c cable,21
1357,2023-05-16,coffee,66
1358,2023-05-16,sunscreen,62
1359,2023-05-16,instant noodles,37
1360,2023-05-16,laundry detergent,44
1361,2023-05-17,energy drinks,78
1362,2023-05-17,phone charger,66
1363,2023-05-17,protein snacks,11
1364,2023-05-17,paper towels,25
1365,2023-05-17,sparkling water,64
1366,2023-05-17,usb c cable,57
1367,2023-05-17,coffee,25
1368,2023-05-17,sunscreen,75
1369,2023-05-17,instant noodles,36
1370,2023-05-17,laundry detergent,13
1371,2023-05-18,energy drinks,51
1372,2023-05-18,phone charger,35
1373,2023-05-18,protein snacks,76
1374,2023-05-18,paper towels,78
1375,2023-05-18,sparkling water,78
1376,2023-05-18,usb c cable,64
1377,2023-05-18,coffee,42
1378,2023-05-18,sunscreen,15
1379,2023-05-18,instant noodles,67
1380,2023-05-18,laundry detergent,40
1381,2023-05-19,energy drinks,49
1382,2023-05-19,phone charger,77
1383,2023-05-19,protein snacks,10
1384,2023-05-19,paper towels,20
1385,2023-05-19,sparkling water,18
1386,2023-05-19,usb c cable,17
1387,2023-05-19,coffee,17
1388,2023-05-19,sunscreen,30
1389,2023-05-19,instant noodles,14
1390,2023-05-19,laundry detergent,56
1391,2023-05-20,energy drinks,63
1392,2023-05-20,phone charger,59
1393,2023-05-20,protein snacks,53
1394,2023-05-20,paper towels,47
1395,2023-05-20,sparkling water,52
1396,2023-05-20,usb c cable,11
1397,2023-05-20,coffee,36
1398,2023-05-20,sunscreen,48
1399,2023-05-20,instant noodles,28
1400,2023-05-20,laundry detergent,21
1401,2023-05-21,energy drinks,18
1402,2023-05-21,phone charger,56
1403,2023-05-21,protein snacks,63
1404,2023-05-21,paper towels,68
1405,2023-05-21,sparkling water,60
1406,2023-05-21,usb c cable,65
1407,2023-05-21,coffee,71
1408,2023-05-21,sunscreen,65
1409,2023-05-21,instant noodles,35
1410,2023-05-21,laundry detergent,66
1411,2023-05-22,energy drinks,67
1412,2023-05-22,phone charger,46
1413,2023-05-22,protein snacks,24
1414,2023-05-22,paper towels,32
1415,2023-05-22,sparkling water,56
1416,2023-05-22,usb c cable,60
1417,2023-05-22,coffee,40
1418,2023-05-22,sunscreen,39
1419,2023-05-22,instant noodles,54
1420,2023-05-22,laundry detergent,22
1421,2023-05-23,energy drinks,16
1422,2023-05-23,phone charger,39
1423,2023-05-23,protein snacks,14
1424,2023-05-23,paper towels,51
1425,2023-05-23,sparkling water,31
1426,2023-05-23,usb c cable,31
1427,2023-05-23,coffee,74
1428,2023-05-23,sunscreen,31
1429,2023-05-23,instant noodles,17
1430,2023-05-23,laundry detergent,26
1431,2023-05-24,energy drinks,57
1432,2023-05-24,phone charger,36
1433,2023-05-24,protein snacks,72
1434,2023-05-24,paper towels,23
1435,2023-05-24,sparkling water,14
1436,2023-05-24,usb c cable,51
1437,2023-05-24,coffee,77
1438,2023-05-24,sunscreen,30
1439,2023-05-24,instant noodles,34
1440,2023-05-24,laundry detergent,29
1441,2023-05-25,energy drinks,52
1442,2023-05-25,phone charger,41
1443,2023-05-25,protein snacks,10
1444,2023-05-25,paper towels,26
1445,2023-05-25,sparkling water,47
1446,2023-05-25,usb c cable,50
1447,2023-05-25,coffee,20
1448,2023-05-25,sunscreen,65
1449,2023-05-25,instant noodles,74
1450,2023-05-25,laundry detergent,54
1451,2023-05-26,energy drinks,21
1452,2023-05-26,phone charger,69
1453,2023-05-26,protein snacks,21
1454,2023-05-26,paper towels,69
1455,2023-05-26,sparkling water,16
1456,2023-05-26,usb c cable,15
1457,2023-05-26,coffee,44
1458,2023-05-26,sunscreen,10
1459,2023-05-26,instant noodles,49
1460,2023-05-26,laundry detergent,49
1461,2023-05-27,energy drinks,34
1462,2023-05-27,phone charger,16
1463,2023-05-27,protein snacks,65
1464,2023-05-27,paper towels,42
1465,2023-05-27,sparkling water,10
1466,2023-05-27,usb c cable,32
1467,2023-05-27,coffee,16
1468,2023-05-27,sunscreen,63
1469,2023-05-27,instant noodles,38
1470,2023-05-27,laundry detergent,79
1471,2023-05-28,energy drinks,18
1472,2023-05-28,phone charger,29
1473,2023-05-28,protein snacks,68
1474,2023-05-28,paper towels,56
1475,2023-05-28,sparkling water,67
1476,2023-05-28,usb c cable,78
1477,2023-05-28,coffee,27
1478,2023-05-28,sunscreen,15
1479,2023-05-28,instant noodles,12
1480,2023-05-28,laundry detergent,61
1481,2023-05-29,energy drinks,70
1482,2023-05-29,phone charger,42
1483,2023-05-29,protein snacks,29
1484,2023-05-29,paper towels,77
1485,2023-05-29,sparkling water,59
1486,2023-05-29,usb c cable,39
1487,2023-05-29,coffee,26
1488,2023-05-29,sunscreen,40
1489,2023-05-29,instant noodles,23
1490,2023-05-29,laundry detergent,42
1491,2023-05-30,energy drinks,56
1492,2023-05-30,phone charger,65
1493,2023-05-30,protein snacks,23
1494,2023-05-30,paper towels,38
1495,2023-05-30,sparkling water,15
1496,2023-05-30,usb c cable,33
1497,2023-05-30,coffee,37
1498,2023-05-30,sunscreen,65
1499,2023-05-30,instant noodles,12
1500,2023-05-30,laundry detergent,13
1501,2023-05-31,energy drinks,47
1502,2023-05-31,phone charger,41
1503,2023-05-31,protein snacks,63
1504,2023-05-31,paper towels,69
1505,2023-05-31,sparkling water,51
1506,2023-05-31,usb c cable,57
1507,2023-05-31,coffee,59
1508,2023-05-31,sunscreen,67
1509,2023-05-31,instant noodles,46
1510,2023-05-31,laundry detergent,66
1511,2023-06-01,energy drinks,54
1512,2023-06-01,phone charger,73
1513,2023-06-01,protein snacks,63
1514,2023-06-01,paper towels,40
1515,2023-06-01,sparkling water,101
1516,2023-06-01,usb c cable,13
1517,2023-06-01,coffee,43
1518,2023-06-01,sunscreen,113
1519,2023-06-01,instant noodles,74
1520,2023-06-01,laundry detergent,23
1521,2023-06-02,energy drinks,150
1522,2023-06-02,phone charger,61
1523,2023-06-02,protein snacks,72
1524,2023-06-02,paper towels,70
1525,2023-06-02,sparkling water,144
1526,2023-06-02,usb c cable,75
1527,2023-06-02,coffee,68
1528,2023-06-02,sunscreen,128
1529,2023-06-02,instant noodles,25
1530,2023-06-02,laundry detergent,20
1531,2023-06-03,energy drinks,97
1532,2023-06-03,phone charger,73
1533,2023-06-03,protein snacks,53
1534,2023-06-03,paper towels,54
1535,2023-06-03,sparkling water,147
1536,2023-06-03,usb c cable,61
1537,2023-06-03,coffee,79
1538,2023-06-03,sunscreen,83
1539,2023-06-03,instant noodles,62
1540,2023-06-03,laundry detergent,49
1541,2023-06-04,energy drinks,71
1542,2023-06-04,phone charger,41
1543,2023-06-04,protein snacks,21
1544,2023-06-04,paper towels,39
1545,2023-06-04,sparkling water,90
1546,2023-06-04,usb c cable,74
1547,2023-06-04,coffee,78
1548,2023-06-04,sunscreen,48
1549,2023-06-04,instant noodles,61
1550,2023-06-04,laundry detergent,77
1551,2023-06-05,energy drinks,37
1552,2023-06-05,phone charger,64
1553,2023-06-05,protein snacks,32
1554,2023-06-05,paper towels,58
1555,2023-06-05,sparkling water,26
1556,2023-06-05,usb c cable,19
1557,2023-06-05,coffee,40
1558,2023-06-05,sunscreen,107
1559,2023-06-05,instant noodles,67
1560,2023-06-05,laundry detergent,35
1561,2023-06-06,energy drinks,52
1562,2023-06-06,phone charger,11
1563,2023-06-06,protein snacks,76
1564,2023-06-06,paper towels,79
1565,2023-06-06,sparkling water,104
1566,2023-06-06,usb c cable,72
1567,2023-06-06,coffee,51
1568,2023-06-06,sunscreen,29
1569,2023-06-06,instant noodles,42
1570,2023-06-06,laundry detergent,15
1571,2023-06-07,energy drinks,136
1572,2023-06-07,phone charger,63
1573,2023-06-07,protein snacks,65
1574,2023-06-07,paper towels,52
1575,2023-06-07,sparkling water,26
1576,2023-06-07,usb c cable,26
1577,2023-06-07,coffee,42
1578,2023-06-07,sunscreen,124
1579,2023-06-07,instant noodles,38
1580,2023-06-07,laundry detergent,37
1581,2023-06-08,energy drinks,45
1582,2023-06-08,phone charger,44
1583,2023-06-08,protein snacks,54
1584,2023-06-08,paper towels,79
1585,2023-06-08,sparkling water,130
1586,2023-06-08,usb c cable,78
1587,2023-06-08,coffee,13
1588,2023-06-08,sunscreen,118
1589,2023-06-08,instant noodles,36
1590,2023-06-08,laundry detergent,71
1591,2023-06-09,energy drinks,156
1592,2023-06-09,phone charger,66
1593,2023-06-09,protein snacks,26
1594,2023-06-09,paper towels,46
1595,2023-06-09,sparkling water,81
1596,2023-06-09,usb c cable,25
1597,2023-06-09,coffee,18
1598,2023-06-09,sunscreen,56
1599,2023-06-09,instant noodles,76
1600,2023-06-09,laundry detergent,39
1601,2023-06-10,energy drinks,136
1602,2023-06-10,phone charger,10
1603,2023-06-10,protein snacks,79
1604,2023-06-10,paper towels,43
1605,2023-06-10,sparkling water,129
1606,2023-06-10,usb c cable,48
1607,2023-06-10,coffee,45
1608,2023-06-10,sunscreen,145
1609,2023-06-10,instant noodles,50
1610,2023-06-10,laundry detergent,77
1611,2023-06-11,energy drinks,128
1612,2023-06-11,phone charger,71
1613,2023-06-11,protein snacks,52
1614,2023-06-11,paper towels,41
1615,2023-06-11,sparkling water,148
1616,2023-06-11,usb c cable,33
1617,2023-06-11,coffee,71
1618,2023-06-11,sunscreen,89
1619,2023-06-11,instant noodles,42
1620,2023-06-11,laundry detergent,46
1621,2023-06-12,energy drinks,92
1622,2023-06-12,phone charger,38
1623,2023-06-12,protein snacks,46
1624,2023-06-12,paper towels,70
1625,2023-06-12,sparkling water,61
1626,2023-06-12,usb c cable,39
1627,2023-06-12,coffee,27
1628,2023-06-12,sunscreen,31
1629,2023-06-12,instant noodles,71
1630,2023-06-12,laundry detergent,61
1631,2023-06-13,energy drinks,95
1632,2023-06-13,phone charger,14
1633,2023-06-13,protein snacks,15
1634,2023-06-13,paper towels,30
1635,2023-06-13,sparkling water,18
1636,2023-06-13,usb c cable,71
1637,2023-06-13,coffee,19
1638,2023-06-13,sunscreen,125
1639,2023-06-13,instant noodles,51
1640,2023-06-13,laundry detergent,62
1641,2023-06-14,energy drinks,76
1642,2023-06-14,phone charger,52
1643,2023-06-14,protein snacks,47
1644,2023-06-14,paper towels,41
1645,2023-06-14,sparkling water,118
1646,2023-06-14,usb c cable,32
1647,2023-06-14,coffee,73
1648,2023-06-14,sunscreen,38
1649,2023-06-14,instant noodles,46
1650,2023-06-14,laundry detergent,57
1651,2023-06-15,energy drinks,23
1652,2023-06-15,phone charger,72
1653,2023-06-15,protein snacks,54
1654,2023-06-15,paper towels,79
1655,2023-06-15,sparkling water,97
1656,2023-06-15,usb c cable,13
1657,2023-06-15,coffee,30
1658,2023-06-15,sunscreen,147
1659,2023-06-15,instant noodles,29
1660,2023-06-15,laundry detergent,77
1661,2023-06-16,energy drinks,91
1662,2023-06-16,phone charger,60
1663,2023-06-16,protein snacks,46
1664,2023-06-16,paper towels,12
1665,2023-06-16,sparkling water,23
1666,2023-06-16,usb c cable,45
1667,2023-06-16,coffee,11
1668,2023-06-16,sunscreen,99
1669,2023-06-16,instant noodles,34
1670,2023-06-16,laundry detergent,49
1671,2023-06-17,energy drinks,141
1672,2023-06-17,phone charger,26
1673,2023-06-17,protein snacks,66
1674,2023-06-17,paper towels,64
1675,2023-06-17,sparkling water,107
1676,2023-06-17,usb c cable,16
1677,2023-06-17,coffee,31
1678,2023-06-17,sunscreen,148
1679,2023-06-17,instant noodles,50
1680,2023-06-17,laundry detergent,66
1681,2023-06-18,energy drinks,154
1682,2023-06-18,phone charger,15
1683,2023-06-18,protein snacks,16
1684,2023-06-18,paper towels,55
1685,2023-06-18,sparkling water,45
1686,2023-06-18,usb c cable,67
1687,2023-06-18,coffee,18
1688,2023-06-18,sunscreen,16
1689,2023-06-18,instant noodles,38
1690,2023-06-18,laundry detergent,51
1691,2023-06-19,energy drinks,92
1692,2023-06-19,phone charger,64
1693,2023-06-19,protein snacks,40
1694,2023-06-19,paper towels,49
1695,2023-06-19,sparkling water,137
1696,2023-06-19,usb c cable,35
1697,2023-06-19,coffee,39
1698,2023-06-19,sunscreen,119
1699,2023-06-19,instant noodles,63
1700,2023-06-19,laundry detergent,73
1701,2023-06-20,energy drinks,81
1702,2023-06-20,phone charger,46
1703,2023-06-20,protein snacks,74
1704,2023-06-20,paper towels,51
1705,2023-06-20,sparkling water,132
1706,2023-06-20,usb c cable,74
1707,2023-06-20,coffee,26
1708,2023-06-20,sunscreen,23
1709,2023-06-20,instant noodles,56
1710,2023-06-20,laundry detergent,49
1711,2023-06-21,energy drinks,21
1712,2023-06-21,phone charger,40
1713,2023-06-21,protein snacks,58
1714,2023-06-21,paper towels,51
1715,2023-06-21,sparkling water,49
1716,2023-06-21,usb c cable,41
1717,2023-06-21,coffee,79
1718,2023-06-21,sunscreen,40
1719,2023-06-21,instant noodles,20
1720,2023-06-21,laundry detergent,28
1721,2023-06-22,energy drinks,30
1722,2023-06-22,phone charger,17
1723,2023-06-22,protein snacks,23
1724,2023-06-22,paper towels,26
1725,2023-06-22,sparkling water,124
1726,2023-06-22,usb c cable,71
1727,2023-06-22,coffee,21
1728,2023-06-22,sunscreen,77
1729,2023-06-22,instant noodles,48
1730,2023-06-22,laundry detergent,57
1731,2023-06-23,energy drinks,108
1732,2023-06-23,phone charger,19
1733,2023-06-23,protein snacks,27
1734,2023-06-23,paper towels,61
1735,2023-06-23,sparkling water,113
1736,2023-06-23,usb c cable,59
1737,2023-06-23,coffee,69
1738,2023-06-23,sunscreen,22
1739,2023-06-23,instant noodles,60
1740,2023-06-23,laundry detergent,70
1741,2023-06-24,energy drinks,163
1742,2023-06-24,phone charger,77
1743,2023-06-24,protein snacks,76
1744,2023-06-24,paper towels,66
1745,2023-06-24,sparkling water,71
1746,2023-06-24,usb c cable,58
1747,2023-06-24,coffee,47
1748,2023-06-24,sunscreen,81
1749,2023-06-24,instant noodles,18
1750,2023-06-24,laundry detergent,29
1751,2023-06-25,energy drinks,95
1752,2023-06-25,phone charger,33
1753,2023-06-25,protein snacks,46
1754,2023-06-25,paper towels,25
1755,2023-06-25,sparkling water,67
1756,2023-06-25,usb c cable,50
1757,2023-06-25,coffee,38
1758,2023-06-25,sunscreen,95
1759,2023-06-25,instant noodles,33
1760,2023-06-25,laundry detergent,49
1761,2023-06-26,energy drinks,32
1762,2023-06-26,phone charger,51
1763,2023-06-26,protein snacks,65
1764,2023-06-26,paper towels,35
1765,2023-06-26,sparkling water,41
1766,2023-06-26,usb c cable,47
1767,2023-06-26,coffee,37
1768,2023-06-26,sunscreen,57
1769,2023-06-26,instant noodles,78
1770,2023-06-26,laundry detergent,27
1771,2023-06-27,energy drinks,44
1772,2023-06-27,phone charger,51
1773,2023-06-27,protein snacks,27
1774,2023-06-27,paper towels,48
1775,2023-06-27,sparkling water,145
1776,2023-06-27,usb c cable,48
1777,2023-06-27,coffee,39
1778,2023-06-27,sunscreen,60
1779,2023-06-27,instant noodles,74
1780,2023-06-27,laundry detergent,60
1781,2023-06-28,energy drinks,155
1782,2023-06-28,phone charger,56
1783,2023-06-28,protein snacks,71
1784,2023-06-28,paper towels,61
1785,2023-06-28,sparkling water,84
1786,2023-06-28,usb c cable,45
1787,2023-06-28,coffee,72
1788,2023-06-28,sunscreen,83
1789,2023-06-28,instant noodles,19
1790,2023-06-28,laundry detergent,48
1791,2023-06-29,energy drinks,156
1792,2023-06-29,phone charger,59
1793,2023-06-29,protein snacks,65
1794,2023-06-29,paper towels,46
1795,2023-06-29,sparkling water,155
1796,2023-06-29,usb c cable,10
1797,2023-06-29,coffee,48
1798,2023-06-29,sunscreen,93
1799,2023-06-29,instant noodles,54
1800,2023-06-29,laundry detergent,10
1801,2023-06-30,energy drinks,68
1802,2023-06-30,phone charger,43
1803,2023-06-30,protein snacks,39
1804,2023-06-30,paper towels,74
1805,2023-06-30,sparkling water,86
1806,2023-06-30,usb c cable,41
1807,2023-06-30,coffee,70
1808,2023-06-30,sunscreen,39
1809,2023-06-30,instant noodles,49
1810,2023-06-30,laundry detergent,35
1811,2023-07-01,energy drinks,44
1812,2023-07-01,phone charger,31
1813,2023-07-01,protein snacks,14
1814,2023-07-01,paper towels,73
1815,2023-07-01,sparkling water,62
1816,2023-07-01,usb c cable,23
1817,2023-07-01,coffee,78
1818,2023-07-01,sunscreen,81
1819,2023-07-01,instant noodles,48
1820,2023-07-01,laundry detergent,15
1821,2023-07-02,energy drinks,110
1822,2023-07-02,phone charger,55
1823,2023-07-02,protein snacks,35
1824,2023-07-02,paper towels,18
1825,2023-07-02,sparkling water,49
1826,2023-07-02,usb c cable,20
1827,2023-07-02,coffee,42
1828,2023-07-02,sunscreen,99
1829,2023-07-02,instant noodles,36
1830,2023-07-02,laundry detergent,49
1831,2023-07-03,energy drinks,50
1832,2023-07-03,phone charger,78
1833,2023-07-03,protein snacks,79
1834,2023-07-03,paper towels,25
1835,2023-07-03,sparkling water,124
1836,2023-07-03,usb c cable,51
1837,2023-07-03,coffee,29
1838,2023-07-03,sunscreen,54
1839,2023-07-03,instant noodles,24
1840,2023-07-03,laundry detergent,44
1841,2023-07-04,energy drinks,94
1842,2023-07-04,phone charger,25
1843,2023-07-04,protein snacks,17
1844,2023-07-04,paper towels,68
1845,2023-07-04,sparkling water,54
1846,2023-07-04,usb c cable,78
1847,2023-07-04,coffee,40
1848,2023-07-04,sunscreen,57
1849,2023-07-04,instant noodles,56
1850,2023-07-04,laundry detergent,61
1851,2023-07-05,energy drinks,114
1852,2023-07-05,phone charger,17
1853,2023-07-05,protein snacks,32
1854,2023-07-05,paper towels,77
1855,2023-07-05,sparkling water,86
1856,2023-07-05,usb c cable,14
1857,2023-07-05,coffee,40
1858,2023-07-05,sunscreen,85
1859,2023-07-05,instant noodles,50
1860,2023-07-05,laundry detergent,68
1861,2023-07-06,energy drinks,27
1862,2023-07-06,phone charger,54
1863,2023-07-06,protein snacks,48
1864,2023-07-06,paper towels,27
1865,2023-07-06,sparkling water,54
1866,2023-07-06,usb c cable,25
1867,2023-07-06,coffee,74
1868,2023-07-06,sunscreen,63
1869,2023-07-06,instant noodles,46
1870,2023-07-06,laundry detergent,76
1871,2023-07-07,energy drinks,118
1872,2023-07-07,phone charger,62
1873,2023-07-07,protein snacks,54
1874,2023-07-07,paper towels,49
1875,2023-07-07,sparkling water,108
1876,2023-07-07,usb c cable,52
1877,2023-07-07,coffee,40
1878,2023-07-07,sunscreen,45
1879,2023-07-07,instant noodles,18
1880,2023-07-07,laundry detergent,65
1881,2023-07-08,energy drinks,22
1882,2023-07-08,phone charger,53
1883,2023-07-08,protein snacks,67
1884,2023-07-08,paper towels,66
1885,2023-07-08,sparkling water,105
1886,2023-07-08,usb c cable,73
1887,2023-07-08,coffee,15
1888,2023-07-08,sunscreen,81
1889,2023-07-08,instant noodles,40
1890,2023-07-08,laundry detergent,36
1891,2023-07-09,energy drinks,79
1892,2023-07-09,phone charger,73
1893,2023-07-09,protein snacks,65
1894,2023-07-09,paper towels,56
1895,2023-07-09,sparkling water,26
1896,2023-07-09,usb c cable,30
1897,2023-07-09,coffee,32
1898,2023-07-09,sunscreen,158
1899,2023-07-09,instant noodles,72
1900,2023-07-09,laundry detergent,59
1901,2023-07-10,energy drinks,37
1902,2023-07-10,phone charger,32
1903,2023-07-10,protein snacks,69
1904,2023-07-10,paper towels,14
1905,2023-07-10,sparkling water,31
1906,2023-07-10,usb c cable,21
1907,2023-07-10,coffee,16
1908,2023-07-10,sunscreen,109
1909,2023-07-10,instant noodles,45
1910,2023-07-10,laundry detergent,27
1911,2023-07-11,energy drinks,120
1912,2023-07-11,phone charger,55
1913,2023-07-11,protein snacks,61
1914,2023-07-11,paper towels,75
1915,2023-07-11,sparkling water,129
1916,2023-07-11,usb c cable,43
1917,2023-07-11,coffee,57
1918,2023-07-11,sunscreen,168
1919,2023-07-11,instant noodles,40
1920,2023-07-11,laundry detergent,19
1921,2023-07-12,energy drinks,98
1922,2023-07-12,phone charger,23
1923,2023-07-12,protein snacks,69
1924,2023-07-12,paper towels,46
1925,2023-07-12,sparkling water,33
1926,2023-07-12,usb c cable,42
1927,2023-07-12,coffee,47
1928,2023-07-12,sunscreen,122
1929,2023-07-12,instant noodles,13
1930,2023-07-12,laundry detergent,47
1931,2023-07-13,energy drinks,150
1932,2023-07-13,phone charger,49
1933,2023-07-13,protein snacks,73
1934,2023-07-13,paper towels,75
1935,2023-07-13,sparkling water,22
1936,2023-07-13,usb c cable,67
1937,2023-07-13,coffee,48
1938,2023-07-13,sunscreen,138
1939,2023-07-13,instant noodles,17
1940,2023-07-13,laundry detergent,59
1941,2023-07-14,energy drinks,134
1942,2023-07-14,phone charger,65
1943,2023-07-14,protein snacks,78
1944,2023-07-14,paper towels,26
1945,2023-07-14,sparkling water,34
1946,2023-07-14,usb c cable,19
1947,2023-07-14,coffee,19
1948,2023-07-14,sunscreen,25
1949,2023-07-14,instant noodles,35
1950,2023-07-14,laundry detergent,17
1951,2023-07-15,energy drinks,91
1952,2023-07-15,phone charger,73
1953,2023-07-15,protein snacks,67
1954,2023-07-15,paper towels,68
1955,2023-07-15,sparkling water,80
1956,2023-07-15,usb c cable,41
1957,2023-07-15,coffee,53
1958,2023-07-15,sunscreen,36
1959,2023-07-15,instant noodles,42
1960,2023-07-15,laundry detergent,12
1961,2023-07-16,energy drinks,67
1962,2023-07-16,phone charger,66
1963,2023-07-16,protein snacks,47
1964,2023-07-16,paper towels,78
1965,2023-07-16,sparkling water,137
1966,2023-07-16,usb c cable,57
1967,2023-07-16,coffee,62
1968,2023-07-16,sunscreen,87
1969,2023-07-16,instant noodles,44
1970,2023-07-16,laundry detergent,36
1971,2023-07-17,energy drinks,55
1972,2023-07-17,phone charger,76
1973,2023-07-17,protein snacks,62
1974,2023-07-17,paper towels,65
1975,2023-07-17,sparkling water,31
1976,2023-07-17,usb c cable,34
1977,2023-07-17,coffee,38
1978,2023-07-17,sunscreen,67
1979,2023-07-17,instant noodles,71
1980,2023-07-17,laundry detergent,44
1981,2023-07-18,energy drinks,167
1982,2023-07-18,phone charger,36
1983,2023-07-18,protein snacks,27
1984,2023-07-18,paper towels,78
1985,2023-07-18,sparkling water,87
1986,2023-07-18,usb c cable,20
1987,2023-07-18,coffee,25
1988,2023-07-18,sunscreen,41
1989,2023-07-18,instant noodles,21
1990,2023-07-18,laundry detergent,35
1991,2023-07-19,energy drinks,77
1992,2023-07-19,phone charger,63
1993,2023-07-19,protein snacks,20
1994,2023-07-19,paper towels,41
1995,2023-07-19,sparkling water,152
1996,2023-07-19,usb c cable,57
1997,2023-07-19,coffee,68
1998,2023-07-19,sunscreen,37
1999,2023-07-19,instant noodles,58
2000,2023-07-19,laundry detergent,14
2001,2023-07-20,energy drinks,54
2002,2023-07-20,phone charger,58
2003,2023-07-20,protein snacks,62
2004,2023-07-20,paper towels,74
2005,2023-07-20,sparkling water,80
2006,2023-07-20,usb c cable,12
2007,2023-07-20,coffee,13
2008,2023-07-20,sunscreen,139
2009,2023-07-20,instant noodles,10
2010,2023-07-20,laundry detergent,31
2011,2023-07-21,energy drinks,174
2012,2023-07-21,phone charger,62
2013,2023-07-21,protein snacks,60
2014,2023-07-21,paper towels,24
2015,2023-07-21,sparkling water,159
2016,2023-07-21,usb c cable,11
2017,2023-07-21,coffee,35
2018,2023-07-21,sunscreen,133
2019,2023-07-21,instant noodles,42
2020,2023-07-21,laundry detergent,48
2021,2023-07-22,energy drinks,107
2022,2023-07-22,phone charger,77
2023,2023-07-22,protein snacks,78
2024,2023-07-22,paper towels,17
2025,2023-07-22,sparkling water,56
2026,2023-07-22,usb c cable,42
2027,2023-07-22,coffee,68
2028,2023-07-22,sunscreen,129
2029,2023-07-22,instant noodles,65
2030,2023-07-22,laundry detergent,31
2031,2023-07-23,energy drinks,22
2032,2023-07-23,phone charger,71
2033,2023-07-23,protein snacks,63
2034,2023-07-23,paper towels,12
2035,2023-07-23,sparkling water,36
2036,2023-07-23,usb c cable,74
2037,2023-07-23,coffee,78
2038,2023-07-23,sunscreen,115
2039,2023-07-23,instant noodles,61
2040,2023-07-23,laundry detergent,17
2041,2023-07-24,energy drinks,111
2042,2023-07-24,phone charger,33
2043,2023-07-24,protein snacks,52
2044,2023-07-24,paper towels,62
2045,2023-07-24,sparkling water,24
2046,2023-07-24,usb c cable,28
2047,2023-07-24,coffee,15
2048,2023-07-24,sunscreen,60
2049,2023-07-24,instant noodles,51
2050,2023-07-24,laundry detergent,69
2051,2023-07-25,energy drinks,23
2052,2023-07-25,phone charger,32
2053,2023-07-25,protein snacks,65
2054,2023-07-25,paper towels,14
2055,2023-07-25,sparkling water,93
2056,2023-07-25,usb c cable,23
2057,2023-07-25,coffee,43
2058,2023-07-25,sunscreen,80
2059,2023-07-25,instant noodles,19
2060,2023-07-25,laundry detergent,46
2061,2023-07-26,energy drinks,48
2062,2023-07-26,phone charger,79
2063,2023-07-26,protein snacks,49
2064,2023-07-26,paper towels,11
2065,2023-07-26,sparkling water,32
2066,2023-07-26,usb c cable,49
2067,2023-07-26,coffee,23
2068,2023-07-26,sunscreen,46
2069,2023-07-26,instant noodles,22
2070,2023-07-26,laundry detergent,17
2071,2023-07-27,energy drinks,65
2072,2023-07-27,phone charger,49
2073,2023-07-27,protein snacks,39
2074,2023-07-27,paper towels,78
2075,2023-07-27,sparkling water,121
2076,2023-07-27,usb c cable,57
2077,2023-07-27,coffee,64
2078,2023-07-27,sunscreen,45
2079,2023-07-27,instant noodles,28
2080,2023-07-27,laundry detergent,68
2081,2023-07-28,energy drinks,63
2082,2023-07-28,phone charger,41
2083,2023-07-28,protein snacks,22
2084,2023-07-28,paper towels,31
2085,2023-07-28,sparkling water,94
2086,2023-07-28,usb c cable,60
2087,2023-07-28,coffee,65
2088,2023-07-28,sunscreen,65
2089,2023-07-28,instant noodles,34
2090,2023-07-28,laundry detergent,77
2091,2023-07-29,energy drinks,45
2092,2023-07-29,phone charger,55
2093,2023-07-29,protein snacks,49
2094,2023-07-29,paper towels,77
2095,2023-07-29,sparkling water,86
2096,2023-07-29,usb c cable,37
2097,2023-07-29,coffee,10
2098,2023-07-29,sunscreen,82
2099,2023-07-29,instant noodles,16
2100,2023-07-29,laundry detergent,22
2101,2023-07-30,energy drinks,39
2102,2023-07-30,phone charger,62
2103,2023-07-30,protein snacks,34
2104,2023-07-30,paper towels,19
2105,2023-07-30,sparkling water,16
2106,2023-07-30,usb c cable,51
2107,2023-07-30,coffee,47
2108,2023-07-30,sunscreen,97
2109,2023-07-30,instant noodles,76
2110,2023-07-30,laundry detergent,69
2111,2023-07-31,energy drinks,29
2112,2023-07-31,phone charger,47
2113,2023-07-31,protein snacks,37
2114,2023-07-31,paper towels,27
2115,2023-07-31,sparkling water,99
2116,2023-07-31,usb c cable,26
2117,2023-07-31,coffee,70
2118,2023-07-31,sunscreen,18
2119,2023-07-31,instant noodles,57
2120,2023-07-31,laundry detergent,13
2121,2023-08-01,energy drinks,32
2122,2023-08-01,phone charger,40
2123,2023-08-01,protein snacks,42
2124,2023-08-01,paper towels,11
2125,2023-08-01,sparkling water,139
2126,2023-08-01,usb c cable,79
2127,2023-08-01,coffee,42
2128,2023-08-01,sunscreen,77
2129,2023-08-01,instant noodles,10
2130,2023-08-01,laundry detergent,21
2131,2023-08-02,energy drinks,104
2132,2023-08-02,phone charger,38
2133,2023-08-02,protein snacks,26
2134,2023-08-02,paper towels,19
2135,2023-08-02,sparkling water,28
2136,2023-08-02,usb c cable,48
2137,2023-08-02,coffee,15
2138,2023-08-02,sunscreen,42
2139,2023-08-02,instant noodles,74
2140,2023-08-02,laundry detergent,77
2141,2023-08-03,energy drinks,32
2142,2023-08-03,phone charger,61
2143,2023-08-03,protein snacks,33
2144,2023-08-03,paper towels,43
2145,2023-08-03,sparkling water,93
2146,2023-08-03,usb c cable,56
2147,2023-08-03,coffee,46
2148,2023-08-03,sunscreen,88
2149,2023-08-03,instant noodles,40
2150,2023-08-03,laundry detergent,67
2151,2023-08-04,energy drinks,18
2152,2023-08-04,phone charger,56
2153,2023-08-04,protein snacks,70
2154,2023-08-04,paper towels,75
2155,2023-08-04,sparkling water,22
2156,2023-08-04,usb c cable,12
2157,2023-08-04,coffee,67
2158,2023-08-04,sunscreen,87
2159,2023-08-04,instant noodles,42
2160,2023-08-04,laundry detergent,34
2161,2023-08-05,energy drinks,22
2162,2023-08-05,phone charger,20
2163,2023-08-05,protein snacks,66
2164,2023-08-05,paper towels,57
2165,2023-08-05,sparkling water,25
2166,2023-08-05,usb c cable,30
2167,2023-08-05,coffee,18
2168,2023-08-05,sunscreen,58
2169,2023-08-05,instant noodles,49
2170,2023-08-05,laundry detergent,66
2171,2023-08-06,energy drinks,130
2172,2023-08-06,phone charger,75
2173,2023-08-06,protein snacks,67
2174,2023-08-06,paper towels,54
2175,2023-08-06,sparkling water,76
2176,2023-08-06,usb c cable,57
2177,2023-08-06,coffee,45
2178,2023-08-06,sunscreen,59
2179,2023-08-06,instant noodles,20
2180,2023-08-06,laundry detergent,22
2181,2023-08-07,energy drinks,93
2182,2023-08-07,phone charger,58
2183,2023-08-07,protein snacks,26
2184,2023-08-07,paper towels,46
2185,2023-08-07,sparkling water,130
2186,2023-08-07,usb c cable,39
2187,2023-08-07,coffee,13
2188,2023-08-07,sunscreen,48
2189,2023-08-07,instant noodles,27
2190,2023-08-07,laundry detergent,41
2191,2023-08-08,energy drinks,35
2192,2023-08-08,phone charger,75
2193,2023-08-08,protein snacks,71
2194,2023-08-08,paper towels,49
2195,2023-08-08,sparkling water,97
2196,2023-08-08,usb c cable,67
2197,2023-08-08,coffee,35
2198,2023-08-08,sunscreen,79
2199,2023-08-08,instant noodles,29
2200,2023-08-08,laundry detergent,51
2201,2023-08-09,energy drinks,131
2202,2023-08-09,phone charger,52
2203,2023-08-09,protein snacks,36
2204,2023-08-09,paper towels,58
2205,2023-08-09,sparkling water,96
2206,2023-08-09,usb c cable,58
2207,2023-08-09,coffee,52
2208,2023-08-09,sunscreen,42
2209,2023-08-09,instant noodles,73
2210,2023-08-09,laundry detergent,43
2211,2023-08-10,energy drinks,19
2212,2023-08-10,phone charger,75
2213,2023-08-10,protein snacks,58
2214,2023-08-10,paper towels,45
2215,2023-08-10,sparkling water,77
2216,2023-08-10,usb c cable,59
2217,2023-08-10,coffee,41
2218,2023-08-10,sunscreen,150
2219,2023-08-10,instant noodles,57
2220,2023-08-10,laundry detergent,79
2221,2023-08-11,energy drinks,114
2222,2023-08-11,phone charger,19
2223,2023-08-11,protein snacks,11
2224,2023-08-11,paper towels,28
2225,2023-08-11,sparkling water,146
2226,2023-08-11,usb c cable,79
2227,2023-08-11,coffee,32
2228,2023-08-11,sunscreen,146
2229,2023-08-11,instant noodles,25
2230,2023-08-11,laundry detergent,26
2231,2023-08-12,energy drinks,79
2232,2023-08-12,phone charger,46
2233,2023-08-12,protein snacks,28
2234,2023-08-12,paper towels,78
2235,2023-08-12,sparkling water,18
2236,2023-08-12,usb c cable,60
2237,2023-08-12,coffee,34
2238,2023-08-12,sunscreen,101
2239,2023-08-12,instant noodles,18
2240,2023-08-12,laundry detergent,61
2241,2023-08-13,energy drinks,101
2242,2023-08-13,phone charger,48
2243,2023-08-13,protein snacks,11
2244,2023-08-13,paper towels,71
2245,2023-08-13,sparkling water,130
2246,2023-08-13,usb c cable,60
2247,2023-08-13,coffee,33
2248,2023-08-13,sunscreen,107
2249,2023-08-13,instant noodles,28
2250,2023-08-13,laundry detergent,47
2251,2023-08-14,energy drinks,62
2252,2023-08-14,phone charger,26
2253,2023-08-14,protein snacks,39
2254,2023-08-14,paper towels,17
2255,2023-08-14,sparkling water,106
2256,2023-08-14,usb c cable,20
2257,2023-08-14,coffee,62
2258,2023-08-14,sunscreen,86
2259,2023-08-14,instant noodles,58
2260,2023-08-14,laundry detergent,71
2261,2023-08-15,energy drinks,120
2262,2023-08-15,phone charger,40
2263,2023-08-15,protein snacks,15
2264,2023-08-15,paper towels,60
2265,2023-08-15,sparkling water,48
2266,2023-08-15,usb c cable,50
2267,2023-08-15,coffee,51
2268,2023-08-15,sunscreen,49
2269,2023-08-15,instant noodles,53
2270,2023-08-15,laundry detergent,69
2271,2023-08-16,energy drinks,158
2272,2023-08-16,phone charger,56
2273,2023-08-16,protein snacks,31
2274,2023-08-16,paper towels,30
2275,2023-08-16,sparkling water,83
2276,2023-08-16,usb c cable,35
2277,2023-08-16,coffee,17
2278,2023-08-16,sunscreen,102
2279,2023-08-16,instant noodles,28
2280,2023-08-16,laundry detergent,72
2281,2023-08-17,energy drinks,103
2282,2023-08-17,phone charger,35
2283,2023-08-17,protein snacks,13
2284,2023-08-17,paper towels,46
2285,2023-08-17,sparkling water,62
2286,2023-08-17,usb c cable,73
2287,2023-08-17,coffee,12
2288,2023-08-17,sunscreen,28
2289,2023-08-17,instant noodles,35
2290,2023-08-17,laundry detergent,49
2291,2023-08-18,energy drinks,49
2292,2023-08-18,phone charger,65
2293,2023-08-18,protein snacks,36
2294,2023-08-18,paper towels,59
2295,2023-08-18,sparkling water,133
2296,2023-08-18,usb c cable,52
2297,2023-08-18,coffee,76
2298,2023-08-18,sunscreen,101
2299,2023-08-18,instant noodles,32
2300,2023-08-18,laundry detergent,78
2301,2023-08-19,energy drinks,21
2302,2023-08-19,phone charger,19
2303,2023-08-19,protein snacks,75
2304,2023-08-19,paper towels,29
2305,2023-08-19,sparkling water,107
2306,2023-08-19,usb c cable,43
2307,2023-08-19,coffee,69
2308,2023-08-19,sunscreen,26
2309,2023-08-19,instant noodles,63
2310,2023-08-19,laundry detergent,26
2311,2023-08-20,energy drinks,115
2312,2023-08-20,phone charger,31
2313,2023-08-20,protein snacks,56
2314,2023-08-20,paper towels,13
2315,2023-08-20,sparkling water,90
2316,2023-08-20,usb c cable,49
2317,2023-08-20,coffee,78
2318,2023-08-20,sunscreen,44
2319,2023-08-20,instant noodles,76
2320,2023-08-20,laundry detergent,79
2321,2023-08-21,energy drinks,70
2322,2023-08-21,phone charger,15
2323,2023-08-21,protein snacks,25
2324,2023-08-21,paper towels,12
2325,2023-08-21,sparkling water,102
2326,2023-08-21,usb c cable,38
2327,2023-08-21,coffee,40
2328,2023-08-21,sunscreen,82
2329,2023-08-21,instant noodles,52
2330,2023-08-21,laundry detergent,23
2331,2023-08-22,energy drinks,61
2332,2023-08-22,phone charger,33
2333,2023-08-22,protein snacks,74
2334,2023-08-22,paper towels,19
2335,2023-08-22,sparkling water,119
2336,2023-08-22,usb c cable,72
2337,2023-08-22,coffee,17
2338,2023-08-22,sunscreen,113
2339,2023-08-22,instant noodles,50
2340,2023-08-22,laundry detergent,55
2341,2023-08-23,energy drinks,44
2342,2023-08-23,phone charger,62
2343,2023-08-23,protein snacks,26
2344,2023-08-23,paper towels,37
2345,2023-08-23,sparkling water,48
2346,2023-08-23,usb c cable,47
2347,2023-08-23,coffee,32
2348,2023-08-23,sunscreen,100
2349,2023-08-23,instant noodles,41
2350,2023-08-23,laundry detergent,78
2351,2023-08-24,energy drinks,33
2352,2023-08-24,phone charger,37
2353,2023-08-24,protein snacks,76
2354,2023-08-24,paper towels,45
2355,2023-08-24,sparkling water,127
2356,2023-08-24,usb c cable,41
2357,2023-08-24,coffee,34
2358,2023-08-24,sunscreen,115
2359,2023-08-24,instant noodles,51
2360,2023-08-24,laundry detergent,75
2361,2023-08-25,energy drinks,40
2362,2023-08-25,phone charger,53
2363,2023-08-25,protein snacks,73
2364,2023-08-25,paper towels,43
2365,2023-08-25,sparkling water,157
2366,2023-08-25,usb c cable,65
2367,2023-08-25,coffee,24
2368,2023-08-25,sunscreen,107
2369,2023-08-25,instant noodles,19
2370,2023-08-25,laundry detergent,67
2371,2023-08-26,energy drinks,64
2372,2023-08-26,phone charger,50
2373,2023-08-26,protein snacks,36
2374,2023-08-26,paper towels,72
2375,2023-08-26,sparkling water,127
2376,2023-08-26,usb c cable,68
2377,2023-08-26,coffee,38
2378,2023-08-26,sunscreen,36
2379,2023-08-26,instant noodles,60
2380,2023-08-26,laundry detergent,38
2381,2023-08-27,energy drinks,71
2382,2023-08-27,phone charger,66
2383,2023-08-27,protein snacks,75
2384,2023-08-27,paper towels,13
2385,2023-08-27,sparkling water,34
2386,2023-08-27,usb c cable,49
2387,2023-08-27,coffee,38
2388,2023-08-27,sunscreen,76
2389,2023-08-27,instant noodles,29
2390,2023-08-27,laundry detergent,38
2391,2023-08-28,energy drinks,46
2392,2023-08-28,phone charger,38
2393,2023-08-28,protein snacks,52
2394,2023-08-28,paper towels,15
2395,2023-08-28,sparkling water,46
2396,2023-08-28,usb c cable,17
2397,2023-08-28,coffee,32
2398,2023-08-28,sunscreen,39
2399,2023-08-28,instant noodles,66
2400,2023-08-28,laundry detergent,49
2401,2023-08-29,energy drinks,41
2402,2023-08-29,phone charger,34
2403,2023-08-29,protein snacks,61
2404,2023-08-29,paper towels,36
2405,2023-08-29,sparkling water,125
2406,2023-08-29,usb c cable,46
2407,2023-08-29,coffee,18
2408,2023-08-29,sunscreen,93
2409,2023-08-29,instant noodles,65
2410,2023-08-29,laundry detergent,76
2411,2023-08-30,energy drinks,97
2412,2023-08-30,phone charger,56
2413,2023-08-30,protein snacks,46
2414,2023-08-30,paper towels,44
2415,2023-08-30,sparkling water,78
2416,2023-08-30,usb c cable,50
2417,2023-08-30,coffee,59
2418,2023-08-30,sunscreen,105
2419,2023-08-30,instant noodles,50
2420,2023-08-30,laundry detergent,64
2421,2023-08-31,energy drinks,138
2422,2023-08-31,phone charger,66
2423,2023-08-31,protein snacks,58
2424,2023-08-31,paper towels,11
2425,2023-08-31,sparkling water,97
2426,2023-08-31,usb c cable,72
2427,2023-08-31,coffee,14
2428,2023-08-31,sunscreen,138
2429,2023-08-31,instant noodles,74
2430,2023-08-31,laundry detergent,79
2431,2023-09-01,energy drinks,29
2432,2023-09-01,phone charger,19
2433,2023-09-01,protein snacks,42
2434,2023-09-01,paper towels,13
2435,2023-09-01,sparkling water,25
2436,2023-09-01,usb c cable,40
2437,2023-09-01,coffee,19
2438,2023-09-01,sunscreen,68
2439,2023-09-01,instant noodles,74
2440,2023-09-01,laundry detergent,49
2441,2023-09-02,energy drinks,50
2442,2023-09-02,phone charger,30
2443,2023-09-02,protein snacks,37
2444,2023-09-02,paper towels,18
2445,2023-09-02,sparkling water,30
2446,2023-09-02,usb c cable,72
2447,2023-09-02,coffee,73
2448,2023-09-02,sunscreen,16
2449,2023-09-02,instant noodles,58
2450,2023-09-02,laundry detergent,28
2451,2023-09-03,energy drinks,12
2452,2023-09-03,phone charger,19
2453,2023-09-03,protein snacks,32
2454,2023-09-03,paper towels,77
2455,2023-09-03,sparkling water,20
2456,2023-09-03,usb c cable,60
2457,2023-09-03,coffee,29
2458,2023-09-03,sunscreen,29
2459,2023-09-03,instant noodles,64
2460,2023-09-03,laundry detergent,32
2461,2023-09-04,energy drinks,17
2462,2023-09-04,phone charger,13
2463,2023-09-04,protein snacks,23
2464,2023-09-04,paper towels,74
2465,2023-09-04,sparkling water,28
2466,2023-09-04,usb c cable,36
2467,2023-09-04,coffee,26
2468,2023-09-04,sunscreen,36
2469,2023-09-04,instant noodles,51
2470,2023-09-04,laundry detergent,25
2471,2023-09-05,energy drinks,59
2472,2023-09-05,phone charger,15
2473,2023-09-05,protein snacks,67
2474,2023-09-05,paper towels,23
2475,2023-09-05,sparkling water,46
2476,2023-09-05,usb c cable,31
2477,2023-09-05,coffee,31
2478,2023-09-05,sunscreen,55
2479,2023-09-05,instant noodles,67
2480,2023-09-05,laundry detergent,69
2481,2023-09-06,energy drinks,16
2482,2023-09-06,phone charger,73
2483,2023-09-06,protein snacks,28
2484,2023-09-06,paper towels,36
2485,2023-09-06,sparkling water,45
2486,2023-09-06,usb c cable,26
2487,2023-09-06,coffee,22
2488,2023-09-06,sunscreen,39
2489,2023-09-06,instant noodles,56
2490,2023-09-06,laundry detergent,10
2491,2023-09-07,energy drinks,48
2492,2023-09-07,phone charger,70
2493,2023-09-07,protein snacks,79
2494,2023-09-07,paper towels,39
2495,2023-09-07,sparkling water,12
2496,2023-09-07,usb c cable,30
2497,2023-09-07,coffee,63
2498,2023-09-07,sunscreen,38
2499,2023-09-07,instant noodles,55
2500,2023-09-07,laundry detergent,56
2501,2023-09-08,energy drinks,22
2502,2023-09-08,phone charger,75
2503,2023-09-08,protein snacks,27
2504,2023-09-08,paper towels,29
2505,2023-09-08,sparkling water,54
2506,2023-09-08,usb c cable,23
2507,2023-09-08,coffee,53
2508,2023-09-08,sunscreen,30
2509,2023-09-08,instant noodles,32
2510,2023-09-08,laundry detergent,79
2511,2023-09-09,energy drinks,35
2512,2023-09-09,phone charger,12
2513,2023-09-09,protein snacks,75
2514,2023-09-09,paper towels,22
2515,2023-09-09,sparkling water,23
2516,2023-09-09,usb c cable,15
2517,2023-09-09,coffee,30
2518,2023-09-09,sunscreen,12
2519,2023-09-09,instant noodles,67
2520,2023-09-09,laundry detergent,21
2521,2023-09-10,energy drinks,56
2522,2023-09-10,phone charger,26
2523,2023-09-10,protein snacks,29
2524,2023-09-10,paper towels,65
2525,2023-09-10,sparkling water,20
2526,2023-09-10,usb c cable,39
2527,2023-09-10,coffee,46
2528,2023-09-10,sunscreen,75
2529,2023-09-10,instant noodles,10
2530,2023-09-10,laundry detergent,28
2531,2023-09-11,energy drinks,63
2532,2023-09-11,phone charger,34
2533,2023-09-11,protein snacks,78
2534,2023-09-11,paper towels,35
2535,2023-09-11,sparkling water,48
2536,2023-09-11,usb c cable,34
2537,2023-09-11,coffee,16
2538,2023-09-11,sunscreen,75
2539,2023-09-11,instant noodles,63
2540,2023-09-11,laundry detergent,25
2541,2023-09-12,energy drinks,42
2542,2023-09-12,phone charger,56
2543,2023-09-12,protein snacks,69
2544,2023-09-12,paper towels,28
2545,2023-09-12,sparkling water,66
2546,2023-09-12,usb c cable,43
2547,2023-09-12,coffee,78
2548,2023-09-12,sunscreen,56
2549,2023-09-12,instant noodles,38
2550,2023-09-12,laundry detergent,13
2551,2023-09-13,energy drinks,31
2552,2023-09-13,phone charger,37
2553,2023-09-13,protein snacks,51
2554,2023-09-13,paper towels,56
2555,2023-09-13,sparkling water,59
2556,2023-09-13,usb c cable,22
2557,2023-09-13,coffee,21
2558,2023-09-13,sunscreen,33
2559,2023-09-13,instant noodles,36
2560,2023-09-13,laundry detergent,60
2561,2023-09-14,energy drinks,51
2562,2023-09-14,phone charger,35
2563,2023-09-14,protein snacks,54
2564,2023-09-14,paper towels,62
2565,2023-09-14,sparkling water,64
2566,2023-09-14,usb c cable,23
2567,2023-09-14,coffee,45
2568,2023-09-14,sunscreen,59
2569,2023-09-14,instant noodles,73
2570,2023-09-14,laundry detergent,23
2571,2023-09-15,energy drinks,11
2572,2023-09-15,phone charger,42
2573,2023-09-15,protein snacks,57
2574,2023-09-15,paper towels,72
2575,2023-09-15,sparkling water,10
2576,2023-09-15,usb c cable,46
2577,2023-09-15,coffee,57
2578,2023-09-15,sunscreen,11
2579,2023-09-15,instant noodles,23
2580,2023-09-15,laundry detergent,37
2581,2023-09-16,energy drinks,50
2582,2023-09-16,phone charger,27
2583,2023-09-16,protein snacks,67
2584,2023-09-16,paper towels,20
2585,2023-09-16,sparkling water,44
2586,2023-09-16,usb c cable,57
2587,2023-09-16,coffee,41
2588,2023-09-16,sunscreen,68
2589,2023-09-16,instant noodles,53
2590,2023-09-16,laundry detergent,60
2591,2023-09-17,energy drinks,21
2592,2023-09-17,phone charger,27
2593,2023-09-17,protein snacks,47
2594,2023-09-17,paper towels,79
2595,2023-09-17,sparkling water,22
2596,2023-09-17,usb c cable,16
2597,2023-09-17,coffee,44
2598,2023-09-17,sunscreen,11
2599,2023-09-17,instant noodles,76
2600,2023-09-17,laundry detergent,36
2601,2023-09-18,energy drinks,20
2602,2023-09-18,phone charger,16
2603,2023-09-18,protein snacks,11
2604,2023-09-18,paper towels,67
2605,2023-09-18,sparkling water,66
2606,2023-09-18,usb c cable,10
2607,2023-09-18,coffee,61
2608,2023-09-18,sunscreen,56
2609,2023-09-18,instant noodles,43
2610,2023-09-18,laundry detergent,16
2611,2023-09-19,energy drinks,32
2612,2023-09-19,phone charger,65
2613,2023-09-19,protein snacks,79
2614,2023-09-19,paper towels,72
2615,2023-09-19,sparkling water,33
2616,2023-09-19,usb c cable,52
2617,2023-09-19,coffee,54
2618,2023-09-19,sunscreen,37
2619,2023-09-19,instant noodles,40
2620,2023-09-19,laundry detergent,63
2621,2023-09-20,energy drinks,42
2622,2023-09-20,phone charger,73
2623,2023-09-20,protein snacks,41
2624,2023-09-20,paper towels,13
2625,2023-09-20,sparkling water,79
2626,2023-09-20,usb c cable,41
2627,2023-09-20,coffee,41
2628,2023-09-20,sunscreen,48
2629,2023-09-20,instant noodles,38
2630,2023-09-20,laundry detergent,78
2631,2023-09-21,energy drinks,76
2632,2023-09-21,phone charger,41
2633,2023-09-21,protein snacks,23
2634,2023-09-21,paper towels,33
2635,2023-09-21,sparkling water,42
2636,2023-09-21,usb c cable,34
2637,2023-09-21,coffee,33
2638,2023-09-21,sunscreen,47
2639,2023-09-21,instant noodles,79
2640,2023-09-21,laundry detergent,63
2641,2023-09-22,energy drinks,46
2642,2023-09-22,phone charger,70
2643,2023-09-22,protein snacks,63
2644,2023-09-22,paper towels,49
2645,2023-09-22,sparkling water,23
2646,2023-09-22,usb c cable,48
2647,2023-09-22,coffee,29
2648,2023-09-22,sunscreen,16
2649,2023-09-22,instant noodles,64
2650,2023-09-22,laundry detergent,61
2651,2023-09-23,energy drinks,73
2652,2023-09-23,phone charger,71
2653,2023-09-23,protein snacks,30
2654,2023-09-23,paper towels,75
2655,2023-09-23,sparkling water,36
2656,2023-09-23,usb c cable,73
2657,2023-09-23,coffee,39
2658,2023-09-23,sunscreen,47
2659,2023-09-23,instant noodles,30
2660,2023-09-23,laundry detergent,47
2661,2023-09-24,energy drinks,42
2662,2023-09-24,phone charger,65
2663,2023-09-24,protein snacks,37
2664,2023-09-24,paper towels,67
2665,2023-09-24,sparkling water,67
2666,2023-09-24,usb c cable,59
2667,2023-09-24,coffee,29
2668,2023-09-24,sunscreen,46
2669,2023-09-24,instant noodles,43
2670,2023-09-24,laundry detergent,23
2671,2023-09-25,energy drinks,29
2672,2023-09-25,phone charger,48
2673,2023-09-25,protein snacks,22
2674,2023-09-25,paper towels,78
2675,2023-09-25,sparkling water,69
2676,2023-09-25,usb c cable,31
2677,2023-09-25,coffee,51
2678,2023-09-25,sunscreen,79
2679,2023-09-25,instant noodles,36
2680,2023-09-25,laundry detergent,25
2681,2023-09-26,energy drinks,70
2682,2023-09-26,phone charger,56
2683,2023-09-26,protein snacks,68
2684,2023-09-26,paper towels,30
2685,2023-09-26,sparkling water,45
2686,2023-09-26,usb c cable,18
2687,2023-09-26,coffee,21
2688,2023-09-26,sunscreen,52
2689,2023-09-26,instant noodles,31
2690,2023-09-26,laundry detergent,49
2691,2023-09-27,energy drinks,58
2692,2023-09-27,phone charger,41
2693,2023-09-27,protein snacks,68
2694,2023-09-27,paper towels,20
2695,2023-09-27,sparkling water,71
2696,2023-09-27,usb c cable,33
2697,2023-09-27,coffee,71
2698,2023-09-27,sunscreen,60
2699,2023-09-27,instant noodles,20
2700,2023-09-27,laundry detergent,48
2701,2023-09-28,energy drinks,15
2702,2023-09-28,phone charger,51
2703,2023-09-28,protein snacks,68
2704,2023-09-28,paper towels,23
2705,2023-09-28,sparkling water,55
2706,2023-09-28,usb c cable,27
2707,2023-09-28,coffee,76
2708,2023-09-28,sunscreen,51
2709,2023-09-28,instant noodles,12
2710,2023-09-28,laundry detergent,20
2711,2023-09-29,energy drinks,20
2712,2023-09-29,phone charger,69
2713,2023-09-29,protein snacks,23
2714,2023-09-29,paper towels,61
2715,2023-09-29,sparkling water,60
2716,2023-09-29,usb c cable,79
2717,2023-09-29,coffee,23
2718,2023-09-29,sunscreen,52
2719,2023-09-29,instant noodles,74
2720,2023-09-29,laundry detergent,25
2721,2023-09-30,energy drinks,28
2722,2023-09-30,phone charger,78
2723,2023-09-30,protein snacks,20
2724,2023-09-30,paper towels,62
2725,2023-09-30,sparkling water,54
2726,2023-09-30,usb c cable,48
2727,2023-09-30,coffee,20
2728,2023-09-30,sunscreen,20
2729,2023-09-30,instant noodles,64
2730,2023-09-30,laundry detergent,71
2731,2023-10-01,energy drinks,14
2732,2023-10-01,phone charger,33
2733,2023-10-01,protein snacks,72
2734,2023-10-01,paper towels,76
2735,2023-10-01,sparkling water,59
2736,2023-10-01,usb c cable,43
2737,2023-10-01,coffee,71
2738,2023-10-01,sunscreen,61
2739,2023-10-01,instant noodles,18
2740,2023-10-01,laundry detergent,76
2741,2023-10-02,energy drinks,10
2742,2023-10-02,phone charger,10
2743,2023-10-02,protein snacks,56
2744,2023-10-02,paper towels,19
2745,2023-10-02,sparkling water,74
2746,2023-10-02,usb c cable,32
2747,2023-10-02,coffee,46
2748,2023-10-02,sunscreen,74
2749,2023-10-02,instant noodles,21
2750,2023-10-02,laundry detergent,68
2751,2023-10-03,energy drinks,13
2752,2023-10-03,phone charger,18
2753,2023-10-03,protein snacks,64
2754,2023-10-03,paper towels,18
2755,2023-10-03,sparkling water,56
2756,2023-10-03,usb c cable,12
2757,2023-10-03,coffee,43
2758,2023-10-03,sunscreen,57
2759,2023-10-03,instant noodles,72
2760,2023-10-03,laundry detergent,51
2761,2023-10-04,energy drinks,68
2762,2023-10-04,phone charger,79
2763,2023-10-04,protein snacks,49
2764,2023-10-04,paper towels,49
2765,2023-10-04,sparkling water,66
2766,2023-10-04,usb c cable,56
2767,2023-10-04,coffee,30
2768,2023-10-04,sunscreen,31
2769,2023-10-04,instant noodles,40
2770,2023-10-04,laundry detergent,46
2771,2023-10-05,energy drinks,43
2772,2023-10-05,phone charger,65
2773,2023-10-05,protein snacks,35
2774,2023-10-05,paper towels,25
2775,2023-10-05,sparkling water,19
2776,2023-10-05,usb c cable,63
2777,2023-10-05,coffee,56
2778,2023-10-05,sunscreen,71
2779,2023-10-05,instant noodles,56
2780,2023-10-05,laundry detergent,25
2781,2023-10-06,energy drinks,69
2782,2023-10-06,phone charger,55
2783,2023-10-06,protein snacks,63
2784,2023-10-06,paper towels,36
2785,2023-10-06,sparkling water,19
2786,2023-10-06,usb c cable,41
2787,2023-10-06,coffee,36
2788,2023-10-06,sunscreen,19
2789,2023-10-06,instant noodles,31
2790,2023-10-06,laundry detergent,15
2791,2023-10-07,energy drinks,42
2792,2023-10-07,phone charger,18
2793,2023-10-07,protein snacks,32
2794,2023-10-07,paper towels,58
2795,2023-10-07,sparkling water,35
2796,2023-10-07,usb c cable,52
2797,2023-10-07,coffee,59
2798,2023-10-07,sunscreen,70
2799,2023-10-07,instant noodles,66
2800,2023-10-07,laundry detergent,16
2801,2023-10-08,energy drinks,72
2802,2023-10-08,phone charger,67
2803,2023-10-08,protein snacks,43
2804,2023-10-08,paper towels,74
2805,2023-10-08,sparkling water,73
2806,2023-10-08,usb c cable,17
2807,2023-10-08,coffee,61
2808,2023-10-08,sunscreen,35
2809,2023-10-08,instant noodles,72
2810,2023-10-08,laundry detergent,22
2811,2023-10-09,energy drinks,56
2812,2023-10-09,phone charger,59
2813,2023-10-09,protein snacks,61
2814,2023-10-09,paper towels,46
2815,2023-10-09,sparkling water,16
2816,2023-10-09,usb c cable,77
2817,2023-10-09,coffee,77
2818,2023-10-09,sunscreen,66
2819,2023-10-09,instant noodles,73
2820,2023-10-09,laundry detergent,68
2821,2023-10-10,energy drinks,65
2822,2023-10-10,phone charger,18
2823,2023-10-10,protein snacks,11
2824,2023-10-10,paper towels,27
2825,2023-10-10,sparkling water,23
2826,2023-10-10,usb c cable,24
2827,2023-10-10,coffee,12
2828,2023-10-10,sunscreen,30
2829,2023-10-10,instant noodles,69
2830,2023-10-10,laundry detergent,54
2831,2023-10-11,energy drinks,35
2832,2023-10-11,phone charger,55
2833,2023-10-11,protein snacks,76
2834,2023-10-11,paper towels,25
2835,2023-10-11,sparkling water,36
2836,2023-10-11,usb c cable,26
2837,2023-10-11,coffee,26
2838,2023-10-11,sunscreen,77
2839,2023-10-11,instant noodles,15
2840,2023-10-11,laundry detergent,75
2841,2023-10-12,energy drinks,66
2842,2023-10-12,phone charger,20
2843,2023-10-12,protein snacks,43
2844,2023-10-12,paper towels,13
2845,2023-10-12,sparkling water,56
2846,2023-10-12,usb c cable,27
2847,2023-10-12,coffee,68
2848,2023-10-12,sunscreen,56
2849,2023-10-12,instant noodles,45
2850,2023-10-12,laundry detergent,71
2851,2023-10-13,energy drinks,64
2852,2023-10-13,phone charger,78
2853,2023-10-13,protein snacks,41
2854,2023-10-13,paper towels,67
2855,2023-10-13,sparkling water,49
2856,2023-10-13,usb c cable,62
2857,2023-10-13,coffee,14
2858,2023-10-13,sunscreen,54
2859,2023-10-13,instant noodles,66
2860,2023-10-13,laundry detergent,75
2861,2023-10-14,energy drinks,26
2862,2023-10-14,phone charger,31
2863,2023-10-14,protein snacks,18
2864,2023-10-14,paper towels,25
2865,2023-10-14,sparkling water,18
2866,2023-10-14,usb c cable,27
2867,2023-10-14,coffee,78
2868,2023-10-14,sunscreen,21
2869,2023-10-14,instant noodles,50
2870,2023-10-14,laundry detergent,73
2871,2023-10-15,energy drinks,76
2872,2023-10-15,phone charger,71
2873,2023-10-15,protein snacks,62
2874,2023-10-15,paper towels,77
2875,2023-10-15,sparkling water,75
2876,2023-10-15,usb c cable,53
2877,2023-10-15,coffee,53
2878,2023-10-15,sunscreen,50
2879,2023-10-15,instant noodles,32
2880,2023-10-15,laundry detergent,46
2881,2023-10-16,energy drinks,31
2882,2023-10-16,phone charger,53
2883,2023-10-16,protein snacks,36
2884,2023-10-16,paper towels,70
2885,2023-10-16,sparkling water,37
2886,2023-10-16,usb c cable,56
2887,2023-10-16,coffee,48
2888,2023-10-16,sunscreen,77
2889,2023-10-16,instant noodles,28
2890,2023-10-16,laundry detergent,48
2891,2023-10-17,energy drinks,11
2892,2023-10-17,phone charger,40
2893,2023-10-17,protein snacks,65
2894,2023-10-17,paper towels,51
2895,2023-10-17,sparkling water,40
2896,2023-10-17,usb c cable,76
2897,2023-10-17,coffee,61
2898,2023-10-17,sunscreen,19
2899,2023-10-17,instant noodles,20
2900,2023-10-17,laundry detergent,25
2901,2023-10-18,energy drinks,51
2902,2023-10-18,phone charger,59
2903,2023-10-18,protein snacks,69
2904,2023-10-18,paper towels,37
2905,2023-10-18,sparkling water,71
2906,2023-10-18,usb c cable,60
2907,2023-10-18,coffee,38
2908,2023-10-18,sunscreen,21
2909,2023-10-18,instant noodles,27
2910,2023-10-18,laundry detergent,14
2911,2023-10-19,energy drinks,45
2912,2023-10-19,phone charger,60
2913,2023-10-19,protein snacks,53
2914,2023-10-19,paper towels,47
2915,2023-10-19,sparkling water,39
2916,2023-10-19,usb c cable,38
2917,2023-10-19,coffee,12
2918,2023-10-19,sunscreen,44
2919,2023-10-19,instant noodles,41
2920,2023-10-19,laundry detergent,63
2921,2023-10-20,energy drinks,49
2922,2023-10-20,phone charger,34
2923,2023-10-20,protein snacks,69
2924,2023-10-20,paper towels,76
2925,2023-10-20,sparkling water,36
2926,2023-10-20,usb c cable,32
2927,2023-10-20,coffee,21
2928,2023-10-20,sunscreen,75
2929,2023-10-20,instant noodles,37
2930,2023-10-20,laundry detergent,25
2931,2023-10-21,energy drinks,78
2932,2023-10-21,phone charger,45
2933,2023-10-21,protein snacks,76
2934,2023-10-21,paper towels,20
2935,2023-10-21,sparkling water,22
2936,2023-10-21,usb c cable,18
2937,2023-10-21,coffee,72
2938,2023-10-21,sunscreen,40
2939,2023-10-21,instant noodles,32
2940,2023-10-21,laundry detergent,75
2941,2023-10-22,energy drinks,28
2942,2023-10-22,phone charger,49
2943,2023-10-22,protein snacks,57
2944,2023-10-22,paper towels,14
2945,2023-10-22,sparkling water,79
2946,2023-10-22,usb c cable,68
2947,2023-10-22,coffee,32
2948,2023-10-22,sunscreen,78
2949,2023-10-22,instant noodles,53
2950,2023-10-22,laundry detergent,36
2951,2023-10-23,energy drinks,24
2952,2023-10-23,phone charger,43
2953,2023-10-23,protein snacks,62
2954,2023-10-23,paper towels,15
2955,2023-10-23,sparkling water,36
2956,2023-10-23,usb c cable,29
2957,2023-10-23,coffee,32
2958,2023-10-23,sunscreen,11
2959,2023-10-23,instant noodles,12
2960,2023-10-23,laundry detergent,33
2961,2023-10-24,energy drinks,46
2962,2023-10-24,phone charger,34
2963,2023-10-24,protein snacks,13
2964,2023-10-24,paper towels,13
2965,2023-10-24,sparkling water,62
2966,2023-10-24,usb c cable,56
2967,2023-10-24,coffee,59
2968,2023-10-24,sunscreen,26
2969,2023-10-24,instant noodles,11
2970,2023-10-24,laundry detergent,62
2971,2023-10-25,energy drinks,25
2972,2023-10-25,phone charger,44
2973,2023-10-25,protein snacks,32
2974,2023-10-25,paper towels,74
2975,2023-10-25,sparkling water,26
2976,2023-10-25,usb c cable,53
2977,2023-10-25,coffee,22
2978,2023-10-25,sunscreen,28
2979,2023-10-25,instant noodles,37
2980,2023-10-25,laundry detergent,75
2981,2023-10-26,energy drinks,55
2982,2023-10-26,phone charger,61
2983,2023-10-26,protein snacks,79
2984,2023-10-26,paper towels,38
2985,2023-10-26,sparkling water,48
2986,2023-10-26,usb c cable,75
2987,2023-10-26,coffee,10
2988,2023-10-26,sunscreen,33
2989,2023-10-26,instant noodles,71
2990,2023-10-26,laundry detergent,63
2991,2023-10-27,energy drinks,45
2992,2023-10-27,phone charger,44
2993,2023-10-27,protein snacks,45
2994,2023-10-27,paper towels,54
2995,2023-10-27,sparkling water,58
2996,2023-10-27,usb c cable,24
2997,2023-10-27,coffee,24
2998,2023-10-27,sunscreen,72
2999,2023-10-27,instant noodles,79
3000,2023-10-27,laundry detergent,74
3001,2023-10-28,energy drinks,20
3002,2023-10-28,phone charger,27
3003,2023-10-28,protein snacks,43
3004,2023-10-28,paper towels,11
3005,2023-10-28,sparkling water,13
3006,2023-10-28,usb c cable,68
3007,2023-10-28,coffee,58
3008,2023-10-28,sunscreen,45
3009,2023-10-28,instant noodles,49
3010,2023-10-28,laundry detergent,27
3011,2023-10-29,energy drinks,77
3012,2023-10-29,phone charger,58
3013,2023-10-29,protein snacks,21
3014,2023-10-29,paper towels,30
3015,2023-10-29,sparkling water,21
3016,2023-10-29,usb c cable,58
3017,2023-10-29,coffee,40
3018,2023-10-29,sunscreen,46
3019,2023-10-29,instant noodles,69
3020,2023-10-29,laundry detergent,25
3021,2023-10-30,energy drinks,24
3022,2023-10-30,phone charger,29
3023,2023-10-30,protein snacks,36
3024,2023-10-30,paper towels,25
3025,2023-10-30,sparkling water,69
3026,2023-10-30,usb c cable,24
3027,2023-10-30,coffee,32
3028,2023-10-30,sunscreen,43
3029,2023-10-30,instant noodles,52
3030,2023-10-30,laundry detergent,19
3031,2023-10-31,energy drinks,12
3032,2023-10-31,phone charger,25
3033,2023-10-31,protein snacks,76
3034,2023-10-31,paper towels,46
3035,2023-10-31,sparkling water,65
3036,2023-10-31,usb c cable,55
3037,2023-10-31,coffee,39
3038,2023-10-31,sunscreen,41
3039,2023-10-31,instant noodles,78
3040,2023-10-31,laundry detergent,28
3041,2023-11-01,energy drinks,67
3042,2023-11-01,phone charger,73
3043,2023-11-01,protein snacks,28
3044,2023-11-01,paper towels,11
3045,2023-11-01,sparkling water,75
3046,2023-11-01,usb c cable,15
3047,2023-11-01,coffee,69
3048,2023-11-01,sunscreen,70
3049,2023-11-01,instant noodles,23
3050,2023-11-01,laundry detergent,73
3051,2023-11-02,energy drinks,22
3052,2023-11-02,phone charger,17
3053,2023-11-02,protein snacks,59
3054,2023-11-02,paper towels,19
3055,2023-11-02,sparkling water,73
3056,2023-11-02,usb c cable,47
3057,2023-11-02,coffee,48
3058,2023-11-02,sunscreen,40
3059,2023-11-02,instant noodles,58
3060,2023-11-02,laundry detergent,39
3061,2023-11-03,energy drinks,37
3062,2023-11-03,phone charger,16
3063,2023-11-03,protein snacks,22
3064,2023-11-03,paper towels,34
3065,2023-11-03,sparkling water,74
3066,2023-11-03,usb c cable,11
3067,2023-11-03,coffee,75
3068,2023-11-03,sunscreen,37
3069,2023-11-03,instant noodles,18
3070,2023-11-03,laundry detergent,49
3071,2023-11-04,energy drinks,38
3072,2023-11-04,phone charger,69
3073,2023-11-04,protein snacks,36
3074,2023-11-04,paper towels,75
3075,2023-11-04,sparkling water,46
3076,2023-11-04,usb c cable,45
3077,2023-11-04,coffee,25
3078,2023-11-04,sunscreen,65
3079,2023-11-04,instant noodles,60
3080,2023-11-04,laundry detergent,14
3081,2023-11-05,energy drinks,49
3082,2023-11-05,phone charger,42
3083,2023-11-05,protein snacks,70
3084,2023-11-05,paper towels,13
3085,2023-11-05,sparkling water,73
3086,2023-11-05,usb c cable,37
3087,2023-11-05,coffee,36
3088,2023-11-05,sunscreen,30
3089,2023-11-05,instant noodles,44
3090,2023-11-05,laundry detergent,49
3091,2023-11-06,energy drinks,19
3092,2023-11-06,phone charger,29
3093,2023-11-06,protein snacks,24
3094,2023-11-06,paper towels,66
3095,2023-11-06,sparkling water,48
3096,2023-11-06,usb c cable,59
3097,2023-11-06,coffee,70
3098,2023-11-06,sunscreen,48
3099,2023-11-06,instant noodles,44
3100,2023-11-06,laundry detergent,79
3101,2023-11-07,energy drinks,36
3102,2023-11-07,phone charger,29
3103,2023-11-07,protein snacks,26
3104,2023-11-07,paper towels,17
3105,2023-11-07,sparkling water,13
3106,2023-11-07,usb c cable,53
3107,2023-11-07,coffee,16
3108,2023-11-07,sunscreen,48
3109,2023-11-07,instant noodles,10
3110,2023-11-07,laundry detergent,72
3111,2023-11-08,energy drinks,30
3112,2023-11-08,phone charger,59
3113,2023-11-08,protein snacks,64
3114,2023-11-08,paper towels,44
3115,2023-11-08,sparkling water,26
3116,2023-11-08,usb c cable,71
3117,2023-11-08,coffee,20
3118,2023-11-08,sunscreen,10
3119,2023-11-08,instant noodles,64
3120,2023-11-08,laundry detergent,56
3121,2023-11-09,energy drinks,25
3122,2023-11-09,phone charger,75
3123,2023-11-09,protein snacks,43
3124,2023-11-09,paper towels,41
3125,2023-11-09,sparkling water,53
3126,2023-11-09,usb c cable,78
3127,2023-11-09,coffee,24
3128,2023-11-09,sunscreen,19
3129,2023-11-09,instant noodles,51
3130,2023-11-09,laundry detergent,21
3131,2023-11-10,energy drinks,77
3132,2023-11-10,phone charger,47
3133,2023-11-10,protein snacks,64
3134,2023-11-10,paper towels,29
3135,2023-11-10,sparkling water,18
3136,2023-11-10,usb c cable,68
3137,2023-11-10,coffee,17
3138,2023-11-10,sunscreen,22
3139,2023-11-10,instant noodles,19
3140,2023-11-10,laundry detergent,64
3141,2023-11-11,energy drinks,68
3142,2023-11-11,phone charger,39
3143,2023-11-11,protein snacks,69
3144,2023-11-11,paper towels,36
3145,2023-11-11,sparkling water,15
3146,2023-11-11,usb c cable,77
3147,2023-11-11,coffee,49
3148,2023-11-11,sunscreen,56
3149,2023-11-11,instant noodles,58
3150,2023-11-11,laundry detergent,36
3151,2023-11-12,energy drinks,77
3152,2023-11-12,phone charger,31
3153,2023-11-12,protein snacks,18
3154,2023-11-12,paper towels,28
3155,2023-11-12,sparkling water,12
3156,2023-11-12,usb c cable,78
3157,2023-11-12,coffee,64
3158,2023-11-12,sunscreen,20
3159,2023-11-12,instant noodles,12
3160,2023-11-12,laundry detergent,23
3161,2023-11-13,energy drinks,68
3162,2023-11-13,phone charger,23
3163,2023-11-13,protein snacks,56
3164,2023-11-13,paper towels,62
3165,2023-11-13,sparkling water,15
3166,2023-11-13,usb c cable,11
3167,2023-11-13,coffee,39
3168,2023-11-13,sunscreen,63
3169,2023-11-13,instant noodles,77
3170,2023-11-13,laundry detergent,77
3171,2023-11-14,energy drinks,14
3172,2023-11-14,phone charger,25
3173,2023-11-14,protein snacks,49
3174,2023-11-14,paper towels,21
3175,2023-11-14,sparkling water,70
3176,2023-11-14,usb c cable,13
3177,2023-11-14,coffee,52
3178,2023-11-14,sunscreen,38
3179,2023-11-14,instant noodles,47
3180,2023-11-14,laundry detergent,74
3181,2023-11-15,energy drinks,15
3182,2023-11-15,phone charger,20
3183,2023-11-15,protein snacks,15
3184,2023-11-15,paper towels,15
3185,2023-11-15,sparkling water,12
3186,2023-11-15,usb c cable,55
3187,2023-11-15,coffee,68
3188,2023-11-15,sunscreen,23
3189,2023-11-15,instant noodles,73
3190,2023-11-15,laundry detergent,12
3191,2023-11-16,energy drinks,53
3192,2023-11-16,phone charger,55
3193,2023-11-16,protein snacks,11
3194,2023-11-16,paper towels,23
3195,2023-11-16,sparkling water,52
3196,2023-11-16,usb c cable,13
3197,2023-11-16,coffee,30
3198,2023-11-16,sunscreen,29
3199,2023-11-16,instant noodles,71
3200,2023-11-16,laundry detergent,67
3201,2023-11-17,energy drinks,33
3202,2023-11-17,phone charger,36
3203,2023-11-17,protein snacks,20
3204,2023-11-17,paper towels,56
3205,2023-11-17,sparkling water,11
3206,2023-11-17,usb c cable,14
3207,2023-11-17,coffee,51
3208,2023-11-17,sunscreen,37
3209,2023-11-17,instant noodles,56
3210,2023-11-17,laundry detergent,35
3211,2023-11-18,energy drinks,25
3212,2023-11-18,phone charger,39
3213,2023-11-18,protein snacks,39
3214,2023-11-18,paper towels,45
3215,2023-11-18,sparkling water,58
3216,2023-11-18,usb c cable,30
3217,2023-11-18,coffee,30
3218,2023-11-18,sunscreen,50
3219,2023-11-18,instant noodles,61
3220,2023-11-18,laundry detergent,66
3221,2023-11-19,energy drinks,48
3222,2023-11-19,phone charger,78
3223,2023-11-19,protein snacks,11
3224,2023-11-19,paper towels,51
3225,2023-11-19,sparkling water,31
3226,2023-11-19,usb c cable,64
3227,2023-11-19,coffee,73
3228,2023-11-19,sunscreen,36
3229,2023-11-19,instant noodles,28
3230,2023-11-19,laundry detergent,47
3231,2023-11-20,energy drinks,49
3232,2023-11-20,phone charger,74
3233,2023-11-20,protein snacks,16
3234,2023-11-20,paper towels,30
3235,2023-11-20,sparkling water,38
3236,2023-11-20,usb c cable,47
3237,2023-11-20,coffee,22
3238,2023-11-20,sunscreen,20
3239,2023-11-20,instant noodles,50
3240,2023-11-20,laundry detergent,63
3241,2023-11-21,energy drinks,47
3242,2023-11-21,phone charger,49
3243,2023-11-21,protein snacks,44
3244,2023-11-21,paper towels,60
3245,2023-11-21,sparkling water,65
3246,2023-11-21,usb c cable,47
3247,2023-11-21,coffee,43
3248,2023-11-21,sunscreen,48
3249,2023-11-21,instant noodles,38
3250,2023-11-21,laundry detergent,33
3251,2023-11-22,energy drinks,32
3252,2023-11-22,phone charger,53
3253,2023-11-22,protein snacks,11
3254,2023-11-22,paper towels,58
3255,2023-11-22,sparkling water,79
3256,2023-11-22,usb c cable,67
3257,2023-11-22,coffee,43
3258,2023-11-22,sunscreen,28
3259,2023-11-22,instant noodles,76
3260,2023-11-22,laundry detergent,52
3261,2023-11-23,energy drinks,52
3262,2023-11-23,phone charger,61
3263,2023-11-23,protein snacks,11
3264,2023-11-23,paper towels,26
3265,2023-11-23,sparkling water,27
3266,2023-11-23,usb c cable,62
3267,2023-11-23,coffee,50
3268,2023-11-23,sunscreen,62
3269,2023-11-23,instant noodles,52
3270,2023-11-23,laundry detergent,46
3271,2023-11-24,energy drinks,40
3272,2023-11-24,phone charger,29
3273,2023-11-24,protein snacks,61
3274,2023-11-24,paper towels,51
3275,2023-11-24,sparkling water,60
3276,2023-11-24,usb c cable,47
3277,2023-11-24,coffee,53
3278,2023-11-24,sunscreen,59
3279,2023-11-24,instant noodles,17
3280,2023-11-24,laundry detergent,63
3281,2023-11-25,energy drinks,49
3282,2023-11-25,phone charger,56
3283,2023-11-25,protein snacks,13
3284,2023-11-25,paper towels,57
3285,2023-11-25,sparkling water,33
3286,2023-11-25,usb c cable,67
3287,2023-11-25,coffee,79
3288,2023-11-25,sunscreen,60
3289,2023-11-25,instant noodles,38
3290,2023-11-25,laundry detergent,72
3291,2023-11-26,energy drinks,79
3292,2023-11-26,phone charger,46
3293,2023-11-26,protein snacks,24
3294,2023-11-26,paper towels,12
3295,2023-11-26,sparkling water,52
3296,2023-11-26,usb c cable,70
3297,2023-11-26,coffee,46
3298,2023-11-26,sunscreen,69
3299,2023-11-26,instant noodles,65
3300,2023-11-26,laundry detergent,23
3301,2023-11-27,energy drinks,29
3302,2023-11-27,phone charger,59
3303,2023-11-27,protein snacks,26
3304,2023-11-27,paper towels,12
3305,2023-11-27,sparkling water,64
3306,2023-11-27,usb c cable,44
3307,2023-11-27,coffee,39
3308,2023-11-27,sunscreen,49
3309,2023-11-27,instant noodles,21
3310,2023-11-27,laundry detergent,43
3311,2023-11-28,energy drinks,16
3312,2023-11-28,phone charger,58
3313,2023-11-28,protein snacks,52
3314,2023-11-28,paper towels,40
3315,2023-11-28,sparkling water,60
3316,2023-11-28,usb c cable,75
3317,2023-11-28,coffee,20
3318,2023-11-28,sunscreen,60
3319,2023-11-28,instant noodles,17
3320,2023-11-28,laundry detergent,17
3321,2023-11-29,energy drinks,14
3322,2023-11-29,phone charger,55
3323,2023-11-29,protein snacks,56
3324,2023-11-29,paper towels,18
3325,2023-11-29,sparkling water,71
3326,2023-11-29,usb c cable,48
3327,2023-11-29,coffee,51
3328,2023-11-29,sunscreen,29
3329,2023-11-29,instant noodles,71
3330,2023-11-29,laundry detergent,45
3331,2023-11-30,energy drinks,79
3332,2023-11-30,phone charger,25
3333,2023-11-30,protein snacks,44
3334,2023-11-30,paper towels,43
3335,2023-11-30,sparkling water,55
3336,2023-11-30,usb c cable,74
3337,2023-11-30,coffee,34
3338,2023-11-30,sunscreen,12
3339,2023-11-30,instant noodles,12
3340,2023-11-30,laundry detergent,61
3341,2023-12-01,energy drinks,78
3342,2023-12-01,phone charger,14
3343,2023-12-01,protein snacks,27
3344,2023-12-01,paper towels,83
3345,2023-12-01,sparkling water,22
3346,2023-12-01,usb c cable,76
3347,2023-12-01,coffee,69
3348,2023-12-01,sunscreen,78
3349,2023-12-01,instant noodles,44
3350,2023-12-01,laundry detergent,60
3351,2023-12-02,energy drinks,52
3352,2023-12-02,phone charger,20
3353,2023-12-02,protein snacks,40
3354,2023-12-02,paper towels,51
3355,2023-12-02,sparkling water,11
3356,2023-12-02,usb c cable,28
3357,2023-12-02,coffee,51
3358,2023-12-02,sunscreen,63
3359,2023-12-02,instant noodles,58
3360,2023-12-02,laundry detergent,26
3361,2023-12-03,energy drinks,16
3362,2023-12-03,phone charger,26
3363,2023-12-03,protein snacks,30
3364,2023-12-03,paper towels,19
3365,2023-12-03,sparkling water,70
3366,2023-12-03,usb c cable,60
3367,2023-12-03,coffee,97
3368,2023-12-03,sunscreen,45
3369,2023-12-03,instant noodles,111
3370,2023-12-03,laundry detergent,23
3371,2023-12-04,energy drinks,60
3372,2023-12-04,phone charger,50
3373,2023-12-04,protein snacks,16
3374,2023-12-04,paper towels,76
3375,2023-12-04,sparkling water,22
3376,2023-12-04,usb c cable,70
3377,2023-12-04,coffee,122
3378,2023-12-04,sunscreen,78
3379,2023-12-04,instant noodles,87
3380,2023-12-04,laundry detergent,34
3381,2023-12-05,energy drinks,23
3382,2023-12-05,phone charger,75
3383,2023-12-05,protein snacks,44
3384,2023-12-05,paper towels,75
3385,2023-12-05,sparkling water,61
3386,2023-12-05,usb c cable,52
3387,2023-12-05,coffee,53
3388,2023-12-05,sunscreen,55
3389,2023-12-05,instant noodles,69
3390,2023-12-05,laundry detergent,70
3391,2023-12-06,energy drinks,11
3392,2023-12-06,phone charger,22
3393,2023-12-06,protein snacks,64
3394,2023-12-06,paper towels,63
3395,2023-12-06,sparkling water,66
3396,2023-12-06,usb c cable,57
3397,2023-12-06,coffee,69
3398,2023-12-06,sunscreen,50
3399,2023-12-06,instant noodles,67
3400,2023-12-06,laundry detergent,25
3401,2023-12-07,energy drinks,13
3402,2023-12-07,phone charger,54
3403,2023-12-07,protein snacks,18
3404,2023-12-07,paper towels,72
3405,2023-12-07,sparkling water,19
3406,2023-12-07,usb c cable,73
3407,2023-12-07,coffee,66
3408,2023-12-07,sunscreen,79
3409,2023-12-07,instant noodles,38
3410,2023-12-07,laundry detergent,60
3411,2023-12-08,energy drinks,56
3412,2023-12-08,phone charger,24
3413,2023-12-08,protein snacks,11
3414,2023-12-08,paper towels,27
3415,2023-12-08,sparkling water,29
3416,2023-12-08,usb c cable,15
3417,2023-12-08,coffee,96
3418,2023-12-08,sunscreen,30
3419,2023-12-08,instant noodles,22
3420,2023-12-08,laundry detergent,15
3421,2023-12-09,energy drinks,15
3422,2023-12-09,phone charger,74
3423,2023-12-09,protein snacks,41
3424,2023-12-09,paper towels,98
3425,2023-12-09,sparkling water,46
3426,2023-12-09,usb c cable,37
3427,2023-12-09,coffee,135
3428,2023-12-09,sunscreen,20
3429,2023-12-09,instant noodles,91
3430,2023-12-09,laundry detergent,67
3431,2023-12-10,energy drinks,13
3432,2023-12-10,phone charger,15
3433,2023-12-10,protein snacks,41
3434,2023-12-10,paper towels,91
3435,2023-12-10,sparkling water,50
3436,2023-12-10,usb c cable,65
3437,2023-12-10,coffee,63
3438,2023-12-10,sunscreen,34
3439,2023-12-10,instant noodles,44
3440,2023-12-10,laundry detergent,32
3441,2023-12-11,energy drinks,43
3442,2023-12-11,phone charger,37
3443,2023-12-11,protein snacks,51
3444,2023-12-11,paper towels,76
3445,2023-12-11,sparkling water,26
3446,2023-12-11,usb c cable,27
3447,2023-12-11,coffee,84
3448,2023-12-11,sunscreen,73
3449,2023-12-11,instant noodles,83
3450,2023-12-11,laundry detergent,55
3451,2023-12-12,energy drinks,48
3452,2023-12-12,phone charger,23
3453,2023-12-12,protein snacks,43
3454,2023-12-12,paper towels,28
3455,2023-12-12,sparkling water,17
3456,2023-12-12,usb c cable,10
3457,2023-12-12,coffee,31
3458,2023-12-12,sunscreen,65
3459,2023-12-12,instant noodles,64
3460,2023-12-12,laundry detergent,57
3461,2023-12-13,energy drinks,76
3462,2023-12-13,phone charger,71
3463,2023-12-13,protein snacks,77
3464,2023-12-13,paper towels,28
3465,2023-12-13,sparkling water,66
3466,2023-12-13,usb c cable,38
3467,2023-12-13,coffee,124
3468,2023-12-13,sunscreen,26
3469,2023-12-13,instant noodles,111
3470,2023-12-13,laundry detergent,42
3471,2023-12-14,energy drinks,65
3472,2023-12-14,phone charger,57
3473,2023-12-14,protein snacks,45
3474,2023-12-14,paper towels,34
3475,2023-12-14,sparkling water,11
3476,2023-12-14,usb c cable,43
3477,2023-12-14,coffee,80
3478,2023-12-14,sunscreen,47
3479,2023-12-14,instant noodles,29
3480,2023-12-14,laundry detergent,16
3481,2023-12-15,energy drinks,10
3482,2023-12-15,phone charger,61
3483,2023-12-15,protein snacks,58
3484,2023-12-15,paper towels,48
3485,2023-12-15,sparkling water,23
3486,2023-12-15,usb c cable,47
3487,2023-12-15,coffee,30
3488,2023-12-15,sunscreen,34
3489,2023-12-15,instant noodles,105
3490,2023-12-15,laundry detergent,56
3491,2023-12-16,energy drinks,60
3492,2023-12-16,phone charger,79
3493,2023-12-16,protein snacks,41
3494,2023-12-16,paper towels,81
3495,2023-12-16,sparkling water,62
3496,2023-12-16,usb c cable,48
3497,2023-12-16,coffee,42
3498,2023-12-16,sunscreen,51
3499,2023-12-16,instant noodles,101
3500,2023-12-16,laundry detergent,78
3501,2023-12-17,energy drinks,58
3502,2023-12-17,phone charger,18
3503,2023-12-17,protein snacks,10
3504,2023-12-17,paper towels,99
3505,2023-12-17,sparkling water,61
3506,2023-12-17,usb c cable,73
3507,2023-12-17,coffee,52
3508,2023-12-17,sunscreen,65
3509,2023-12-17,instant noodles,50
3510,2023-12-17,laundry detergent,25
3511,2023-12-18,energy drinks,70
3512,2023-12-18,phone charger,35
3513,2023-12-18,protein snacks,62
3514,2023-12-18,paper towels,62
3515,2023-12-18,sparkling water,27
3516,2023-12-18,usb c cable,48
3517,2023-12-18,coffee,82
3518,2023-12-18,sunscreen,45
3519,2023-12-18,instant noodles,58
3520,2023-12-18,laundry detergent,15
3521,2023-12-19,energy drinks,11
3522,2023-12-19,phone charger,30
3523,2023-12-19,protein snacks,13
3524,2023-12-19,paper towels,26
3525,2023-12-19,sparkling water,58
3526,2023-12-19,usb c cable,23
3527,2023-12-19,coffee,53
3528,2023-12-19,sunscreen,76
3529,2023-12-19,instant noodles,69
3530,2023-12-19,laundry detergent,37
3531,2023-12-20,energy drinks,65
3532,2023-12-20,phone charger,60
3533,2023-12-20,protein snacks,19
3534,2023-12-20,paper towels,32
3535,2023-12-20,sparkling water,45
3536,2023-12-20,usb c cable,54
3537,2023-12-20,coffee,67
3538,2023-12-20,sunscreen,31
3539,2023-12-20,instant noodles,95
3540,2023-12-20,laundry detergent,14
3541,2023-12-21,energy drinks,54
3542,2023-12-21,phone charger,79
3543,2023-12-21,protein snacks,25
3544,2023-12-21,paper towels,13
3545,2023-12-21,sparkling water,34
3546,2023-12-21,usb c cable,53
3547,2023-12-21,coffee,119
3548,2023-12-21,sunscreen,51
3549,2023-12-21,instant noodles,31
3550,2023-12-21,laundry detergent,21
3551,2023-12-22,energy drinks,36
3552,2023-12-22,phone charger,51
3553,2023-12-22,protein snacks,20
3554,2023-12-22,paper towels,43
3555,2023-12-22,sparkling water,18
3556,2023-12-22,usb c cable,54
3557,2023-12-22,coffee,35
3558,2023-12-22,sunscreen,69
3559,2023-12-22,instant noodles,52
3560,2023-12-22,laundry detergent,44
3561,2023-12-23,energy drinks,53
3562,2023-12-23,phone charger,37
3563,2023-12-23,protein snacks,19
3564,2023-12-23,paper towels,107
3565,2023-12-23,sparkling water,42
3566,2023-12-23,usb c cable,69
3567,2023-12-23,coffee,62
3568,2023-12-23,sunscreen,27
3569,2023-12-23,instant noodles,58
3570,2023-12-23,laundry detergent,51
3571,2023-12-24,energy drinks,61
3572,2023-12-24,phone charger,72
3573,2023-12-24,protein snacks,46
3574,2023-12-24,paper towels,115
3575,2023-12-24,sparkling water,48
3576,2023-12-24,usb c cable,43
3577,2023-12-24,coffee,90
3578,2023-12-24,sunscreen,27
3579,2023-12-24,instant noodles,109
3580,2023-12-24,laundry detergent,50
3581,2023-12-25,energy drinks,23
3582,2023-12-25,phone charger,62
3583,2023-12-25,protein snacks,68
3584,2023-12-25,paper towels,30
3585,2023-12-25,sparkling water,46
3586,2023-12-25,usb c cable,65
3587,2023-12-25,coffee,27
3588,2023-12-25,sunscreen,79
3589,2023-12-25,instant noodles,22
3590,2023-12-25,laundry detergent,74
3591,2023-12-26,energy drinks,77
3592,2023-12-26,phone charger,78
3593,2023-12-26,protein snacks,30
3594,2023-12-26,paper towels,82
3595,2023-12-26,sparkling water,71
3596,2023-12-26,usb c cable,41
3597,2023-12-26,coffee,72
3598,2023-12-26,sunscreen,16
3599,2023-12-26,instant noodles,98
3600,2023-12-26,laundry detergent,14
3601,2023-12-27,energy drinks,21
3602,2023-12-27,phone charger,70
3603,2023-12-27,protein snacks,25
3604,2023-12-27,paper towels,53
3605,2023-12-27,sparkling water,34
3606,2023-12-27,usb c cable,37
3607,2023-12-27,coffee,63
3608,2023-12-27,sunscreen,64
3609,2023-12-27,instant noodles,79
3610,2023-12-27,laundry detergent,28
3611,2023-12-28,energy drinks,48
3612,2023-12-28,phone charger,76
3613,2023-12-28,protein snacks,58
3614,2023-12-28,paper towels,37
3615,2023-12-28,sparkling water,78
3616,2023-12-28,usb c cable,13
3617,2023-12-28,coffee,17
3618,2023-12-28,sunscreen,67
3619,2023-12-28,instant noodles,125
3620,2023-12-28,laundry detergent,32
3621,2023-12-29,energy drinks,20
3622,2023-12-29,phone charger,35
3623,2023-12-29,protein snacks,18
3624,2023-12-29,paper towels,106
3625,2023-12-29,sparkling water,18
3626,2023-12-29,usb c cable,46
3627,2023-12-29,coffee,43
3628,2023-12-29,sunscreen,40
3629,2023-12-29,instant noodles,74
3630,2023-12-29,laundry detergent,36
3631,2023-12-30,energy drinks,52
3632,2023-12-30,phone charger,10
3633,2023-12-30,protein snacks,73
3634,2023-12-30,paper towels,70
3635,2023-12-30,sparkling water,77
3636,2023-12-30,usb c cable,67
3637,2023-12-30,coffee,67
3638,2023-12-30,sunscreen,65
3639,2023-12-30,instant noodles,42
3640,2023-12-30,laundry detergent,71
3641,2023-12-31,energy drinks,72
3642,2023-12-31,phone charger,79
3643,2023-12-31,protein snacks,28
3644,2023-12-31,paper towels,115
3645,2023-12-31,sparkling water,24
3646,2023-12-31,usb c cable,28
3647,2023-12-31,coffee,26
3648,2023-12-31,sunscreen,73
3649,2023-12-31,instant noodles,87
3650,2023-12-31,laundry detergent,60
3651,2024-01-01,energy drinks,11
3652,2024-01-01,phone charger,56
3653,2024-01-01,protein snacks,68
3654,2024-01-01,paper towels,130
3655,2024-01-01,sparkling water,61
3656,2024-01-01,usb c cable,38
3657,2024-01-01,coffee,87
3658,2024-01-01,sunscreen,23
3659,2024-01-01,instant noodles,59
3660,2024-01-01,laundry detergent,69
3661,2024-01-02,energy drinks,15
3662,2024-01-02,phone charger,36
3663,2024-01-02,protein snacks,21
3664,2024-01-02,paper towels,74
3665,2024-01-02,sparkling water,54
3666,2024-01-02,usb c cable,74
3667,2024-01-02,coffee,25
3668,2024-01-02,sunscreen,58
3669,2024-01-02,instant noodles,108
3670,2024-01-02,laundry detergent,18
3671,2024-01-03,energy drinks,30
3672,2024-01-03,phone charger,22
3673,2024-01-03,protein snacks,21
3674,2024-01-03,paper towels,90
3675,2024-01-03,sparkling water,46
3676,2024-01-03,usb c cable,45
3677,2024-01-03,coffee,69
3678,2024-01-03,sunscreen,55
3679,2024-01-03,instant noodles,57
3680,2024-01-03,laundry detergent,72
3681,2024-01-04,energy drinks,42
3682,2024-01-04,phone charger,20
3683,2024-01-04,protein snacks,33
3684,2024-01-04,paper towels,88
3685,2024-01-04,sparkling water,75
3686,2024-01-04,usb c cable,72
3687,2024-01-04,coffee,90
3688,2024-01-04,sunscreen,24
3689,2024-01-04,instant noodles,101
3690,2024-01-04,laundry detergent,14
3691,2024-01-05,energy drinks,77
3692,2024-01-05,phone charger,40
3693,2024-01-05,protein snacks,72
3694,2024-01-05,paper towels,85
3695,2024-01-05,sparkling water,78
3696,2024-01-05,usb c cable,61
3697,2024-01-05,coffee,119
3698,2024-01-05,sunscreen,69
3699,2024-01-05,instant noodles,68
3700,2024-01-05,laundry detergent,45
3701,2024-01-06,energy drinks,68
3702,2024-01-06,phone charger,51
3703,2024-01-06,protein snacks,20
3704,2024-01-06,paper towels,57
3705,2024-01-06,sparkling water,70
3706,2024-01-06,usb c cable,11
3707,2024-01-06,coffee,58
3708,2024-01-06,sunscreen,23
3709,2024-01-06,instant noodles,23
3710,2024-01-06,laundry detergent,69
3711,2024-01-07,energy drinks,46
3712,2024-01-07,phone charger,13
3713,2024-01-07,protein snacks,11
3714,2024-01-07,paper towels,65
3715,2024-01-07,sparkling water,34
3716,2024-01-07,usb c cable,74
3717,2024-01-07,coffee,41
3718,2024-01-07,sunscreen,14
3719,2024-01-07,instant noodles,25
3720,2024-01-07,laundry detergent,78
3721,2024-01-08,energy drinks,10
3722,2024-01-08,phone charger,18
3723,2024-01-08,protein snacks,68
3724,2024-01-08,paper towels,21
3725,2024-01-08,sparkling water,24
3726,2024-01-08,usb c cable,45
3727,2024-01-08,coffee,108
3728,2024-01-08,sunscreen,63
3729,2024-01-08,instant noodles,69
3730,2024-01-08,laundry detergent,31
3731,2024-01-09,energy drinks,42
3732,2024-01-09,phone charger,41
3733,2024-01-09,protein snacks,77
3734,2024-01-09,paper towels,74
3735,2024-01-09,sparkling water,66
3736,2024-01-09,usb c cable,20
3737,2024-01-09,coffee,90
3738,2024-01-09,sunscreen,30
3739,2024-01-09,instant noodles,72
3740,2024-01-09,laundry detergent,50
3741,2024-01-10,energy drinks,67
3742,2024-01-10,phone charger,71
3743,2024-01-10,protein snacks,79
3744,2024-01-10,paper towels,44
3745,2024-01-10,sparkling water,42
3746,2024-01-10,usb c cable,22
3747,2024-01-10,coffee,110
3748,2024-01-10,sunscreen,10
3749,2024-01-10,instant noodles,79
3750,2024-01-10,laundry detergent,59
3751,2024-01-11,energy drinks,36
3752,2024-01-11,phone charger,72
3753,2024-01-11,protein snacks,48
3754,2024-01-11,paper towels,24
3755,2024-01-11,sparkling water,18
3756,2024-01-11,usb c cable,79
3757,2024-01-11,coffee,96
3758,2024-01-11,sunscreen,49
3759,2024-01-11,instant noodles,117
3760,2024-01-11,laundry detergent,24
3761,2024-01-12,energy drinks,60
3762,2024-01-12,phone charger,12
3763,2024-01-12,protein snacks,57
3764,2024-01-12,paper towels,59
3765,2024-01-12,sparkling water,14
3766,2024-01-12,usb c cable,77
3767,2024-01-12,coffee,15
3768,2024-01-12,sunscreen,67
3769,2024-01-12,instant noodles,70
3770,2024-01-12,laundry detergent,32
3771,2024-01-13,energy drinks,11
3772,2024-01-13,phone charger,57
3773,2024-01-13,protein snacks,58
3774,2024-01-13,paper towels,30
3775,2024-01-13,sparkling water,38
3776,2024-01-13,usb c cable,35
3777,2024-01-13,coffee,59
3778,2024-01-13,sunscreen,14
3779,2024-01-13,instant noodles,102
3780,2024-01-13,laundry detergent,76
3781,2024-01-14,energy drinks,75
3782,2024-01-14,phone charger,63
3783,2024-01-14,protein snacks,35
3784,2024-01-14,paper towels,50
3785,2024-01-14,sparkling water,12
3786,2024-01-14,usb c cable,18
3787,2024-01-14,coffee,84
3788,2024-01-14,sunscreen,34
3789,2024-01-14,instant noodles,51
3790,2024-01-14,laundry detergent,60
3791,2024-01-15,energy drinks,49
3792,2024-01-15,phone charger,68
3793,2024-01-15,protein snacks,13
3794,2024-01-15,paper towels,95
3795,2024-01-15,sparkling water,73
3796,2024-01-15,usb c cable,24
3797,2024-01-15,coffee,19
3798,2024-01-15,sunscreen,54
3799,2024-01-15,instant noodles,66
3800,2024-01-15,laundry detergent,31
3801,2024-01-16,energy drinks,67
3802,2024-01-16,phone charger,22
3803,2024-01-16,protein snacks,35
3804,2024-01-16,paper towels,45
3805,2024-01-16,sparkling water,57
3806,2024-01-16,usb c cable,47
3807,2024-01-16,coffee,106
3808,2024-01-16,sunscreen,36
3809,2024-01-16,instant noodles,23
3810,2024-01-16,laundry detergent,56
3811,2024-01-17,energy drinks,38
3812,2024-01-17,phone charger,33
3813,2024-01-17,protein snacks,37
3814,2024-01-17,paper towels,88
3815,2024-01-17,sparkling water,54
3816,2024-01-17,usb c cable,28
3817,2024-01-17,coffee,37
3818,2024-01-17,sunscreen,20
3819,2024-01-17,instant noodles,58
3820,2024-01-17,laundry detergent,14
3821,2024-01-18,energy drinks,77
3822,2024-01-18,phone charger,11
3823,2024-01-18,protein snacks,44
3824,2024-01-18,paper towels,28
3825,2024-01-18,sparkling water,66
3826,2024-01-18,usb c cable,58
3827,2024-01-18,coffee,115
3828,2024-01-18,sunscreen,37
3829,2024-01-18,instant noodles,23
3830,2024-01-18,laundry detergent,60
3831,2024-01-19,energy drinks,75
3832,2024-01-19,phone charger,32
3833,2024-01-19,protein snacks,24
3834,2024-01-19,paper towels,116
3835,2024-01-19,sparkling water,57
3836,2024-01-19,usb c cable,60
3837,2024-01-19,coffee,20
3838,2024-01-19,sunscreen,70
3839,2024-01-19,instant noodles,99
3840,2024-01-19,laundry detergent,52
3841,2024-01-20,energy drinks,60
3842,2024-01-20,phone charger,35
3843,2024-01-20,protein snacks,73
3844,2024-01-20,paper towels,28
3845,2024-01-20,sparkling water,12
3846,2024-01-20,usb c cable,42
3847,2024-01-20,coffee,92
3848,2024-01-20,sunscreen,22
3849,2024-01-20,instant noodles,25
3850,2024-01-20,laundry detergent,11
3851,2024-01-21,energy drinks,42
3852,2024-01-21,phone charger,67
3853,2024-01-21,protein snacks,13
3854,2024-01-21,paper towels,79
3855,2024-01-21,sparkling water,65
3856,2024-01-21,usb c cable,76
3857,2024-01-21,coffee,85
3858,2024-01-21,sunscreen,61
3859,2024-01-21,instant noodles,41
3860,2024-01-21,laundry detergent,65
3861,2024-01-22,energy drinks,28
3862,2024-01-22,phone charger,53
3863,2024-01-22,protein snacks,10
3864,2024-01-22,paper towels,102
3865,2024-01-22,sparkling water,49
3866,2024-01-22,usb c cable,74
3867,2024-01-22,coffee,79
3868,2024-01-22,sunscreen,60
3869,2024-01-22,instant noodles,56
3870,2024-01-22,laundry detergent,55
3871,2024-01-23,energy drinks,14
3872,2024-01-23,phone charger,45
3873,2024-01-23,protein snacks,53
3874,2024-01-23,paper towels,100
3875,2024-01-23,sparkling water,41
3876,2024-01-23,usb c cable,31
3877,2024-01-23,coffee,94
3878,2024-01-23,sunscreen,19
3879,2024-01-23,instant noodles,20
3880,2024-01-23,laundry detergent,65
3881,2024-01-24,energy drinks,10
3882,2024-01-24,phone charger,39
3883,2024-01-24,protein snacks,58
3884,2024-01-24,paper towels,58
3885,2024-01-24,sparkling water,22
3886,2024-01-24,usb c cable,64
3887,2024-01-24,coffee,56
3888,2024-01-24,sunscreen,37
3889,2024-01-24,instant noodles,99
3890,2024-01-24,laundry detergent,57
3891,2024-01-25,energy drinks,77
3892,2024-01-25,phone charger,11
3893,2024-01-25,protein snacks,22
3894,2024-01-25,paper towels,89
3895,2024-01-25,sparkling water,23
3896,2024-01-25,usb c cable,50
3897,2024-01-25,coffee,32
3898,2024-01-25,sunscreen,77
3899,2024-01-25,instant noodles,91
3900,2024-01-25,laundry detergent,52
3901,2024-01-26,energy drinks,52
3902,2024-01-26,phone charger,12
3903,2024-01-26,protein snacks,32
3904,2024-01-26,paper towels,107
3905,2024-01-26,sparkling water,67
3906,2024-01-26,usb c cable,65
3907,2024-01-26,coffee,125
3908,2024-01-26,sunscreen,19
3909,2024-01-26,instant noodles,89
3910,2024-01-26,laundry detergent,25
3911,2024-01-27,energy drinks,13
3912,2024-01-27,phone charger,58
3913,2024-01-27,protein snacks,77
3914,2024-01-27,paper towels,107
3915,2024-01-27,sparkling water,44
3916,2024-01-27,usb c cable,58
3917,2024-01-27,coffee,86
3918,2024-01-27,sunscreen,32
3919,2024-01-27,instant noodles,102
3920,2024-01-27,laundry detergent,11
3921,2024-01-28,energy drinks,72
3922,2024-01-28,phone charger,43
3923,2024-01-28,protein snacks,14
3924,2024-01-28,paper towels,27
3925,2024-01-28,sparkling water,60
3926,2024-01-28,usb c cable,47
3927,2024-01-28,coffee,32
3928,2024-01-28,sunscreen,74
3929,2024-01-28,instant noodles,77
3930,2024-01-28,laundry detergent,48
3931,2024-01-29,energy drinks,26
3932,2024-01-29,phone charger,48
3933,2024-01-29,protein snacks,70
3934,2024-01-29,paper towels,66
3935,2024-01-29,sparkling water,59
3936,2024-01-29,usb c cable,17
3937,2024-01-29,coffee,117
3938,2024-01-29,sunscreen,22
3939,2024-01-29,instant noodles,48
3940,2024-01-29,laundry detergent,71
3941,2024-01-30,energy drinks,38
3942,2024-01-30,phone charger,40
3943,2024-01-30,protein snacks,72
3944,2024-01-30,paper towels,47
3945,2024-01-30,sparkling water,15
3946,2024-01-30,usb c cable,66
3947,2024-01-30,coffee,26
3948,2024-01-30,sunscreen,19
3949,2024-01-30,instant noodles,83
3950,2024-01-30,laundry detergent,19
3951,2024-01-31,energy drinks,68
3952,2024-01-31,phone charger,60
3953,2024-01-31,protein snacks,28
3954,2024-01-31,paper towels,98
3955,2024-01-31,sparkling water,20
3956,2024-01-31,usb c cable,75
3957,2024-01-31,coffee,32
3958,2024-01-31,sunscreen,77
3959,2024-01-31,instant noodles,96
3960,2024-01-31,laundry detergent,42
3961,2024-02-01,energy drinks,66
3962,2024-02-01,phone charger,18
3963,2024-02-01,protein snacks,19
3964,2024-02-01,paper towels,42
3965,2024-02-01,sparkling water,50
3966,2024-02-01,usb c cable,63
3967,2024-02-01,coffee,80
3968,2024-02-01,sunscreen,30
3969,2024-02-01,instant noodles,45
3970,2024-02-01,laundry detergent,22
3971,2024-02-02,energy drinks,38
3972,2024-02-02,phone charger,40
3973,2024-02-02,protein snacks,79
3974,2024-02-02,paper towels,25
3975,2024-02-02,sparkling water,33
3976,2024-02-02,usb c cable,32
3977,2024-02-02,coffee,50
3978,2024-02-02,sunscreen,58
3979,2024-02-02,instant noodles,96
3980,2024-02-02,laundry detergent,46
3981,2024-02-03,energy drinks,71
3982,2024-02-03,phone charger,52
3983,2024-02-03,protein snacks,23
3984,2024-02-03,paper towels,91
3985,2024-02-03,sparkling water,74
3986,2024-02-03,usb c cable,36
3987,2024-02-03,coffee,95
3988,2024-02-03,sunscreen,13
3989,2024-02-03,instant noodles,38
3990,2024-02-03,laundry detergent,42
3991,2024-02-04,energy drinks,71
3992,2024-02-04,phone charger,69
3993,2024-02-04,protein snacks,73
3994,2024-02-04,paper towels,24
3995,2024-02-04,sparkling water,58
3996,2024-02-04,usb c cable,76
3997,2024-02-04,coffee,15
3998,2024-02-04,sunscreen,76
3999,2024-02-04,instant noodles,62
4000,2024-02-04,laundry detergent,49
4001,2024-02-05,energy drinks,41
4002,2024-02-05,phone charger,54
4003,2024-02-05,protein snacks,74
4004,2024-02-05,paper towels,50
4005,2024-02-05,sparkling water,73
4006,2024-02-05,usb c cable,66
4007,2024-02-05,coffee,74
4008,2024-02-05,sunscreen,41
4009,2024-02-05,instant noodles,83
4010,2024-02-05,laundry detergent,15
4011,2024-02-06,energy drinks,26
4012,2024-02-06,phone charger,50
4013,2024-02-06,protein snacks,79
4014,2024-02-06,paper towels,78
4015,2024-02-06,sparkling water,10
4016,2024-02-06,usb c cable,63
4017,2024-02-06,coffee,96
4018,2024-02-06,sunscreen,36
4019,2024-02-06,instant noodles,66
4020,2024-02-06,laundry detergent,35
4021,2024-02-07,energy drinks,31
4022,2024-02-07,phone charger,42
4023,2024-02-07,protein snacks,43
4024,2024-02-07,paper towels,67
4025,2024-02-07,sparkling water,68
4026,2024-02-07,usb c cable,79
4027,2024-02-07,coffee,61
4028,2024-02-07,sunscreen,43
4029,2024-02-07,instant noodles,110
4030,2024-02-07,laundry detergent,20
4031,2024-02-08,energy drinks,12
4032,2024-02-08,phone charger,52
4033,2024-02-08,protein snacks,50
4034,2024-02-08,paper towels,53
4035,2024-02-08,sparkling water,59
4036,2024-02-08,usb c cable,51
4037,2024-02-08,coffee,54
4038,2024-02-08,sunscreen,21
4039,2024-02-08,instant noodles,50
4040,2024-02-08,laundry detergent,42
4041,2024-02-09,energy drinks,37
4042,2024-02-09,phone charger,51
4043,2024-02-09,protein snacks,24
4044,2024-02-09,paper towels,105
4045,2024-02-09,sparkling water,73
4046,2024-02-09,usb c cable,42
4047,2024-02-09,coffee,71
4048,2024-02-09,sunscreen,49
4049,2024-02-09,instant noodles,45
4050,2024-02-09,laundry detergent,27
4051,2024-02-10,energy drinks,66
4052,2024-02-10,phone charger,41
4053,2024-02-10,protein snacks,57
4054,2024-02-10,paper towels,62
4055,2024-02-10,sparkling water,37
4056,2024-02-10,usb c cable,75
4057,2024-02-10,coffee,87
4058,2024-02-10,sunscreen,23
4059,2024-02-10,instant noodles,79
4060,2024-02-10,laundry detergent,79
4061,2024-02-11,energy drinks,67
4062,2024-02-11,phone charger,58
4063,2024-02-11,protein snacks,48
4064,2024-02-11,paper towels,100
4065,2024-02-11,sparkling water,27
4066,2024-02-11,usb c cable,61
4067,2024-02-11,coffee,21
4068,2024-02-11,sunscreen,11
4069,2024-02-11,instant noodles,18
4070,2024-02-11,laundry detergent,16
4071,2024-02-12,energy drinks,51
4072,2024-02-12,phone charger,21
4073,2024-02-12,protein snacks,34
4074,2024-02-12,paper towels,135
4075,2024-02-12,sparkling water,37
4076,2024-02-12,usb c cable,56
4077,2024-02-12,coffee,30
4078,2024-02-12,sunscreen,42
4079,2024-02-12,instant noodles,36
4080,2024-02-12,laundry detergent,52
4081,2024-02-13,energy drinks,37
4082,2024-02-13,phone charger,27
4083,2024-02-13,protein snacks,78
4084,2024-02-13,paper towels,68
4085,2024-02-13,sparkling water,46
4086,2024-02-13,usb c cable,68
4087,2024-02-13,coffee,88
4088,2024-02-13,sunscreen,42
4089,2024-02-13,instant noodles,83
4090,2024-02-13,laundry detergent,50
4091,2024-02-14,energy drinks,40
4092,2024-02-14,phone charger,32
4093,2024-02-14,protein snacks,10
4094,2024-02-14,paper towels,108
4095,2024-02-14,sparkling water,26
4096,2024-02-14,usb c cable,23
4097,2024-02-14,coffee,43
4098,2024-02-14,sunscreen,50
4099,2024-02-14,instant noodles,114
4100,2024-02-14,laundry detergent,27
4101,2024-02-15,energy drinks,30
4102,2024-02-15,phone charger,46
4103,2024-02-15,protein snacks,66
4104,2024-02-15,paper towels,61
4105,2024-02-15,sparkling water,77
4106,2024-02-15,usb c cable,12
4107,2024-02-15,coffee,49
4108,2024-02-15,sunscreen,10
4109,2024-02-15,instant noodles,83
4110,2024-02-15,laundry detergent,17
4111,2024-02-16,energy drinks,32
4112,2024-02-16,phone charger,48
4113,2024-02-16,protein snacks,57
4114,2024-02-16,paper towels,23
4115,2024-02-16,sparkling water,50
4116,2024-02-16,usb c cable,43
4117,2024-02-16,coffee,43
4118,2024-02-16,sunscreen,73
4119,2024-02-16,instant noodles,21
4120,2024-02-16,laundry detergent,33
4121,2024-02-17,energy drinks,18
4122,2024-02-17,phone charger,78
4123,2024-02-17,protein snacks,27
4124,2024-02-17,paper towels,38
4125,2024-02-17,sparkling water,68
4126,2024-02-17,usb c cable,34
4127,2024-02-17,coffee,46
4128,2024-02-17,sunscreen,51
4129,2024-02-17,instant noodles,38
4130,2024-02-17,laundry detergent,50
4131,2024-02-18,energy drinks,17
4132,2024-02-18,phone charger,25
4133,2024-02-18,protein snacks,37
4134,2024-02-18,paper towels,100
4135,2024-02-18,sparkling water,16
4136,2024-02-18,usb c cable,55
4137,2024-02-18,coffee,35
4138,2024-02-18,sunscreen,40
4139,2024-02-18,instant noodles,35
4140,2024-02-18,laundry detergent,63
4141,2024-02-19,energy drinks,75
4142,2024-02-19,phone charger,62
4143,2024-02-19,protein snacks,25
4144,2024-02-19,paper towels,93
4145,2024-02-19,sparkling water,24
4146,2024-02-19,usb c cable,20
4147,2024-02-19,coffee,92
4148,2024-02-19,sunscreen,75
4149,2024-02-19,instant noodles,36
4150,2024-02-19,laundry detergent,71
4151,2024-02-20,energy drinks,38
4152,2024-02-20,phone charger,17
4153,2024-02-20,protein snacks,29
4154,2024-02-20,paper towels,60
4155,2024-02-20,sparkling water,29
4156,2024-02-20,usb c cable,47
4157,2024-02-20,coffee,22
4158,2024-02-20,sunscreen,15
4159,2024-02-20,instant noodles,64
4160,2024-02-20,laundry detergent,54
4161,2024-02-21,energy drinks,21
4162,2024-02-21,phone charger,13
4163,2024-02-21,protein snacks,52
4164,2024-02-21,paper towels,55
4165,2024-02-21,sparkling water,21
4166,2024-02-21,usb c cable,47
4167,2024-02-21,coffee,102
4168,2024-02-21,sunscreen,74
4169,2024-02-21,instant noodles,77
4170,2024-02-21,laundry detergent,51
4171,2024-02-22,energy drinks,66
4172,2024-02-22,phone charger,48
4173,2024-02-22,protein snacks,78
4174,2024-02-22,paper towels,75
4175,2024-02-22,sparkling water,75
4176,2024-02-22,usb c cable,48
4177,2024-02-22,coffee,89
4178,2024-02-22,sunscreen,14
4179,2024-02-22,instant noodles,19
4180,2024-02-22,laundry detergent,16
4181,2024-02-23,energy drinks,61
4182,2024-02-23,phone charger,49
4183,2024-02-23,protein snacks,40
4184,2024-02-23,paper towels,105
4185,2024-02-23,sparkling water,68
4186,2024-02-23,usb c cable,78
4187,2024-02-23,coffee,56
4188,2024-02-23,sunscreen,32
4189,2024-02-23,instant noodles,36
4190,2024-02-23,laundry detergent,15
4191,2024-02-24,energy drinks,46
4192,2024-02-24,phone charger,26
4193,2024-02-24,protein snacks,60
4194,2024-02-24,paper towels,30
4195,2024-02-24,sparkling water,59
4196,2024-02-24,usb c cable,42
4197,2024-02-24,coffee,90
4198,2024-02-24,sunscreen,29
4199,2024-02-24,instant noodles,98
4200,2024-02-24,laundry detergent,25
4201,2024-02-25,energy drinks,12
4202,2024-02-25,phone charger,34
4203,2024-02-25,protein snacks,46
4204,2024-02-25,paper towels,14
4205,2024-02-25,sparkling water,79
4206,2024-02-25,usb c cable,72
4207,2024-02-25,coffee,113
4208,2024-02-25,sunscreen,39
4209,2024-02-25,instant noodles,66
4210,2024-02-25,laundry detergent,25
4211,2024-02-26,energy drinks,46
4212,2024-02-26,phone charger,18
4213,2024-02-26,protein snacks,66
4214,2024-02-26,paper towels,120
4215,2024-02-26,sparkling water,58
4216,2024-02-26,usb c cable,32
4217,2024-02-26,coffee,123
4218,2024-02-26,sunscreen,55
4219,2024-02-26,instant noodles,104
4220,2024-02-26,laundry detergent,11
4221,2024-02-27,energy drinks,79
4222,2024-02-27,phone charger,75
4223,2024-02-27,protein snacks,19
4224,2024-02-27,paper towels,30
4225,2024-02-27,sparkling water,47
4226,2024-02-27,usb c cable,77
4227,2024-02-27,coffee,51
4228,2024-02-27,sunscreen,73
4229,2024-02-27,instant noodles,75
4230,2024-02-27,laundry detergent,54
4231,2024-02-28,energy drinks,10
4232,2024-02-28,phone charger,67
4233,2024-02-28,protein snacks,53
4234,2024-02-28,paper towels,78
4235,2024-02-28,sparkling water,62
4236,2024-02-28,usb c cable,26
4237,2024-02-28,coffee,37
4238,2024-02-28,sunscreen,26
4239,2024-02-28,instant noodles,84
4240,2024-02-28,laundry detergent,43
4241,2024-02-29,energy drinks,60
4242,2024-02-29,phone charger,64
4243,2024-02-29,protein snacks,49
4244,2024-02-29,paper towels,22
4245,2024-02-29,sparkling water,45
4246,2024-02-29,usb c cable,49
4247,2024-02-29,coffee,36
4248,2024-02-29,sunscreen,33
4249,2024-02-29,instant noodles,65
4250,2024-02-29,laundry detergent,22
4251,2024-03-01,energy drinks,70
4252,2024-03-01,phone charger,32
4253,2024-03-01,protein snacks,36
4254,2024-03-01,paper towels,50
4255,2024-03-01,sparkling water,52
4256,2024-03-01,usb c cable,32
4257,2024-03-01,coffee,20
4258,2024-03-01,sunscreen,28
4259,2024-03-01,instant noodles,16
4260,2024-03-01,laundry detergent,72
4261,2024-03-02,energy drinks,56
4262,2024-03-02,phone charger,34
4263,2024-03-02,protein snacks,22
4264,2024-03-02,paper towels,68
4265,2024-03-02,sparkling water,62
4266,2024-03-02,usb c cable,67
4267,2024-03-02,coffee,47
4268,2024-03-02,sunscreen,24
4269,2024-03-02,instant noodles,52
4270,2024-03-02,laundry detergent,54
4271,2024-03-03,energy drinks,41
4272,2024-03-03,phone charger,46
4273,2024-03-03,protein snacks,42
4274,2024-03-03,paper towels,63
4275,2024-03-03,sparkling water,33
4276,2024-03-03,usb c cable,13
4277,2024-03-03,coffee,10
4278,2024-03-03,sunscreen,72
4279,2024-03-03,instant noodles,41
4280,2024-03-03,laundry detergent,74
4281,2024-03-04,energy drinks,60
4282,2024-03-04,phone charger,19
4283,2024-03-04,protein snacks,30
4284,2024-03-04,paper towels,24
4285,2024-03-04,sparkling water,54
4286,2024-03-04,usb c cable,61
4287,2024-03-04,coffee,18
4288,2024-03-04,sunscreen,13
4289,2024-03-04,instant noodles,37
4290,2024-03-04,laundry detergent,54
4291,2024-03-05,energy drinks,57
4292,2024-03-05,phone charger,50
4293,2024-03-05,protein snacks,36
4294,2024-03-05,paper towels,29
4295,2024-03-05,sparkling water,40
4296,2024-03-05,usb c cable,21
4297,2024-03-05,coffee,63
4298,2024-03-05,sunscreen,58
4299,2024-03-05,instant noodles,49
4300,2024-03-05,laundry detergent,57
4301,2024-03-06,energy drinks,54
4302,2024-03-06,phone charger,46
4303,2024-03-06,protein snacks,36
4304,2024-03-06,paper towels,30
4305,2024-03-06,sparkling water,16
4306,2024-03-06,usb c cable,41
4307,2024-03-06,coffee,79
4308,2024-03-06,sunscreen,58
4309,2024-03-06,instant noodles,66
4310,2024-03-06,laundry detergent,31
4311,2024-03-07,energy drinks,44
4312,2024-03-07,phone charger,12
4313,2024-03-07,protein snacks,31
4314,2024-03-07,paper towels,48
4315,2024-03-07,sparkling water,29
4316,2024-03-07,usb c cable,22
4317,2024-03-07,coffee,48
4318,2024-03-07,sunscreen,76
4319,2024-03-07,instant noodles,60
4320,2024-03-07,laundry detergent,73
4321,2024-03-08,energy drinks,54
4322,2024-03-08,phone charger,29
4323,2024-03-08,protein snacks,16
4324,2024-03-08,paper towels,78
4325,2024-03-08,sparkling water,66
4326,2024-03-08,usb c cable,58
4327,2024-03-08,coffee,54
4328,2024-03-08,sunscreen,53
4329,2024-03-08,instant noodles,19
4330,2024-03-08,laundry detergent,16
4331,2024-03-09,energy drinks,42
4332,2024-03-09,phone charger,30
4333,2024-03-09,protein snacks,56
4334,2024-03-09,paper towels,21
4335,2024-03-09,sparkling water,43
4336,2024-03-09,usb c cable,58
4337,2024-03-09,coffee,55
4338,2024-03-09,sunscreen,71
4339,2024-03-09,instant noodles,25
4340,2024-03-09,laundry detergent,67
4341,2024-03-10,energy drinks,55
4342,2024-03-10,phone charger,10
4343,2024-03-10,protein snacks,10
4344,2024-03-10,paper towels,25
4345,2024-03-10,sparkling water,67
4346,2024-03-10,usb c cable,55
4347,2024-03-10,coffee,40
4348,2024-03-10,sunscreen,76
4349,2024-03-10,instant noodles,45
4350,2024-03-10,laundry detergent,63
4351,2024-03-11,energy drinks,71
4352,2024-03-11,phone charger,66
4353,2024-03-11,protein snacks,62
4354,2024-03-11,paper towels,36
4355,2024-03-11,sparkling water,72
4356,2024-03-11,usb c cable,79
4357,2024-03-11,coffee,73
4358,2024-03-11,sunscreen,39
4359,2024-03-11,instant noodles,41
4360,2024-03-11,laundry detergent,57
4361,2024-03-12,energy drinks,74
4362,2024-03-12,phone charger,29
4363,2024-03-12,protein snacks,23
4364,2024-03-12,paper towels,53
4365,2024-03-12,sparkling water,78
4366,2024-03-12,usb c cable,55
4367,2024-03-12,coffee,23
4368,2024-03-12,sunscreen,78
4369,2024-03-12,instant noodles,71
4370,2024-03-12,laundry detergent,42
4371,2024-03-13,energy drinks,38
4372,2024-03-13,phone charger,43
4373,2024-03-13,protein snacks,62
4374,2024-03-13,paper towels,68
4375,2024-03-13,sparkling water,28
4376,2024-03-13,usb c cable,75
4377,2024-03-13,coffee,45
4378,2024-03-13,sunscreen,30
4379,2024-03-13,instant noodles,26
4380,2024-03-13,laundry detergent,72
4381,2024-03-14,energy drinks,74
4382,2024-03-14,phone charger,39
4383,2024-03-14,protein snacks,45
4384,2024-03-14,paper towels,10
4385,2024-03-14,sparkling water,66
4386,2024-03-14,usb c cable,68
4387,2024-03-14,coffee,56
4388,2024-03-14,sunscreen,13
4389,2024-03-14,instant noodles,10
4390,2024-03-14,laundry detergent,30
4391,2024-03-15,energy drinks,22
4392,2024-03-15,phone charger,18
4393,2024-03-15,protein snacks,71
4394,2024-03-15,paper towels,46
4395,2024-03-15,sparkling water,28
4396,2024-03-15,usb c cable,79
4397,2024-03-15,coffee,25
4398,2024-03-15,sunscreen,51
4399,2024-03-15,instant noodles,44
4400,2024-03-15,laundry detergent,75
4401,2024-03-16,energy drinks,42
4402,2024-03-16,phone charger,57
4403,2024-03-16,protein snacks,57
4404,2024-03-16,paper towels,39
4405,2024-03-16,sparkling water,64
4406,2024-03-16,usb c cable,45
4407,2024-03-16,coffee,79
4408,2024-03-16,sunscreen,41
4409,2024-03-16,instant noodles,34
4410,2024-03-16,laundry detergent,28
4411,2024-03-17,energy drinks,61
4412,2024-03-17,phone charger,55
4413,2024-03-17,protein snacks,63
4414,2024-03-17,paper towels,27
4415,2024-03-17,sparkling water,71
4416,2024-03-17,usb c cable,76
4417,2024-03-17,coffee,78
4418,2024-03-17,sunscreen,56
4419,2024-03-17,instant noodles,33
4420,2024-03-17,laundry detergent,32
4421,2024-03-18,energy drinks,33
4422,2024-03-18,phone charger,40
4423,2024-03-18,protein snacks,65
4424,2024-03-18,paper towels,27
4425,2024-03-18,sparkling water,23
4426,2024-03-18,usb c cable,27
4427,2024-03-18,coffee,45
4428,2024-03-18,sunscreen,31
4429,2024-03-18,instant noodles,65
4430,2024-03-18,laundry detergent,67
4431,2024-03-19,energy drinks,33
4432,2024-03-19,phone charger,24
4433,2024-03-19,protein snacks,58
4434,2024-03-19,paper towels,75
4435,2024-03-19,sparkling water,27
4436,2024-03-19,usb c cable,31
4437,2024-03-19,coffee,22
4438,2024-03-19,sunscreen,10
4439,2024-03-19,instant noodles,11
4440,2024-03-19,laundry detergent,60
4441,2024-03-20,energy drinks,37
4442,2024-03-20,phone charger,28
4443,2024-03-20,protein snacks,31
4444,2024-03-20,paper towels,56
4445,2024-03-20,sparkling water,55
4446,2024-03-20,usb c cable,13
4447,2024-03-20,coffee,54
4448,2024-03-20,sunscreen,24
4449,2024-03-20,instant noodles,11
4450,2024-03-20,laundry detergent,61
4451,2024-03-21,energy drinks,30
4452,2024-03-21,phone charger,76
4453,2024-03-21,protein snacks,77
4454,2024-03-21,paper towels,78
4455,2024-03-21,sparkling water,64
4456,2024-03-21,usb c cable,72
4457,2024-03-21,coffee,41
4458,2024-03-21,sunscreen,75
4459,2024-03-21,instant noodles,12
4460,2024-03-21,laundry detergent,34
4461,2024-03-22,energy drinks,76
4462,2024-03-22,phone charger,79
4463,2024-03-22,protein snacks,55
4464,2024-03-22,paper towels,13
4465,2024-03-22,sparkling water,11
4466,2024-03-22,usb c cable,56
4467,2024-03-22,coffee,72
4468,2024-03-22,sunscreen,55
4469,2024-03-22,instant noodles,70
4470,2024-03-22,laundry detergent,23
4471,2024-03-23,energy drinks,13
4472,2024-03-23,phone charger,59
4473,2024-03-23,protein snacks,66
4474,2024-03-23,paper towels,54
4475,2024-03-23,sparkling water,25
4476,2024-03-23,usb c cable,48
4477,2024-03-23,coffee,17
4478,2024-03-23,sunscreen,55
4479,2024-03-23,instant noodles,73
4480,2024-03-23,laundry detergent,61
4481,2024-03-24,energy drinks,28
4482,2024-03-24,phone charger,38
4483,2024-03-24,protein snacks,60
4484,2024-03-24,paper towels,23
4485,2024-03-24,sparkling water,45
4486,2024-03-24,usb c cable,20
4487,2024-03-24,coffee,65
4488,2024-03-24,sunscreen,59
4489,2024-03-24,instant noodles,54
4490,2024-03-24,laundry detergent,48
4491,2024-03-25,energy drinks,74
4492,2024-03-25,phone charger,43
4493,2024-03-25,protein snacks,39
4494,2024-03-25,paper towels,30
4495,2024-03-25,sparkling water,12
4496,2024-03-25,usb c cable,41
4497,2024-03-25,coffee,66
4498,2024-03-25,sunscreen,77
4499,2024-03-25,instant noodles,66
4500,2024-03-25,laundry detergent,32
4501,2024-03-26,energy drinks,59
4502,2024-03-26,phone charger,24
4503,2024-03-26,protein snacks,59
4504,2024-03-26,paper towels,72
4505,2024-03-26,sparkling water,29
4506,2024-03-26,usb c cable,50
4507,2024-03-26,coffee,56
4508,2024-03-26,sunscreen,47
4509,2024-03-26,instant noodles,15
4510,2024-03-26,laundry detergent,75
4511,2024-03-27,energy drinks,53
4512,2024-03-27,phone charger,28
4513,2024-03-27,protein snacks,39
4514,2024-03-27,paper towels,43
4515,2024-03-27,sparkling water,63
4516,2024-03-27,usb c cable,38
4517,2024-03-27,coffee,77
4518,2024-03-27,sunscreen,19
4519,2024-03-27,instant noodles,37
4520,2024-03-27,laundry detergent,67
4521,2024-03-28,energy drinks,67
4522,2024-03-28,phone charger,23
4523,2024-03-28,protein snacks,20
4524,2024-03-28,paper towels,50
4525,2024-03-28,sparkling water,78
4526,2024-03-28,usb c cable,31
4527,2024-03-28,coffee,78
4528,2024-03-28,sunscreen,78
4529,2024-03-28,instant noodles,64
4530,2024-03-28,laundry detergent,27
4531,2024-03-29,energy drinks,59
4532,2024-03-29,phone charger,76
4533,2024-03-29,protein snacks,38
4534,2024-03-29,paper towels,33
4535,2024-03-29,sparkling water,30
4536,2024-03-29,usb c cable,48
4537,2024-03-29,coffee,60
4538,2024-03-29,sunscreen,34
4539,2024-03-29,instant noodles,27
4540,2024-03-29,laundry detergent,65
4541,2024-03-30,energy drinks,70
4542,2024-03-30,phone charger,19
4543,2024-03-30,protein snacks,31
4544,2024-03-30,paper towels,62
4545,2024-03-30,sparkling water,35
4546,2024-03-30,usb c cable,60
4547,2024-03-30,coffee,38
4548,2024-03-30,sunscreen,34
4549,2024-03-30,instant noodles,31
4550,2024-03-30,laundry detergent,66
4551,2024-03-31,energy drinks,69
4552,2024-03-31,phone charger,33
4553,2024-03-31,protein snacks,13
4554,2024-03-31,paper towels,30
4555,2024-03-31,sparkling water,65
4556,2024-03-31,usb c cable,76
4557,2024-03-31,coffee,71
4558,2024-03-31,sunscreen,65
4559,2024-03-31,instant noodles,22
4560,2024-03-31,laundry detergent,48
4561,2024-04-01,energy drinks,49
4562,2024-04-01,phone charger,10
4563,2024-04-01,protein snacks,19
4564,2024-04-01,paper towels,52
4565,2024-04-01,sparkling water,78
4566,2024-04-01,usb c cable,50
4567,2024-04-01,coffee,65
4568,2024-04-01,sunscreen,56
4569,2024-04-01,instant noodles,49
4570,2024-04-01,laundry detergent,65
4571,2024-04-02,energy drinks,15
4572,2024-04-02,phone charger,44
4573,2024-04-02,protein snacks,49
4574,2024-04-02,paper towels,19
4575,2024-04-02,sparkling water,17
4576,2024-04-02,usb c cable,71
4577,2024-04-02,coffee,77
4578,2024-04-02,sunscreen,69
4579,2024-04-02,instant noodles,47
4580,2024-04-02,laundry detergent,66
4581,2024-04-03,energy drinks,60
4582,2024-04-03,phone charger,65
4583,2024-04-03,protein snacks,72
4584,2024-04-03,paper towels,34
4585,2024-04-03,sparkling water,69
4586,2024-04-03,usb c cable,74
4587,2024-04-03,coffee,50
4588,2024-04-03,sunscreen,73
4589,2024-04-03,instant noodles,20
4590,2024-04-03,laundry detergent,53
4591,2024-04-04,energy drinks,59
4592,2024-04-04,phone charger,53
4593,2024-04-04,protein snacks,57
4594,2024-04-04,paper towels,40
4595,2024-04-04,sparkling water,42
4596,2024-04-04,usb c cable,30
4597,2024-04-04,coffee,70
4598,2024-04-04,sunscreen,16
4599,2024-04-04,instant noodles,37
4600,2024-04-04,laundry detergent,38
4601,2024-04-05,energy drinks,59
4602,2024-04-05,phone charger,11
4603,2024-04-05,protein snacks,20
4604,2024-04-05,paper towels,12
4605,2024-04-05,sparkling water,19
4606,2024-04-05,usb c cable,33
4607,2024-04-05,coffee,32
4608,2024-04-05,sunscreen,54
4609,2024-04-05,instant noodles,76
4610,2024-04-05,laundry detergent,75
4611,2024-04-06,energy drinks,30
4612,2024-04-06,phone charger,57
4613,2024-04-06,protein snacks,26
4614,2024-04-06,paper towels,26
4615,2024-04-06,sparkling water,65
4616,2024-04-06,usb c cable,79
4617,2024-04-06,coffee,67
4618,2024-04-06,sunscreen,63
4619,2024-04-06,instant noodles,61
4620,2024-04-06,laundry detergent,53
4621,2024-04-07,energy drinks,35
4622,2024-04-07,phone charger,74
4623,2024-04-07,protein snacks,78
4624,2024-04-07,paper towels,28
4625,2024-04-07,sparkling water,22
4626,2024-04-07,usb c cable,66
4627,2024-04-07,coffee,42
4628,2024-04-07,sunscreen,64
4629,2024-04-07,instant noodles,31
4630,2024-04-07,laundry detergent,77
4631,2024-04-08,energy drinks,35
4632,2024-04-08,phone charger,47
4633,2024-04-08,protein snacks,12
4634,2024-04-08,paper towels,53
4635,2024-04-08,sparkling water,74
4636,2024-04-08,usb c cable,37
4637,2024-04-08,coffee,23
4638,2024-04-08,sunscreen,55
4639,2024-04-08,instant noodles,34
4640,2024-04-08,laundry detergent,23
4641,2024-04-09,energy drinks,71
4642,2024-04-09,phone charger,55
4643,2024-04-09,protein snacks,18
4644,2024-04-09,paper towels,60
4645,2024-04-09,sparkling water,15
4646,2024-04-09,usb c cable,12
4647,2024-04-09,coffee,47
4648,2024-04-09,sunscreen,50
4649,2024-04-09,instant noodles,12
4650,2024-04-09,laundry detergent,54
4651,2024-04-10,energy drinks,37
4652,2024-04-10,phone charger,66
4653,2024-04-10,protein snacks,65
4654,2024-04-10,paper towels,45
4655,2024-04-10,sparkling water,74
4656,2024-04-10,usb c cable,68
4657,2024-04-10,coffee,10
4658,2024-04-10,sunscreen,73
4659,2024-04-10,instant noodles,76
4660,2024-04-10,laundry detergent,23
4661,2024-04-11,energy drinks,37
4662,2024-04-11,phone charger,16
4663,2024-04-11,protein snacks,61
4664,2024-04-11,paper towels,55
4665,2024-04-11,sparkling water,60
4666,2024-04-11,usb c cable,61
4667,2024-04-11,coffee,55
4668,2024-04-11,sunscreen,17
4669,2024-04-11,instant noodles,59
4670,2024-04-11,laundry detergent,62
4671,2024-04-12,energy drinks,52
4672,2024-04-12,phone charger,42
4673,2024-04-12,protein snacks,40
4674,2024-04-12,paper towels,47
4675,2024-04-12,sparkling water,39
4676,2024-04-12,usb c cable,49
4677,2024-04-12,coffee,74
4678,2024-04-12,sunscreen,45
4679,2024-04-12,instant noodles,71
4680,2024-04-12,laundry detergent,54
4681,2024-04-13,energy drinks,33
4682,2024-04-13,phone charger,33
4683,2024-04-13,protein snacks,62
4684,2024-04-13,paper towels,45
4685,2024-04-13,sparkling water,40
4686,2024-04-13,usb c cable,56
4687,2024-04-13,coffee,16
4688,2024-04-13,sunscreen,60
4689,2024-04-13,instant noodles,37
4690,2024-04-13,laundry detergent,74
4691,2024-04-14,energy drinks,34
4692,2024-04-14,phone charger,18
4693,2024-04-14,protein snacks,46
4694,2024-04-14,paper towels,46
4695,2024-04-14,sparkling water,27
4696,2024-04-14,usb c cable,69
4697,2024-04-14,coffee,40
4698,2024-04-14,sunscreen,36
4699,2024-04-14,instant noodles,27
4700,2024-04-14,laundry detergent,45
4701,2024-04-15,energy drinks,27
4702,2024-04-15,phone charger,47
4703,2024-04-15,protein snacks,56
4704,2024-04-15,paper towels,74
4705,2024-04-15,sparkling water,45
4706,2024-04-15,usb c cable,55
4707,2024-04-15,coffee,54
4708,2024-04-15,sunscreen,16
4709,2024-04-15,instant noodles,14
4710,2024-04-15,laundry detergent,77
4711,2024-04-16,energy drinks,30
4712,2024-04-16,phone charger,58
4713,2024-04-16,protein snacks,49
4714,2024-04-16,paper towels,51
4715,2024-04-16,sparkling water,40
4716,2024-04-16,usb c cable,33
4717,2024-04-16,coffee,34
4718,2024-04-16,sunscreen,61
4719,2024-04-16,instant noodles,44
4720,2024-04-16,laundry detergent,77
4721,2024-04-17,energy drinks,78
4722,2024-04-17,phone charger,78
4723,2024-04-17,protein snacks,25
4724,2024-04-17,paper towels,51
4725,2024-04-17,sparkling water,62
4726,2024-04-17,usb c cable,55
4727,2024-04-17,coffee,51
4728,2024-04-17,sunscreen,27
4729,2024-04-17,instant noodles,26
4730,2024-04-17,laundry detergent,13
4731,2024-04-18,energy drinks,42
4732,2024-04-18,phone charger,36
4733,2024-04-18,protein snacks,37
4734,2024-04-18,paper towels,59
4735,2024-04-18,sparkling water,59
4736,2024-04-18,usb c cable,23
4737,2024-04-18,coffee,38
4738,2024-04-18,sunscreen,60
4739,2024-04-18,instant noodles,75
4740,2024-04-18,laundry detergent,31
4741,2024-04-19,energy drinks,24
4742,2024-04-19,phone charger,60
4743,2024-04-19,protein snacks,29
4744,2024-04-19,paper towels,64
4745,2024-04-19,sparkling water,53
4746,2024-04-19,usb c cable,75
4747,2024-04-19,coffee,46
4748,2024-04-19,sunscreen,38
4749,2024-04-19,instant noodles,38
4750,2024-04-19,laundry detergent,50
4751,2024-04-20,energy drinks,21
4752,2024-04-20,phone charger,54
4753,2024-04-20,protein snacks,60
4754,2024-04-20,paper towels,20
4755,2024-04-20,sparkling water,76
4756,2024-04-20,usb c cable,66
4757,2024-04-20,coffee,46
4758,2024-04-20,sunscreen,51
4759,2024-04-20,instant noodles,32
4760,2024-04-20,laundry detergent,71
4761,2024-04-21,energy drinks,54
4762,2024-04-21,phone charger,42
4763,2024-04-21,protein snacks,18
4764,2024-04-21,paper towels,44
4765,2024-04-21,sparkling water,44
4766,2024-04-21,usb c cable,56
4767,2024-04-21,coffee,73
4768,2024-04-21,sunscreen,62
4769,2024-04-21,instant noodles,34
4770,2024-04-21,laundry detergent,48
4771,2024-04-22,energy drinks,17
4772,2024-04-22,phone charger,63
4773,2024-04-22,protein snacks,20
4774,2024-04-22,paper towels,48
4775,2024-04-22,sparkling water,52
4776,2024-04-22,usb c cable,63
4777,2024-04-22,coffee,16
4778,2024-04-22,sunscreen,59
4779,2024-04-22,instant noodles,67
4780,2024-04-22,laundry detergent,53
4781,2024-04-23,energy drinks,38
4782,2024-04-23,phone charger,73
4783,2024-04-23,protein snacks,51
4784,2024-04-23,paper towels,10
4785,2024-04-23,sparkling water,58
4786,2024-04-23,usb c cable,69
4787,2024-04-23,coffee,56
4788,2024-04-23,sunscreen,25
4789,2024-04-23,instant noodles,57
4790,2024-04-23,laundry detergent,76
4791,2024-04-24,energy drinks,42
4792,2024-04-24,phone charger,52
4793,2024-04-24,protein snacks,12
4794,2024-04-24,paper towels,12
4795,2024-04-24,sparkling water,74
4796,2024-04-24,usb c cable,17
4797,2024-04-24,coffee,41
4798,2024-04-24,sunscreen,69
4799,2024-04-24,instant noodles,29
4800,2024-04-24,laundry detergent,71
4801,2024-04-25,energy drinks,28
4802,2024-04-25,phone charger,69
4803,2024-04-25,protein snacks,60
4804,2024-04-25,paper towels,14
4805,2024-04-25,sparkling water,67
4806,2024-04-25,usb c cable,60
4807,2024-04-25,coffee,66
4808,2024-04-25,sunscreen,60
4809,2024-04-25,instant noodles,29
4810,2024-04-25,laundry detergent,39
4811,2024-04-26,energy drinks,69
4812,2024-04-26,phone charger,25
4813,2024-04-26,protein snacks,53
4814,2024-04-26,paper towels,35
4815,2024-04-26,sparkling water,11
4816,2024-04-26,usb c cable,67
4817,2024-04-26,coffee,46
4818,2024-04-26,sunscreen,14
4819,2024-04-26,instant noodles,71
4820,2024-04-26,laundry detergent,37
4821,2024-04-27,energy drinks,63
4822,2024-04-27,phone charger,55
4823,2024-04-27,protein snacks,31
4824,2024-04-27,paper towels,22
4825,2024-04-27,sparkling water,53
4826,2024-04-27,usb c cable,75
4827,2024-04-27,coffee,28
4828,2024-04-27,sunscreen,77
4829,2024-04-27,instant noodles,75
4830,2024-04-27,laundry detergent,37
4831,2024-04-28,energy drinks,77
4832,2024-04-28,phone charger,50
4833,2024-04-28,protein snacks,21
4834,2024-04-28,paper towels,40
4835,2024-04-28,sparkling water,39
4836,2024-04-28,usb c cable,53
4837,2024-04-28,coffee,60
4838,2024-04-28,sunscreen,45
4839,2024-04-28,instant noodles,26
4840,2024-04-28,laundry detergent,68
4841,2024-04-29,energy drinks,63
4842,2024-04-29,phone charger,59
4843,2024-04-29,protein snacks,77
4844,2024-04-29,paper towels,67
4845,2024-04-29,sparkling water,66
4846,2024-04-29,usb c cable,25
4847,2024-04-29,coffee,45
4848,2024-04-29,sunscreen,10
4849,2024-04-29,instant noodles,66
4850,2024-04-29,laundry detergent,56
4851,2024-04-30,energy drinks,71
4852,2024-04-30,phone charger,52
4853,2024-04-30,protein snacks,73
4854,2024-04-30,paper towels,51
4855,2024-04-30,sparkling water,46
4856,2024-04-30,usb c cable,32
4857,2024-04-30,coffee,60
4858,2024-04-30,sunscreen,73
4859,2024-04-30,instant noodles,38
4860,2024-04-30,laundry detergent,77
4861,2024-05-01,energy drinks,62
4862,2024-05-01,phone charger,66
4863,2024-05-01,protein snacks,60
4864,2024-05-01,paper towels,44
4865,2024-05-01,sparkling water,46
4866,2024-05-01,usb c cable,29
4867,2024-05-01,coffee,56
4868,2024-05-01,sunscreen,71
4869,2024-05-01,instant noodles,41
4870,2024-05-01,laundry detergent,33
4871,2024-05-02,energy drinks,69
4872,2024-05-02,phone charger,32
4873,2024-05-02,protein snacks,48
4874,2024-05-02,paper towels,78
4875,2024-05-02,sparkling water,58
4876,2024-05-02,usb c cable,24
4877,2024-05-02,coffee,24
4878,2024-05-02,sunscreen,34
4879,2024-05-02,instant noodles,68
4880,2024-05-02,laundry detergent,42
4881,2024-05-03,energy drinks,22
4882,2024-05-03,phone charger,74
4883,2024-05-03,protein snacks,62
4884,2024-05-03,paper towels,23
4885,2024-05-03,sparkling water,18
4886,2024-05-03,usb c cable,74
4887,2024-05-03,coffee,73
4888,2024-05-03,sunscreen,62
4889,2024-05-03,instant noodles,40
4890,2024-05-03,laundry detergent,39
4891,2024-05-04,energy drinks,10
4892,2024-05-04,phone charger,52
4893,2024-05-04,protein snacks,19
4894,2024-05-04,paper towels,17
4895,2024-05-04,sparkling water,49
4896,2024-05-04,usb c cable,55
4897,2024-05-04,coffee,65
4898,2024-05-04,sunscreen,14
4899,2024-05-04,instant noodles,46
4900,2024-05-04,laundry detergent,35
4901,2024-05-05,energy drinks,58
4902,2024-05-05,phone charger,40
4903,2024-05-05,protein snacks,18
4904,2024-05-05,paper towels,18
4905,2024-05-05,sparkling water,50
4906,2024-05-05,usb c cable,52
4907,2024-05-05,coffee,49
4908,2024-05-05,sunscreen,73
4909,2024-05-05,instant noodles,67
4910,2024-05-05,laundry detergent,12
4911,2024-05-06,energy drinks,20
4912,2024-05-06,phone charger,19
4913,2024-05-06,protein snacks,57
4914,2024-05-06,paper towels,75
4915,2024-05-06,sparkling water,18
4916,2024-05-06,usb c cable,22
4917,2024-05-06,coffee,31
4918,2024-05-06,sunscreen,71
4919,2024-05-06,instant noodles,30
4920,2024-05-06,laundry detergent,77
4921,2024-05-07,energy drinks,54
4922,2024-05-07,phone charger,73
4923,2024-05-07,protein snacks,72
4924,2024-05-07,paper towels,10
4925,2024-05-07,sparkling water,79
4926,2024-05-07,usb c cable,18
4927,2024-05-07,coffee,55
4928,2024-05-07,sunscreen,20
4929,2024-05-07,instant noodles,23
4930,2024-05-07,laundry detergent,39
4931,2024-05-08,energy drinks,70
4932,2024-05-08,phone charger,21
4933,2024-05-08,protein snacks,64
4934,2024-05-08,paper towels,26
4935,2024-05-08,sparkling water,51
4936,2024-05-08,usb c cable,47
4937,2024-05-08,coffee,17
4938,2024-05-08,sunscreen,54
4939,2024-05-08,instant noodles,58
4940,2024-05-08,laundry detergent,21
4941,2024-05-09,energy drinks,33
4942,2024-05-09,phone charger,54
4943,2024-05-09,protein snacks,71
4944,2024-05-09,paper towels,36
4945,2024-05-09,sparkling water,10
4946,2024-05-09,usb c cable,73
4947,2024-05-09,coffee,20
4948,2024-05-09,sunscreen,54
4949,2024-05-09,instant noodles,21
4950,2024-05-09,laundry detergent,79
4951,2024-05-10,energy drinks,10
4952,2024-05-10,phone charger,18
4953,2024-05-10,protein snacks,30
4954,2024-05-10,paper towels,53
4955,2024-05-10,sparkling water,10
4956,2024-05-10,usb c cable,32
4957,2024-05-10,coffee,28
4958,2024-05-10,sunscreen,43
4959,2024-05-10,instant noodles,73
4960,2024-05-10,laundry detergent,17
4961,2024-05-11,energy drinks,52
4962,2024-05-11,phone charger,23
4963,2024-05-11,protein snacks,17
4964,2024-05-11,paper towels,76
4965,2024-05-11,sparkling water,11
4966,2024-05-11,usb c cable,14
4967,2024-05-11,coffee,42
4968,2024-05-11,sunscreen,57
4969,2024-05-11,instant noodles,24
4970,2024-05-11,laundry detergent,15
4971,2024-05-12,energy drinks,21
4972,2024-05-12,phone charger,79
4973,2024-05-12,protein snacks,70
4974,2024-05-12,paper towels,39
4975,2024-05-12,sparkling water,43
4976,2024-05-12,usb c cable,25
4977,2024-05-12,coffee,56
4978,2024-05-12,sunscreen,20
4979,2024-05-12,instant noodles,31
4980,2024-05-12,laundry detergent,11
4981,2024-05-13,energy drinks,10
4982,2024-05-13,phone charger,46
4983,2024-05-13,protein snacks,40
4984,2024-05-13,paper towels,14
4985,2024-05-13,sparkling water,75
4986,2024-05-13,usb c cable,69
4987,2024-05-13,coffee,60
4988,2024-05-13,sunscreen,31
4989,2024-05-13,instant noodles,65
4990,2024-05-13,laundry detergent,39
4991,2024-05-14,energy drinks,71
4992,2024-05-14,phone charger,55
4993,2024-05-14,protein snacks,44
4994,2024-05-14,paper towels,42
4995,2024-05-14,sparkling water,42
4996,2024-05-14,usb c cable,68
4997,2024-05-14,coffee,35
4998,2024-05-14,sunscreen,11
4999,2024-05-14,instant noodles,53
5000,2024-05-14,laundry detergent,29
5001,2024-05-15,energy drinks,14
5002,2024-05-15,phone charger,34
5003,2024-05-15,protein snacks,27
5004,2024-05-15,paper towels,65
5005,2024-05-15,sparkling water,12
5006,2024-05-15,usb c cable,59
5007,2024-05-15,coffee,28
5008,2024-05-15,sunscreen,39
5009,2024-05-15,instant noodles,73
5010,2024-05-15,laundry detergent,62
5011,2024-05-16,energy drinks,11
5012,2024-05-16,phone charger,55
5013,2024-05-16,protein snacks,16
5014,2024-05-16,paper towels,79
5015,2024-05-16,sparkling water,74
5016,2024-05-16,usb c cable,55
5017,2024-05-16,coffee,51
5018,2024-05-16,sunscreen,38
5019,2024-05-16,instant noodles,78
5020,2024-05-16,laundry detergent,10
5021,2024-05-17,energy drinks,40
5022,2024-05-17,phone charger,29
5023,2024-05-17,protein snacks,14
5024,2024-05-17,paper towels,51
5025,2024-05-17,sparkling water,64
5026,2024-05-17,usb c cable,41
5027,2024-05-17,coffee,58
5028,2024-05-17,sunscreen,48
5029,2024-05-17,instant noodles,14
5030,2024-05-17,laundry detergent,14
5031,2024-05-18,energy drinks,13
5032,2024-05-18,phone charger,50
5033,2024-05-18,protein snacks,61
5034,2024-05-18,paper towels,14
5035,2024-05-18,sparkling water,15
5036,2024-05-18,usb c cable,47
5037,2024-05-18,coffee,60
5038,2024-05-18,sunscreen,17
5039,2024-05-18,instant noodles,15
5040,2024-05-18,laundry detergent,54
5041,2024-05-19,energy drinks,38
5042,2024-05-19,phone charger,36
5043,2024-05-19,protein snacks,78
5044,2024-05-19,paper towels,15
5045,2024-05-19,sparkling water,35
5046,2024-05-19,usb c cable,57
5047,2024-05-19,coffee,49
5048,2024-05-19,sunscreen,13
5049,2024-05-19,instant noodles,71
5050,2024-05-19,laundry detergent,57
5051,2024-05-20,energy drinks,60
5052,2024-05-20,phone charger,23
5053,2024-05-20,protein snacks,58
5054,2024-05-20,paper towels,27
5055,2024-05-20,sparkling water,23
5056,2024-05-20,usb c cable,11
5057,2024-05-20,coffee,11
5058,2024-05-20,sunscreen,72
5059,2024-05-20,instant noodles,11
5060,2024-05-20,laundry detergent,10
5061,2024-05-21,energy drinks,30
5062,2024-05-21,phone charger,31
5063,2024-05-21,protein snacks,68
5064,2024-05-21,paper towels,28
5065,2024-05-21,sparkling water,31
5066,2024-05-21,usb c cable,78
5067,2024-05-21,coffee,31
5068,2024-05-21,sunscreen,22
5069,2024-05-21,instant noodles,12
5070,2024-05-21,laundry detergent,66
5071,2024-05-22,energy drinks,24
5072,2024-05-22,phone charger,30
5073,2024-05-22,protein snacks,46
5074,2024-05-22,paper towels,26
5075,2024-05-22,sparkling water,34
5076,2024-05-22,usb c cable,52
5077,2024-05-22,coffee,59
5078,2024-05-22,sunscreen,24
5079,2024-05-22,instant noodles,76
5080,2024-05-22,laundry detergent,39
5081,2024-05-23,energy drinks,66
5082,2024-05-23,phone charger,16
5083,2024-05-23,protein snacks,60
5084,2024-05-23,paper towels,27
5085,2024-05-23,sparkling water,63
5086,2024-05-23,usb c cable,57
5087,2024-05-23,coffee,34
5088,2024-05-23,sunscreen,75
5089,2024-05-23,instant noodles,27
5090,2024-05-23,laundry detergent,40
5091,2024-05-24,energy drinks,29
5092,2024-05-24,phone charger,67
5093,2024-05-24,protein snacks,40
5094,2024-05-24,paper towels,22
5095,2024-05-24,sparkling water,63
5096,2024-05-24,usb c cable,29
5097,2024-05-24,coffee,31
5098,2024-05-24,sunscreen,69
5099,2024-05-24,instant noodles,39
5100,2024-05-24,laundry detergent,12
5101,2024-05-25,energy drinks,12
5102,2024-05-25,phone charger,29
5103,2024-05-25,protein snacks,34
5104,2024-05-25,paper towels,46
5105,2024-05-25,sparkling water,26
5106,2024-05-25,usb c cable,57
5107,2024-05-25,coffee,36
5108,2024-05-25,sunscreen,34
5109,2024-05-25,instant noodles,41
5110,2024-05-25,laundry detergent,77
5111,2024-05-26,energy drinks,74
5112,2024-05-26,phone charger,73
5113,2024-05-26,protein snacks,34
5114,2024-05-26,paper towels,27
5115,2024-05-26,sparkling water,50
5116,2024-05-26,usb c cable,50
5117,2024-05-26,coffee,11
5118,2024-05-26,sunscreen,14
5119,2024-05-26,instant noodles,35
5120,2024-05-26,laundry detergent,39
5121,2024-05-27,energy drinks,34
5122,2024-05-27,phone charger,69
5123,2024-05-27,protein snacks,62
5124,2024-05-27,paper towels,39
5125,2024-05-27,sparkling water,60
5126,2024-05-27,usb c cable,75
5127,2024-05-27,coffee,68
5128,2024-05-27,sunscreen,57
5129,2024-05-27,instant noodles,53
5130,2024-05-27,laundry detergent,58
5131,2024-05-28,energy drinks,40
5132,2024-05-28,phone charger,15
5133,2024-05-28,protein snacks,38
5134,2024-05-28,paper towels,13
5135,2024-05-28,sparkling water,23
5136,2024-05-28,usb c cable,25
5137,2024-05-28,coffee,31
5138,2024-05-28,sunscreen,22
5139,2024-05-28,instant noodles,10
5140,2024-05-28,laundry detergent,62
5141,2024-05-29,energy drinks,32
5142,2024-05-29,phone charger,74
5143,2024-05-29,protein snacks,42
5144,2024-05-29,paper towels,53
5145,2024-05-29,sparkling water,30
5146,2024-05-29,usb c cable,33
5147,2024-05-29,coffee,36
5148,2024-05-29,sunscreen,29
5149,2024-05-29,instant noodles,61
5150,2024-05-29,laundry detergent,63
5151,2024-05-30,energy drinks,18
5152,2024-05-30,phone charger,72
5153,2024-05-30,protein snacks,38
5154,2024-05-30,paper towels,51
5155,2024-05-30,sparkling water,68
5156,2024-05-30,usb c cable,43
5157,2024-05-30,coffee,40
5158,2024-05-30,sunscreen,60
5159,2024-05-30,instant noodles,34
5160,2024-05-30,laundry detergent,32
5161,2024-05-31,energy drinks,11
5162,2024-05-31,phone charger,25
5163,2024-05-31,protein snacks,20
5164,2024-05-31,paper towels,24
5165,2024-05-31,sparkling water,37
5166,2024-05-31,usb c cable,20
5167,2024-05-31,coffee,49
5168,2024-05-31,sunscreen,61
5169,2024-05-31,instant noodles,32
5170,2024-05-31,laundry detergent,29
5171,2024-06-01,energy drinks,73
5172,2024-06-01,phone charger,16
5173,2024-06-01,protein snacks,37
5174,2024-06-01,paper towels,22
5175,2024-06-01,sparkling water,77
5176,2024-06-01,usb c cable,64
5177,2024-06-01,coffee,42
5178,2024-06-01,sunscreen,95
5179,2024-06-01,instant noodles,17
5180,2024-06-01,laundry detergent,57
5181,2024-06-02,energy drinks,94
5182,2024-06-02,phone charger,43
5183,2024-06-02,protein snacks,33
5184,2024-06-02,paper towels,25
5185,2024-06-02,sparkling water,130
5186,2024-06-02,usb c cable,67
5187,2024-06-02,coffee,74
5188,2024-06-02,sunscreen,30
5189,2024-06-02,instant noodles,34
5190,2024-06-02,laundry detergent,78
5191,2024-06-03,energy drinks,133
5192,2024-06-03,phone charger,70
5193,2024-06-03,protein snacks,17
5194,2024-06-03,paper towels,25
5195,2024-06-03,sparkling water,157
5196,2024-06-03,usb c cable,33
5197,2024-06-03,coffee,33
5198,2024-06-03,sunscreen,132
5199,2024-06-03,instant noodles,51
5200,2024-06-03,laundry detergent,52
5201,2024-06-04,energy drinks,93
5202,2024-06-04,phone charger,56
5203,2024-06-04,protein snacks,67
5204,2024-06-04,paper towels,52
5205,2024-06-04,sparkling water,33
5206,2024-06-04,usb c cable,16
5207,2024-06-04,coffee,21
5208,2024-06-04,sunscreen,103
5209,2024-06-04,instant noodles,59
5210,2024-06-04,laundry detergent,71
5211,2024-06-05,energy drinks,75
5212,2024-06-05,phone charger,18
5213,2024-06-05,protein snacks,72
5214,2024-06-05,paper towels,77
5215,2024-06-05,sparkling water,37
5216,2024-06-05,usb c cable,53
5217,2024-06-05,coffee,31
5218,2024-06-05,sunscreen,22
5219,2024-06-05,instant noodles,53
5220,2024-06-05,laundry detergent,24
5221,2024-06-06,energy drinks,76
5222,2024-06-06,phone charger,51
5223,2024-06-06,protein snacks,30
5224,2024-06-06,paper towels,29
5225,2024-06-06,sparkling water,94
5226,2024-06-06,usb c cable,43
5227,2024-06-06,coffee,18
5228,2024-06-06,sunscreen,81
5229,2024-06-06,instant noodles,13
5230,2024-06-06,laundry detergent,65
5231,2024-06-07,energy drinks,118
5232,2024-06-07,phone charger,60
5233,2024-06-07,protein snacks,77
5234,2024-06-07,paper towels,64
5235,2024-06-07,sparkling water,137
5236,2024-06-07,usb c cable,74
5237,2024-06-07,coffee,75
5238,2024-06-07,sunscreen,38
5239,2024-06-07,instant noodles,24
5240,2024-06-07,laundry detergent,58
5241,2024-06-08,energy drinks,101
5242,2024-06-08,phone charger,53
5243,2024-06-08,protein snacks,28
5244,2024-06-08,paper towels,54
5245,2024-06-08,sparkling water,31
5246,2024-06-08,usb c cable,51
5247,2024-06-08,coffee,43
5248,2024-06-08,sunscreen,132
5249,2024-06-08,instant noodles,43
5250,2024-06-08,laundry detergent,55
5251,2024-06-09,energy drinks,58
5252,2024-06-09,phone charger,20
5253,2024-06-09,protein snacks,36
5254,2024-06-09,paper towels,78
5255,2024-06-09,sparkling water,77
5256,2024-06-09,usb c cable,24
5257,2024-06-09,coffee,18
5258,2024-06-09,sunscreen,30
5259,2024-06-09,instant noodles,37
5260,2024-06-09,laundry detergent,44
5261,2024-06-10,energy drinks,136
5262,2024-06-10,phone charger,38
5263,2024-06-10,protein snacks,10
5264,2024-06-10,paper towels,51
5265,2024-06-10,sparkling water,43
5266,2024-06-10,usb c cable,66
5267,2024-06-10,coffee,48
5268,2024-06-10,sunscreen,18
5269,2024-06-10,instant noodles,47
5270,2024-06-10,laundry detergent,35
5271,2024-06-11,energy drinks,83
5272,2024-06-11,phone charger,42
5273,2024-06-11,protein snacks,29
5274,2024-06-11,paper towels,31
5275,2024-06-11,sparkling water,23
5276,2024-06-11,usb c cable,39
5277,2024-06-11,coffee,60
5278,2024-06-11,sunscreen,19
5279,2024-06-11,instant noodles,22
5280,2024-06-11,laundry detergent,34
5281,2024-06-12,energy drinks,69
5282,2024-06-12,phone charger,76
5283,2024-06-12,protein snacks,58
5284,2024-06-12,paper towels,22
5285,2024-06-12,sparkling water,103
5286,2024-06-12,usb c cable,74
5287,2024-06-12,coffee,59
5288,2024-06-12,sunscreen,60
5289,2024-06-12,instant noodles,51
5290,2024-06-12,laundry detergent,31
5291,2024-06-13,energy drinks,41
5292,2024-06-13,phone charger,20
5293,2024-06-13,protein snacks,43
5294,2024-06-13,paper towels,66
5295,2024-06-13,sparkling water,118
5296,2024-06-13,usb c cable,63
5297,2024-06-13,coffee,26
5298,2024-06-13,sunscreen,91
5299,2024-06-13,instant noodles,25
5300,2024-06-13,laundry detergent,61
5301,2024-06-14,energy drinks,64
5302,2024-06-14,phone charger,64
5303,2024-06-14,protein snacks,51
5304,2024-06-14,paper towels,57
5305,2024-06-14,sparkling water,81
5306,2024-06-14,usb c cable,76
5307,2024-06-14,coffee,77
5308,2024-06-14,sunscreen,48
5309,2024-06-14,instant noodles,14
5310,2024-06-14,laundry detergent,56
5311,2024-06-15,energy drinks,46
5312,2024-06-15,phone charger,32
5313,2024-06-15,protein snacks,64
5314,2024-06-15,paper towels,64
5315,2024-06-15,sparkling water,109
5316,2024-06-15,usb c cable,50
5317,2024-06-15,coffee,56
5318,2024-06-15,sunscreen,42
5319,2024-06-15,instant noodles,70
5320,2024-06-15,laundry detergent,41
5321,2024-06-16,energy drinks,89
5322,2024-06-16,phone charger,15
5323,2024-06-16,protein snacks,46
5324,2024-06-16,paper towels,15
5325,2024-06-16,sparkling water,43
5326,2024-06-16,usb c cable,44
5327,2024-06-16,coffee,65
5328,2024-06-16,sunscreen,47
5329,2024-06-16,instant noodles,35
5330,2024-06-16,laundry detergent,62
5331,2024-06-17,energy drinks,133
5332,2024-06-17,phone charger,67
5333,2024-06-17,protein snacks,69
5334,2024-06-17,paper towels,74
5335,2024-06-17,sparkling water,105
5336,2024-06-17,usb c cable,49
5337,2024-06-17,coffee,43
5338,2024-06-17,sunscreen,87
5339,2024-06-17,instant noodles,22
5340,2024-06-17,laundry detergent,16
5341,2024-06-18,energy drinks,19
5342,2024-06-18,phone charger,11
5343,2024-06-18,protein snacks,60
5344,2024-06-18,paper towels,55
5345,2024-06-18,sparkling water,63
5346,2024-06-18,usb c cable,19
5347,2024-06-18,coffee,47
5348,2024-06-18,sunscreen,73
5349,2024-06-18,instant noodles,61
5350,2024-06-18,laundry detergent,69
5351,2024-06-19,energy drinks,52
5352,2024-06-19,phone charger,75
5353,2024-06-19,protein snacks,65
5354,2024-06-19,paper towels,67
5355,2024-06-19,sparkling water,53
5356,2024-06-19,usb c cable,38
5357,2024-06-19,coffee,13
5358,2024-06-19,sunscreen,60
5359,2024-06-19,instant noodles,75
5360,2024-06-19,laundry detergent,36
5361,2024-06-20,energy drinks,108
5362,2024-06-20,phone charger,73
5363,2024-06-20,protein snacks,56
5364,2024-06-20,paper towels,10
5365,2024-06-20,sparkling water,21
5366,2024-06-20,usb c cable,47
5367,2024-06-20,coffee,29
5368,2024-06-20,sunscreen,122
5369,2024-06-20,instant noodles,59
5370,2024-06-20,laundry detergent,38
5371,2024-06-21,energy drinks,110
5372,2024-06-21,phone charger,51
5373,2024-06-21,protein snacks,69
5374,2024-06-21,paper towels,73
5375,2024-06-21,sparkling water,91
5376,2024-06-21,usb c cable,71
5377,2024-06-21,coffee,47
5378,2024-06-21,sunscreen,147
5379,2024-06-21,instant noodles,45
5380,2024-06-21,laundry detergent,38
5381,2024-06-22,energy drinks,33
5382,2024-06-22,phone charger,25
5383,2024-06-22,protein snacks,49
5384,2024-06-22,paper towels,23
5385,2024-06-22,sparkling water,51
5386,2024-06-22,usb c cable,44
5387,2024-06-22,coffee,57
5388,2024-06-22,sunscreen,109
5389,2024-06-22,instant noodles,52
5390,2024-06-22,laundry detergent,62
5391,2024-06-23,energy drinks,94
5392,2024-06-23,phone charger,33
5393,2024-06-23,protein snacks,18
5394,2024-06-23,paper towels,71
5395,2024-06-23,sparkling water,161
5396,2024-06-23,usb c cable,41
5397,2024-06-23,coffee,51
5398,2024-06-23,sunscreen,120
5399,2024-06-23,instant noodles,30
5400,2024-06-23,laundry detergent,75
5401,2024-06-24,energy drinks,58
5402,2024-06-24,phone charger,19
5403,2024-06-24,protein snacks,67
5404,2024-06-24,paper towels,61
5405,2024-06-24,sparkling water,62
5406,2024-06-24,usb c cable,47
5407,2024-06-24,coffee,23
5408,2024-06-24,sunscreen,107
5409,2024-06-24,instant noodles,28
5410,2024-06-24,laundry detergent,64
5411,2024-06-25,energy drinks,87
5412,2024-06-25,phone charger,56
5413,2024-06-25,protein snacks,66
5414,2024-06-25,paper towels,64
5415,2024-06-25,sparkling water,85
5416,2024-06-25,usb c cable,77
5417,2024-06-25,coffee,53
5418,2024-06-25,sunscreen,149
5419,2024-06-25,instant noodles,31
5420,2024-06-25,laundry detergent,33
5421,2024-06-26,energy drinks,97
5422,2024-06-26,phone charger,45
5423,2024-06-26,protein snacks,41
5424,2024-06-26,paper towels,13
5425,2024-06-26,sparkling water,70
5426,2024-06-26,usb c cable,47
5427,2024-06-26,coffee,31
5428,2024-06-26,sunscreen,91
5429,2024-06-26,instant noodles,37
5430,2024-06-26,laundry detergent,30
5431,2024-06-27,energy drinks,73
5432,2024-06-27,phone charger,42
5433,2024-06-27,protein snacks,26
5434,2024-06-27,paper towels,25
5435,2024-06-27,sparkling water,33
5436,2024-06-27,usb c cable,70
5437,2024-06-27,coffee,70
5438,2024-06-27,sunscreen,126
5439,2024-06-27,instant noodles,59
5440,2024-06-27,laundry detergent,23
5441,2024-06-28,energy drinks,121
5442,2024-06-28,phone charger,58
5443,2024-06-28,protein snacks,63
5444,2024-06-28,paper towels,79
5445,2024-06-28,sparkling water,130
5446,2024-06-28,usb c cable,78
5447,2024-06-28,coffee,53
5448,2024-06-28,sunscreen,119
5449,2024-06-28,instant noodles,17
5450,2024-06-28,laundry detergent,53
5451,2024-06-29,energy drinks,67
5452,2024-06-29,phone charger,42
5453,2024-06-29,protein snacks,52
5454,2024-06-29,paper towels,50
5455,2024-06-29,sparkling water,138
5456,2024-06-29,usb c cable,17
5457,2024-06-29,coffee,72
5458,2024-06-29,sunscreen,104
5459,2024-06-29,instant noodles,43
5460,2024-06-29,laundry detergent,35
5461,2024-06-30,energy drinks,122
5462,2024-06-30,phone charger,40
5463,2024-06-30,protein snacks,33
5464,2024-06-30,paper towels,31
5465,2024-06-30,sparkling water,26
5466,2024-06-30,usb c cable,57
5467,2024-06-30,coffee,17
5468,2024-06-30,sunscreen,122
5469,2024-06-30,instant noodles,40
5470,2024-06-30,laundry detergent,26
5471,2024-07-01,energy drinks,44
5472,2024-07-01,phone charger,57
5473,2024-07-01,protein snacks,26
5474,2024-07-01,paper towels,58
5475,2024-07-01,sparkling water,23
5476,2024-07-01,usb c cable,33
5477,2024-07-01,coffee,12
5478,2024-07-01,sunscreen,22
5479,2024-07-01,instant noodles,77
5480,2024-07-01,laundry detergent,28
5481,2024-07-02,energy drinks,77
5482,2024-07-02,phone charger,65
5483,2024-07-02,protein snacks,42
5484,2024-07-02,paper towels,71
5485,2024-07-02,sparkling water,148
5486,2024-07-02,usb c cable,71
5487,2024-07-02,coffee,19
5488,2024-07-02,sunscreen,135
5489,2024-07-02,instant noodles,74
5490,2024-07-02,laundry detergent,77
5491,2024-07-03,energy drinks,48
5492,2024-07-03,phone charger,49
5493,2024-07-03,protein snacks,36
5494,2024-07-03,paper towels,59
5495,2024-07-03,sparkling water,24
5496,2024-07-03,usb c cable,57
5497,2024-07-03,coffee,12
5498,2024-07-03,sunscreen,111
5499,2024-07-03,instant noodles,41
5500,2024-07-03,laundry detergent,17
5501,2024-07-04,energy drinks,83
5502,2024-07-04,phone charger,10
5503,2024-07-04,protein snacks,66
5504,2024-07-04,paper towels,25
5505,2024-07-04,sparkling water,17
5506,2024-07-04,usb c cable,24
5507,2024-07-04,coffee,21
5508,2024-07-04,sunscreen,49
5509,2024-07-04,instant noodles,65
5510,2024-07-04,laundry detergent,69
5511,2024-07-05,energy drinks,31
5512,2024-07-05,phone charger,26
5513,2024-07-05,protein snacks,67
5514,2024-07-05,paper towels,14
5515,2024-07-05,sparkling water,41
5516,2024-07-05,usb c cable,45
5517,2024-07-05,coffee,75
5518,2024-07-05,sunscreen,117
5519,2024-07-05,instant noodles,40
5520,2024-07-05,laundry detergent,44
5521,2024-07-06,energy drinks,70
5522,2024-07-06,phone charger,10
5523,2024-07-06,protein snacks,33
5524,2024-07-06,paper towels,46
5525,2024-07-06,sparkling water,64
5526,2024-07-06,usb c cable,53
5527,2024-07-06,coffee,65
5528,2024-07-06,sunscreen,17
5529,2024-07-06,instant noodles,54
5530,2024-07-06,laundry detergent,12
5531,2024-07-07,energy drinks,152
5532,2024-07-07,phone charger,75
5533,2024-07-07,protein snacks,38
5534,2024-07-07,paper towels,21
5535,2024-07-07,sparkling water,29
5536,2024-07-07,usb c cable,59
5537,2024-07-07,coffee,23
5538,2024-07-07,sunscreen,45
5539,2024-07-07,instant noodles,71
5540,2024-07-07,laundry detergent,18
5541,2024-07-08,energy drinks,28
5542,2024-07-08,phone charger,38
5543,2024-07-08,protein snacks,13
5544,2024-07-08,paper towels,21
5545,2024-07-08,sparkling water,40
5546,2024-07-08,usb c cable,10
5547,2024-07-08,coffee,57
5548,2024-07-08,sunscreen,77
5549,2024-07-08,instant noodles,34
5550,2024-07-08,laundry detergent,22
5551,2024-07-09,energy drinks,101
5552,2024-07-09,phone charger,33
5553,2024-07-09,protein snacks,45
5554,2024-07-09,paper towels,59
5555,2024-07-09,sparkling water,84
5556,2024-07-09,usb c cable,38
5557,2024-07-09,coffee,19
5558,2024-07-09,sunscreen,81
5559,2024-07-09,instant noodles,45
5560,2024-07-09,laundry detergent,29
5561,2024-07-10,energy drinks,88
5562,2024-07-10,phone charger,45
5563,2024-07-10,protein snacks,53
5564,2024-07-10,paper towels,68
5565,2024-07-10,sparkling water,98
5566,2024-07-10,usb c cable,47
5567,2024-07-10,coffee,20
5568,2024-07-10,sunscreen,159
5569,2024-07-10,instant noodles,76
5570,2024-07-10,laundry detergent,49
5571,2024-07-11,energy drinks,67
5572,2024-07-11,phone charger,66
5573,2024-07-11,protein snacks,75
5574,2024-07-11,paper towels,39
5575,2024-07-11,sparkling water,129
5576,2024-07-11,usb c cable,62
5577,2024-07-11,coffee,65
5578,2024-07-11,sunscreen,60
5579,2024-07-11,instant noodles,46
5580,2024-07-11,laundry detergent,53
5581,2024-07-12,energy drinks,75
5582,2024-07-12,phone charger,20
5583,2024-07-12,protein snacks,63
5584,2024-07-12,paper towels,64
5585,2024-07-12,sparkling water,105
5586,2024-07-12,usb c cable,57
5587,2024-07-12,coffee,57
5588,2024-07-12,sunscreen,117
5589,2024-07-12,instant noodles,34
5590,2024-07-12,laundry detergent,69
5591,2024-07-13,energy drinks,54
5592,2024-07-13,phone charger,25
5593,2024-07-13,protein snacks,36
5594,2024-07-13,paper towels,42
5595,2024-07-13,sparkling water,35
5596,2024-07-13,usb c cable,14
5597,2024-07-13,coffee,60
5598,2024-07-13,sunscreen,101
5599,2024-07-13,instant noodles,23
5600,2024-07-13,laundry detergent,41
5601,2024-07-14,energy drinks,54
5602,2024-07-14,phone charger,49
5603,2024-07-14,protein snacks,49
5604,2024-07-14,paper towels,30
5605,2024-07-14,sparkling water,69
5606,2024-07-14,usb c cable,22
5607,2024-07-14,coffee,58
5608,2024-07-14,sunscreen,99
5609,2024-07-14,instant noodles,35
5610,2024-07-14,laundry detergent,21
5611,2024-07-15,energy drinks,98
5612,2024-07-15,phone charger,69
5613,2024-07-15,protein snacks,43
5614,2024-07-15,paper towels,40
5615,2024-07-15,sparkling water,60
5616,2024-07-15,usb c cable,51
5617,2024-07-15,coffee,72
5618,2024-07-15,sunscreen,126
5619,2024-07-15,instant noodles,57
5620,2024-07-15,laundry detergent,77
5621,2024-07-16,energy drinks,88
5622,2024-07-16,phone charger,29
5623,2024-07-16,protein snacks,63
5624,2024-07-16,paper towels,12
5625,2024-07-16,sparkling water,47
5626,2024-07-16,usb c cable,68
5627,2024-07-16,coffee,76
5628,2024-07-16,sunscreen,20
5629,2024-07-16,instant noodles,58
5630,2024-07-16,laundry detergent,30
5631,2024-07-17,energy drinks,129
5632,2024-07-17,phone charger,67
5633,2024-07-17,protein snacks,25
5634,2024-07-17,paper towels,38
5635,2024-07-17,sparkling water,54
5636,2024-07-17,usb c cable,74
5637,2024-07-17,coffee,24
5638,2024-07-17,sunscreen,131
5639,2024-07-17,instant noodles,42
5640,2024-07-17,laundry detergent,30
5641,2024-07-18,energy drinks,42
5642,2024-07-18,phone charger,20
5643,2024-07-18,protein snacks,22
5644,2024-07-18,paper towels,21
5645,2024-07-18,sparkling water,85
5646,2024-07-18,usb c cable,60
5647,2024-07-18,coffee,24
5648,2024-07-18,sunscreen,23
5649,2024-07-18,instant noodles,69
5650,2024-07-18,laundry detergent,11
5651,2024-07-19,energy drinks,51
5652,2024-07-19,phone charger,17
5653,2024-07-19,protein snacks,26
5654,2024-07-19,paper towels,13
5655,2024-07-19,sparkling water,41
5656,2024-07-19,usb c cable,41
5657,2024-07-19,coffee,75
5658,2024-07-19,sunscreen,54
5659,2024-07-19,instant noodles,17
5660,2024-07-19,laundry detergent,33
5661,2024-07-20,energy drinks,90
5662,2024-07-20,phone charger,25
5663,2024-07-20,protein snacks,77
5664,2024-07-20,paper towels,53
5665,2024-07-20,sparkling water,109
5666,2024-07-20,usb c cable,73
5667,2024-07-20,coffee,13
5668,2024-07-20,sunscreen,141
5669,2024-07-20,instant noodles,77
5670,2024-07-20,laundry detergent,73
5671,2024-07-21,energy drinks,47
5672,2024-07-21,phone charger,67
5673,2024-07-21,protein snacks,52
5674,2024-07-21,paper towels,75
5675,2024-07-21,sparkling water,172
5676,2024-07-21,usb c cable,57
5677,2024-07-21,coffee,23
5678,2024-07-21,sunscreen,95
5679,2024-07-21,instant noodles,66
5680,2024-07-21,laundry detergent,54
5681,2024-07-22,energy drinks,22
5682,2024-07-22,phone charger,70
5683,2024-07-22,protein snacks,18
5684,2024-07-22,paper towels,60
5685,2024-07-22,sparkling water,70
5686,2024-07-22,usb c cable,16
5687,2024-07-22,coffee,44
5688,2024-07-22,sunscreen,68
5689,2024-07-22,instant noodles,42
5690,2024-07-22,laundry detergent,27
5691,2024-07-23,energy drinks,106
5692,2024-07-23,phone charger,37
5693,2024-07-23,protein snacks,60
5694,2024-07-23,paper towels,25
5695,2024-07-23,sparkling water,124
5696,2024-07-23,usb c cable,71
5697,2024-07-23,coffee,28
5698,2024-07-23,sunscreen,147
5699,2024-07-23,instant noodles,23
5700,2024-07-23,laundry detergent,78
5701,2024-07-24,energy drinks,72
5702,2024-07-24,phone charger,45
5703,2024-07-24,protein snacks,32
5704,2024-07-24,paper towels,50
5705,2024-07-24,sparkling water,137
5706,2024-07-24,usb c cable,67
5707,2024-07-24,coffee,46
5708,2024-07-24,sunscreen,30
5709,2024-07-24,instant noodles,31
5710,2024-07-24,laundry detergent,37
5711,2024-07-25,energy drinks,74
5712,2024-07-25,phone charger,55
5713,2024-07-25,protein snacks,12
5714,2024-07-25,paper towels,53
5715,2024-07-25,sparkling water,32
5716,2024-07-25,usb c cable,64
5717,2024-07-25,coffee,15
5718,2024-07-25,sunscreen,80
5719,2024-07-25,instant noodles,47
5720,2024-07-25,laundry detergent,72
5721,2024-07-26,energy drinks,60
5722,2024-07-26,phone charger,50
5723,2024-07-26,protein snacks,17
5724,2024-07-26,paper towels,31
5725,2024-07-26,sparkling water,100
5726,2024-07-26,usb c cable,44
5727,2024-07-26,coffee,42
5728,2024-07-26,sunscreen,136
5729,2024-07-26,instant noodles,73
5730,2024-07-26,laundry detergent,24
5731,2024-07-27,energy drinks,153
5732,2024-07-27,phone charger,68
5733,2024-07-27,protein snacks,38
5734,2024-07-27,paper towels,32
5735,2024-07-27,sparkling water,99
5736,2024-07-27,usb c cable,66
5737,2024-07-27,coffee,14
5738,2024-07-27,sunscreen,90
5739,2024-07-27,instant noodles,77
5740,2024-07-27,laundry detergent,46
5741,2024-07-28,energy drinks,118
5742,2024-07-28,phone charger,77
5743,2024-07-28,protein snacks,58
5744,2024-07-28,paper towels,44
5745,2024-07-28,sparkling water,103
5746,2024-07-28,usb c cable,17
5747,2024-07-28,coffee,53
5748,2024-07-28,sunscreen,47
5749,2024-07-28,instant noodles,19
5750,2024-07-28,laundry detergent,21
5751,2024-07-29,energy drinks,105
5752,2024-07-29,phone charger,27
5753,2024-07-29,protein snacks,57
5754,2024-07-29,paper towels,27
5755,2024-07-29,sparkling water,64
5756,2024-07-29,usb c cable,79
5757,2024-07-29,coffee,55
5758,2024-07-29,sunscreen,73
5759,2024-07-29,instant noodles,62
5760,2024-07-29,laundry detergent,51
5761,2024-07-30,energy drinks,117
5762,2024-07-30,phone charger,24
5763,2024-07-30,protein snacks,27
5764,2024-07-30,paper towels,54
5765,2024-07-30,sparkling water,74
5766,2024-07-30,usb c cable,42
5767,2024-07-30,coffee,35
5768,2024-07-30,sunscreen,36
5769,2024-07-30,instant noodles,33
5770,2024-07-30,laundry detergent,20
5771,2024-07-31,energy drinks,163
5772,2024-07-31,phone charger,10
5773,2024-07-31,protein snacks,36
5774,2024-07-31,paper towels,33
5775,2024-07-31,sparkling water,141
5776,2024-07-31,usb c cable,59
5777,2024-07-31,coffee,10
5778,2024-07-31,sunscreen,118
5779,2024-07-31,instant noodles,23
5780,2024-07-31,laundry detergent,31
5781,2024-08-01,energy drinks,140
5782,2024-08-01,phone charger,15
5783,2024-08-01,protein snacks,22
5784,2024-08-01,paper towels,21
5785,2024-08-01,sparkling water,127
5786,2024-08-01,usb c cable,62
5787,2024-08-01,coffee,48
5788,2024-08-01,sunscreen,21
5789,2024-08-01,instant noodles,73
5790,2024-08-01,laundry detergent,37
5791,2024-08-02,energy drinks,55
5792,2024-08-02,phone charger,47
5793,2024-08-02,protein snacks,33
5794,2024-08-02,paper towels,77
5795,2024-08-02,sparkling water,100
5796,2024-08-02,usb c cable,15
5797,2024-08-02,coffee,73
5798,2024-08-02,sunscreen,21
5799,2024-08-02,instant noodles,41
5800,2024-08-02,laundry detergent,46
5801,2024-08-03,energy drinks,97
5802,2024-08-03,phone charger,70
5803,2024-08-03,protein snacks,68
5804,2024-08-03,paper towels,71
5805,2024-08-03,sparkling water,104
5806,2024-08-03,usb c cable,31
5807,2024-08-03,coffee,48
5808,2024-08-03,sunscreen,78
5809,2024-08-03,instant noodles,66
5810,2024-08-03,laundry detergent,40
5811,2024-08-04,energy drinks,161
5812,2024-08-04,phone charger,21
5813,2024-08-04,protein snacks,16
5814,2024-08-04,paper towels,71
5815,2024-08-04,sparkling water,48
5816,2024-08-04,usb c cable,76
5817,2024-08-04,coffee,24
5818,2024-08-04,sunscreen,24
5819,2024-08-04,instant noodles,30
5820,2024-08-04,laundry detergent,35
5821,2024-08-05,energy drinks,138
5822,2024-08-05,phone charger,38
5823,2024-08-05,protein snacks,43
5824,2024-08-05,paper towels,67
5825,2024-08-05,sparkling water,87
5826,2024-08-05,usb c cable,45
5827,2024-08-05,coffee,44
5828,2024-08-05,sunscreen,62
5829,2024-08-05,instant noodles,60
5830,2024-08-05,laundry detergent,31
5831,2024-08-06,energy drinks,97
5832,2024-08-06,phone charger,18
5833,2024-08-06,protein snacks,47
5834,2024-08-06,paper towels,38
5835,2024-08-06,sparkling water,77
5836,2024-08-06,usb c cable,55
5837,2024-08-06,coffee,77
5838,2024-08-06,sunscreen,96
5839,2024-08-06,instant noodles,43
5840,2024-08-06,laundry detergent,26
5841,2024-08-07,energy drinks,133
5842,2024-08-07,phone charger,32
5843,2024-08-07,protein snacks,77
5844,2024-08-07,paper towels,65
5845,2024-08-07,sparkling water,158
5846,2024-08-07,usb c cable,36
5847,2024-08-07,coffee,10
5848,2024-08-07,sunscreen,51
5849,2024-08-07,instant noodles,28
5850,2024-08-07,laundry detergent,45
5851,2024-08-08,energy drinks,70
5852,2024-08-08,phone charger,78
5853,2024-08-08,protein snacks,46
5854,2024-08-08,paper towels,57
5855,2024-08-08,sparkling water,99
5856,2024-08-08,usb c cable,29
5857,2024-08-08,coffee,79
5858,2024-08-08,sunscreen,68
5859,2024-08-08,instant noodles,42
5860,2024-08-08,laundry detergent,29
5861,2024-08-09,energy drinks,133
5862,2024-08-09,phone charger,51
5863,2024-08-09,protein snacks,73
5864,2024-08-09,paper towels,16
5865,2024-08-09,sparkling water,142
5866,2024-08-09,usb c cable,19
5867,2024-08-09,coffee,74
5868,2024-08-09,sunscreen,53
5869,2024-08-09,instant noodles,19
5870,2024-08-09,laundry detergent,23
5871,2024-08-10,energy drinks,97
5872,2024-08-10,phone charger,21
5873,2024-08-10,protein snacks,18
5874,2024-08-10,paper towels,22
5875,2024-08-10,sparkling water,84
5876,2024-08-10,usb c cable,43
5877,2024-08-10,coffee,36
5878,2024-08-10,sunscreen,48
5879,2024-08-10,instant noodles,32
5880,2024-08-10,laundry detergent,76
5881,2024-08-11,energy drinks,70
5882,2024-08-11,phone charger,43
5883,2024-08-11,protein snacks,53
5884,2024-08-11,paper towels,32
5885,2024-08-11,sparkling water,99
5886,2024-08-11,usb c cable,11
5887,2024-08-11,coffee,10
5888,2024-08-11,sunscreen,41
5889,2024-08-11,instant noodles,64
5890,2024-08-11,laundry detergent,23
5891,2024-08-12,energy drinks,99
5892,2024-08-12,phone charger,23
5893,2024-08-12,protein snacks,21
5894,2024-08-12,paper towels,43
5895,2024-08-12,sparkling water,21
5896,2024-08-12,usb c cable,33
5897,2024-08-12,coffee,18
5898,2024-08-12,sunscreen,51
5899,2024-08-12,instant noodles,37
5900,2024-08-12,laundry detergent,68
5901,2024-08-13,energy drinks,105
5902,2024-08-13,phone charger,72
5903,2024-08-13,protein snacks,73
5904,2024-08-13,paper towels,54
5905,2024-08-13,sparkling water,93
5906,2024-08-13,usb c cable,26
5907,2024-08-13,coffee,13
5908,2024-08-13,sunscreen,56
5909,2024-08-13,instant noodles,39
5910,2024-08-13,laundry detergent,29
5911,2024-08-14,energy drinks,128
5912,2024-08-14,phone charger,29
5913,2024-08-14,protein snacks,20
5914,2024-08-14,paper towels,73
5915,2024-08-14,sparkling water,57
5916,2024-08-14,usb c cable,56
5917,2024-08-14,coffee,61
5918,2024-08-14,sunscreen,100
5919,2024-08-14,instant noodles,17
5920,2024-08-14,laundry detergent,19
5921,2024-08-15,energy drinks,139
5922,2024-08-15,phone charger,11
5923,2024-08-15,protein snacks,47
5924,2024-08-15,paper towels,52
5925,2024-08-15,sparkling water,108
5926,2024-08-15,usb c cable,53
5927,2024-08-15,coffee,16
5928,2024-08-15,sunscreen,81
5929,2024-08-15,instant noodles,22
5930,2024-08-15,laundry detergent,59
5931,2024-08-16,energy drinks,74
5932,2024-08-16,phone charger,23
5933,2024-08-16,protein snacks,73
5934,2024-08-16,paper towels,73
5935,2024-08-16,sparkling water,129
5936,2024-08-16,usb c cable,62
5937,2024-08-16,coffee,56
5938,2024-08-16,sunscreen,18
5939,2024-08-16,instant noodles,74
5940,2024-08-16,laundry detergent,25
5941,2024-08-17,energy drinks,41
5942,2024-08-17,phone charger,68
5943,2024-08-17,protein snacks,73
5944,2024-08-17,paper towels,53
5945,2024-08-17,sparkling water,65
5946,2024-08-17,usb c cable,61
5947,2024-08-17,coffee,19
5948,2024-08-17,sunscreen,58
5949,2024-08-17,instant noodles,31
5950,2024-08-17,laundry detergent,20
5951,2024-08-18,energy drinks,148
5952,2024-08-18,phone charger,67
5953,2024-08-18,protein snacks,54
5954,2024-08-18,paper towels,54
5955,2024-08-18,sparkling water,83
5956,2024-08-18,usb c cable,48
5957,2024-08-18,coffee,17
5958,2024-08-18,sunscreen,81
5959,2024-08-18,instant noodles,29
5960,2024-08-18,laundry detergent,75
5961,2024-08-19,energy drinks,116
5962,2024-08-19,phone charger,74
5963,2024-08-19,protein snacks,54
5964,2024-08-19,paper towels,43
5965,2024-08-19,sparkling water,38
5966,2024-08-19,usb c cable,77
5967,2024-08-19,coffee,62
5968,2024-08-19,sunscreen,118
5969,2024-08-19,instant noodles,62
5970,2024-08-19,laundry detergent,45
5971,2024-08-20,energy drinks,161
5972,2024-08-20,phone charger,43
5973,2024-08-20,protein snacks,35
5974,2024-08-20,paper towels,64
5975,2024-08-20,sparkling water,113
5976,2024-08-20,usb c cable,55
5977,2024-08-20,coffee,46
5978,2024-08-20,sunscreen,70
5979,2024-08-20,instant noodles,25
5980,2024-08-20,laundry detergent,41
5981,2024-08-21,energy drinks,27
5982,2024-08-21,phone charger,14
5983,2024-08-21,protein snacks,72
5984,2024-08-21,paper towels,21
5985,2024-08-21,sparkling water,39
5986,2024-08-21,usb c cable,31
5987,2024-08-21,coffee,55
5988,2024-08-21,sunscreen,27
5989,2024-08-21,instant noodles,56
5990,2024-08-21,laundry detergent,44
5991,2024-08-22,energy drinks,62
5992,2024-08-22,phone charger,57
5993,2024-08-22,protein snacks,63
5994,2024-08-22,paper towels,11
5995,2024-08-22,sparkling water,65
5996,2024-08-22,usb c cable,59
5997,2024-08-22,coffee,29
5998,2024-08-22,sunscreen,153
5999,2024-08-22,instant noodles,44
6000,2024-08-22,laundry detergent,38
6001,2024-08-23,energy drinks,88
6002,2024-08-23,phone charger,12
6003,2024-08-23,protein snacks,78
6004,2024-08-23,paper towels,43
6005,2024-08-23,sparkling water,22
6006,2024-08-23,usb c cable,28
6007,2024-08-23,coffee,30
6008,2024-08-23,sunscreen,46
6009,2024-08-23,instant noodles,46
6010,2024-08-23,laundry detergent,63
6011,2024-08-24,energy drinks,54
6012,2024-08-24,phone charger,79
6013,2024-08-24,protein snacks,18
6014,2024-08-24,paper towels,11
6015,2024-08-24,sparkling water,91
6016,2024-08-24,usb c cable,46
6017,2024-08-24,coffee,15
6018,2024-08-24,sunscreen,33
6019,2024-08-24,instant noodles,42
6020,2024-08-24,laundry detergent,27
6021,2024-08-25,energy drinks,92
6022,2024-08-25,phone charger,24
6023,2024-08-25,protein snacks,10
6024,2024-08-25,paper towels,55
6025,2024-08-25,sparkling water,61
6026,2024-08-25,usb c cable,19
6027,2024-08-25,coffee,26
6028,2024-08-25,sunscreen,48
6029,2024-08-25,instant noodles,31
6030,2024-08-25,laundry detergent,29
6031,2024-08-26,energy drinks,115
6032,2024-08-26,phone charger,63
6033,2024-08-26,protein snacks,74
6034,2024-08-26,paper towels,60
6035,2024-08-26,sparkling water,32
6036,2024-08-26,usb c cable,35
6037,2024-08-26,coffee,26
6038,2024-08-26,sunscreen,113
6039,2024-08-26,instant noodles,70
6040,2024-08-26,laundry detergent,38
6041,2024-08-27,energy drinks,139
6042,2024-08-27,phone charger,25
6043,2024-08-27,protein snacks,65
6044,2024-08-27,paper towels,51
6045,2024-08-27,sparkling water,56
6046,2024-08-27,usb c cable,20
6047,2024-08-27,coffee,11
6048,2024-08-27,sunscreen,74
6049,2024-08-27,instant noodles,78
6050,2024-08-27,laundry detergent,60
6051,2024-08-28,energy drinks,40
6052,2024-08-28,phone charger,65
6053,2024-08-28,protein snacks,43
6054,2024-08-28,paper towels,10
6055,2024-08-28,sparkling water,103
6056,2024-08-28,usb c cable,25
6057,2024-08-28,coffee,57
6058,2024-08-28,sunscreen,102
6059,2024-08-28,instant noodles,50
6060,2024-08-28,laundry detergent,53
6061,2024-08-29,energy drinks,50
6062,2024-08-29,phone charger,59
6063,2024-08-29,protein snacks,61
6064,2024-08-29,paper towels,61
6065,2024-08-29,sparkling water,69
6066,2024-08-29,usb c cable,11
6067,2024-08-29,coffee,10
6068,2024-08-29,sunscreen,124
6069,2024-08-29,instant noodles,56
6070,2024-08-29,laundry detergent,73
6071,2024-08-30,energy drinks,60
6072,2024-08-30,phone charger,63
6073,2024-08-30,protein snacks,44
6074,2024-08-30,paper towels,68
6075,2024-08-30,sparkling water,94
6076,2024-08-30,usb c cable,54
6077,2024-08-30,coffee,78
6078,2024-08-30,sunscreen,59
6079,2024-08-30,instant noodles,32
6080,2024-08-30,laundry detergent,30
6081,2024-08-31,energy drinks,148
6082,2024-08-31,phone charger,45
6083,2024-08-31,protein snacks,46
6084,2024-08-31,paper towels,10
6085,2024-08-31,sparkling water,65
6086,2024-08-31,usb c cable,62
6087,2024-08-31,coffee,71
6088,2024-08-31,sunscreen,120
6089,2024-08-31,instant noodles,45
6090,2024-08-31,laundry detergent,13
6091,2024-09-01,energy drinks,30
6092,2024-09-01,phone charger,26
6093,2024-09-01,protein snacks,25
6094,2024-09-01,paper towels,50
6095,2024-09-01,sparkling water,64
6096,2024-09-01,usb c cable,66
6097,2024-09-01,coffee,75
6098,2024-09-01,sunscreen,47
6099,2024-09-01,instant noodles,65
6100,2024-09-01,laundry detergent,46
6101,2024-09-02,energy drinks,59
6102,2024-09-02,phone charger,64
6103,2024-09-02,protein snacks,10
6104,2024-09-02,paper towels,74
6105,2024-09-02,sparkling water,74
6106,2024-09-02,usb c cable,53
6107,2024-09-02,coffee,21
6108,2024-09-02,sunscreen,62
6109,2024-09-02,instant noodles,70
6110,2024-09-02,laundry detergent,22
6111,2024-09-03,energy drinks,51
6112,2024-09-03,phone charger,55
6113,2024-09-03,protein snacks,51
6114,2024-09-03,paper towels,25
6115,2024-09-03,sparkling water,53
6116,2024-09-03,usb c cable,79
6117,2024-09-03,coffee,25
6118,2024-09-03,sunscreen,31
6119,2024-09-03,instant noodles,44
6120,2024-09-03,laundry detergent,58
6121,2024-09-04,energy drinks,73
6122,2024-09-04,phone charger,40
6123,2024-09-04,protein snacks,10
6124,2024-09-04,paper towels,34
6125,2024-09-04,sparkling water,29
6126,2024-09-04,usb c cable,17
6127,2024-09-04,coffee,73
6128,2024-09-04,sunscreen,25
6129,2024-09-04,instant noodles,64
6130,2024-09-04,laundry detergent,35
6131,2024-09-05,energy drinks,74
6132,2024-09-05,phone charger,37
6133,2024-09-05,protein snacks,55
6134,2024-09-05,paper towels,63
6135,2024-09-05,sparkling water,63
6136,2024-09-05,usb c cable,58
6137,2024-09-05,coffee,55
6138,2024-09-05,sunscreen,10
6139,2024-09-05,instant noodles,53
6140,2024-09-05,laundry detergent,13
6141,2024-09-06,energy drinks,40
6142,2024-09-06,phone charger,24
6143,2024-09-06,protein snacks,10
6144,2024-09-06,paper towels,15
6145,2024-09-06,sparkling water,36
6146,2024-09-06,usb c cable,35
6147,2024-09-06,coffee,75
6148,2024-09-06,sunscreen,22
6149,2024-09-06,instant noodles,43
6150,2024-09-06,laundry detergent,42
6151,2024-09-07,energy drinks,49
6152,2024-09-07,phone charger,52
6153,2024-09-07,protein snacks,16
6154,2024-09-07,paper towels,48
6155,2024-09-07,sparkling water,75
6156,2024-09-07,usb c cable,45
6157,2024-09-07,coffee,73
6158,2024-09-07,sunscreen,13
6159,2024-09-07,instant noodles,31
6160,2024-09-07,laundry detergent,13
6161,2024-09-08,energy drinks,73
6162,2024-09-08,phone charger,31
6163,2024-09-08,protein snacks,71
6164,2024-09-08,paper towels,49
6165,2024-09-08,sparkling water,29
6166,2024-09-08,usb c cable,18
6167,2024-09-08,coffee,74
6168,2024-09-08,sunscreen,32
6169,2024-09-08,instant noodles,44
6170,2024-09-08,laundry detergent,68
6171,2024-09-09,energy drinks,23
6172,2024-09-09,phone charger,53
6173,2024-09-09,protein snacks,31
6174,2024-09-09,paper towels,37
6175,2024-09-09,sparkling water,68
6176,2024-09-09,usb c cable,56
6177,2024-09-09,coffee,77
6178,2024-09-09,sunscreen,79
6179,2024-09-09,instant noodles,26
6180,2024-09-09,laundry detergent,40
6181,2024-09-10,energy drinks,23
6182,2024-09-10,phone charger,58
6183,2024-09-10,protein snacks,76
6184,2024-09-10,paper towels,30
6185,2024-09-10,sparkling water,22
6186,2024-09-10,usb c cable,59
6187,2024-09-10,coffee,77
6188,2024-09-10,sunscreen,21
6189,2024-09-10,instant noodles,57
6190,2024-09-10,laundry detergent,73
6191,2024-09-11,energy drinks,24
6192,2024-09-11,phone charger,25
6193,2024-09-11,protein snacks,59
6194,2024-09-11,paper towels,50
6195,2024-09-11,sparkling water,13
6196,2024-09-11,usb c cable,29
6197,2024-09-11,coffee,17
6198,2024-09-11,sunscreen,77
6199,2024-09-11,instant noodles,56
6200,2024-09-11,laundry detergent,42
6201,2024-09-12,energy drinks,14
6202,2024-09-12,phone charger,77
6203,2024-09-12,protein snacks,50
6204,2024-09-12,paper towels,70
6205,2024-09-12,sparkling water,33
6206,2024-09-12,usb c cable,36
6207,2024-09-12,coffee,38
6208,2024-09-12,sunscreen,76
6209,2024-09-12,instant noodles,46
6210,2024-09-12,laundry detergent,62
6211,2024-09-13,energy drinks,11
6212,2024-09-13,phone charger,46
6213,2024-09-13,protein snacks,74
6214,2024-09-13,paper towels,57
6215,2024-09-13,sparkling water,58
6216,2024-09-13,usb c cable,56
6217,2024-09-13,coffee,13
6218,2024-09-13,sunscreen,12
6219,2024-09-13,instant noodles,45
6220,2024-09-13,laundry detergent,15
6221,2024-09-14,energy drinks,43
6222,2024-09-14,phone charger,61
6223,2024-09-14,protein snacks,40
6224,2024-09-14,paper towels,43
6225,2024-09-14,sparkling water,51
6226,2024-09-14,usb c cable,57
6227,2024-09-14,coffee,65
6228,2024-09-14,sunscreen,27
6229,2024-09-14,instant noodles,23
6230,2024-09-14,laundry detergent,78
6231,2024-09-15,energy drinks,67
6232,2024-09-15,phone charger,79
6233,2024-09-15,protein snacks,65
6234,2024-09-15,paper towels,62
6235,2024-09-15,sparkling water,78
6236,2024-09-15,usb c cable,69
6237,2024-09-15,coffee,41
6238,2024-09-15,sunscreen,56
6239,2024-09-15,instant noodles,31
6240,2024-09-15,laundry detergent,13
6241,2024-09-16,energy drinks,34
6242,2024-09-16,phone charger,70
6243,2024-09-16,protein snacks,21
6244,2024-09-16,paper towels,40
6245,2024-09-16,sparkling water,10
6246,2024-09-16,usb c cable,70
6247,2024-09-16,coffee,15
6248,2024-09-16,sunscreen,31
6249,2024-09-16,instant noodles,21
6250,2024-09-16,laundry detergent,32
6251,2024-09-17,energy drinks,44
6252,2024-09-17,phone charger,23
6253,2024-09-17,protein snacks,39
6254,2024-09-17,paper towels,31
6255,2024-09-17,sparkling water,25
6256,2024-09-17,usb c cable,24
6257,2024-09-17,coffee,11
6258,2024-09-17,sunscreen,31
6259,2024-09-17,instant noodles,72
6260,2024-09-17,laundry detergent,24
6261,2024-09-18,energy drinks,28
6262,2024-09-18,phone charger,30
6263,2024-09-18,protein snacks,36
6264,2024-09-18,paper towels,28
6265,2024-09-18,sparkling water,35
6266,2024-09-18,usb c cable,58
6267,2024-09-18,coffee,67
6268,2024-09-18,sunscreen,76
6269,2024-09-18,instant noodles,34
6270,2024-09-18,laundry detergent,31
6271,2024-09-19,energy drinks,23
6272,2024-09-19,phone charger,18
6273,2024-09-19,protein snacks,31
6274,2024-09-19,paper towels,24
6275,2024-09-19,sparkling water,49
6276,2024-09-19,usb c cable,74
6277,2024-09-19,coffee,62
6278,2024-09-19,sunscreen,40
6279,2024-09-19,instant noodles,19
6280,2024-09-19,laundry detergent,43
6281,2024-09-20,energy drinks,46
6282,2024-09-20,phone charger,22
6283,2024-09-20,protein snacks,47
6284,2024-09-20,paper towels,54
6285,2024-09-20,sparkling water,19
6286,2024-09-20,usb c cable,31
6287,2024-09-20,coffee,70
6288,2024-09-20,sunscreen,47
6289,2024-09-20,instant noodles,67
6290,2024-09-20,laundry detergent,35
6291,2024-09-21,energy drinks,58
6292,2024-09-21,phone charger,71
6293,2024-09-21,protein snacks,18
6294,2024-09-21,paper towels,69
6295,2024-09-21,sparkling water,39
6296,2024-09-21,usb c cable,30
6297,2024-09-21,coffee,59
6298,2024-09-21,sunscreen,38
6299,2024-09-21,instant noodles,49
6300,2024-09-21,laundry detergent,26
6301,2024-09-22,energy drinks,77
6302,2024-09-22,phone charger,73
6303,2024-09-22,protein snacks,32
6304,2024-09-22,paper towels,16
6305,2024-09-22,sparkling water,43
6306,2024-09-22,usb c cable,33
6307,2024-09-22,coffee,16
6308,2024-09-22,sunscreen,17
6309,2024-09-22,instant noodles,12
6310,2024-09-22,laundry detergent,13
6311,2024-09-23,energy drinks,72
6312,2024-09-23,phone charger,75
6313,2024-09-23,protein snacks,78
6314,2024-09-23,paper towels,19
6315,2024-09-23,sparkling water,72
6316,2024-09-23,usb c cable,46
6317,2024-09-23,coffee,12
6318,2024-09-23,sunscreen,38
6319,2024-09-23,instant noodles,71
6320,2024-09-23,laundry detergent,42
6321,2024-09-24,energy drinks,69
6322,2024-09-24,phone charger,51
6323,2024-09-24,protein snacks,71
6324,2024-09-24,paper towels,15
6325,2024-09-24,sparkling water,58
6326,2024-09-24,usb c cable,52
6327,2024-09-24,coffee,18
6328,2024-09-24,sunscreen,60
6329,2024-09-24,instant noodles,23
6330,2024-09-24,laundry detergent,33
6331,2024-09-25,energy drinks,42
6332,2024-09-25,phone charger,38
6333,2024-09-25,protein snacks,11
6334,2024-09-25,paper towels,61
6335,2024-09-25,sparkling water,54
6336,2024-09-25,usb c cable,47
6337,2024-09-25,coffee,54
6338,2024-09-25,sunscreen,25
6339,2024-09-25,instant noodles,56
6340,2024-09-25,laundry detergent,34
6341,2024-09-26,energy drinks,66
6342,2024-09-26,phone charger,28
6343,2024-09-26,protein snacks,47
6344,2024-09-26,paper towels,75
6345,2024-09-26,sparkling water,16
6346,2024-09-26,usb c cable,29
6347,2024-09-26,coffee,13
6348,2024-09-26,sunscreen,24
6349,2024-09-26,instant noodles,73
6350,2024-09-26,laundry detergent,66
6351,2024-09-27,energy drinks,59
6352,2024-09-27,phone charger,26
6353,2024-09-27,protein snacks,25
6354,2024-09-27,paper towels,12
6355,2024-09-27,sparkling water,54
6356,2024-09-27,usb c cable,53
6357,2024-09-27,coffee,71
6358,2024-09-27,sunscreen,18
6359,2024-09-27,instant noodles,69
6360,2024-09-27,laundry detergent,66
6361,2024-09-28,energy drinks,70
6362,2024-09-28,phone charger,73
6363,2024-09-28,protein snacks,26
6364,2024-09-28,paper towels,67
6365,2024-09-28,sparkling water,56
6366,2024-09-28,usb c cable,61
6367,2024-09-28,coffee,27
6368,2024-09-28,sunscreen,46
6369,2024-09-28,instant noodles,79
6370,2024-09-28,laundry detergent,26
6371,2024-09-29,energy drinks,12
6372,2024-09-29,phone charger,42
6373,2024-09-29,protein snacks,16
6374,2024-09-29,paper towels,11
6375,2024-09-29,sparkling water,43
6376,2024-09-29,usb c cable,13
6377,2024-09-29,coffee,58
6378,2024-09-29,sunscreen,26
6379,2024-09-29,instant noodles,21
6380,2024-09-29,laundry detergent,53
6381,2024-09-30,energy drinks,58
6382,2024-09-30,phone charger,78
6383,2024-09-30,protein snacks,26
6384,2024-09-30,paper towels,47
6385,2024-09-30,sparkling water,65
6386,2024-09-30,usb c cable,70
6387,2024-09-30,coffee,41
6388,2024-09-30,sunscreen,65
6389,2024-09-30,instant noodles,32
6390,2024-09-30,laundry detergent,75
6391,2024-10-01,energy drinks,76
6392,2024-10-01,phone charger,14
6393,2024-10-01,protein snacks,32
6394,2024-10-01,paper towels,60
6395,2024-10-01,sparkling water,34
6396,2024-10-01,usb c cable,33
6397,2024-10-01,coffee,39
6398,2024-10-01,sunscreen,60
6399,2024-10-01,instant noodles,39
6400,2024-10-01,laundry detergent,55
6401,2024-10-02,energy drinks,66
6402,2024-10-02,phone charger,38
6403,2024-10-02,protein snacks,71
6404,2024-10-02,paper towels,38
6405,2024-10-02,sparkling water,46
6406,2024-10-02,usb c cable,49
6407,2024-10-02,coffee,64
6408,2024-10-02,sunscreen,35
6409,2024-10-02,instant noodles,36
6410,2024-10-02,laundry detergent,60
6411,2024-10-03,energy drinks,31
6412,2024-10-03,phone charger,74
6413,2024-10-03,protein snacks,47
6414,2024-10-03,paper towels,10
6415,2024-10-03,sparkling water,24
6416,2024-10-03,usb c cable,20
6417,2024-10-03,coffee,65
6418,2024-10-03,sunscreen,47
6419,2024-10-03,instant noodles,63
6420,2024-10-03,laundry detergent,32
6421,2024-10-04,energy drinks,46
6422,2024-10-04,phone charger,60
6423,2024-10-04,protein snacks,70
6424,2024-10-04,paper towels,31
6425,2024-10-04,sparkling water,75
6426,2024-10-04,usb c cable,64
6427,2024-10-04,coffee,76
6428,2024-10-04,sunscreen,35
6429,2024-10-04,instant noodles,47
6430,2024-10-04,laundry detergent,59
6431,2024-10-05,energy drinks,32
6432,2024-10-05,phone charger,62
6433,2024-10-05,protein snacks,48
6434,2024-10-05,paper towels,32
6435,2024-10-05,sparkling water,75
6436,2024-10-05,usb c cable,37
6437,2024-10-05,coffee,69
6438,2024-10-05,sunscreen,76
6439,2024-10-05,instant noodles,19
6440,2024-10-05,laundry detergent,43
6441,2024-10-06,energy drinks,10
6442,2024-10-06,phone charger,46
6443,2024-10-06,protein snacks,77
6444,2024-10-06,paper towels,76
6445,2024-10-06,sparkling water,67
6446,2024-10-06,usb c cable,25
6447,2024-10-06,coffee,73
6448,2024-10-06,sunscreen,37
6449,2024-10-06,instant noodles,79
6450,2024-10-06,laundry detergent,37
6451,2024-10-07,energy drinks,27
6452,2024-10-07,phone charger,52
6453,2024-10-07,protein snacks,23
6454,2024-10-07,paper towels,31
6455,2024-10-07,sparkling water,23
6456,2024-10-07,usb c cable,28
6457,2024-10-07,coffee,28
6458,2024-10-07,sunscreen,48
6459,2024-10-07,instant noodles,42
6460,2024-10-07,laundry detergent,47
6461,2024-10-08,energy drinks,41
6462,2024-10-08,phone charger,23
6463,2024-10-08,protein snacks,32
6464,2024-10-08,paper towels,35
6465,2024-10-08,sparkling water,59
6466,2024-10-08,usb c cable,78
6467,2024-10-08,coffee,64
6468,2024-10-08,sunscreen,76
6469,2024-10-08,instant noodles,29
6470,2024-10-08,laundry detergent,65
6471,2024-10-09,energy drinks,24
6472,2024-10-09,phone charger,68
6473,2024-10-09,protein snacks,66
6474,2024-10-09,paper towels,40
6475,2024-10-09,sparkling water,78
6476,2024-10-09,usb c cable,23
6477,2024-10-09,coffee,31
6478,2024-10-09,sunscreen,56
6479,2024-10-09,instant noodles,51
6480,2024-10-09,laundry detergent,70
6481,2024-10-10,energy drinks,14
6482,2024-10-10,phone charger,33
6483,2024-10-10,protein snacks,23
6484,2024-10-10,paper towels,57
6485,2024-10-10,sparkling water,24
6486,2024-10-10,usb c cable,37
6487,2024-10-10,coffee,42
6488,2024-10-10,sunscreen,56
6489,2024-10-10,instant noodles,60
6490,2024-10-10,laundry detergent,65
6491,2024-10-11,energy drinks,75
6492,2024-10-11,phone charger,63
6493,2024-10-11,protein snacks,10
6494,2024-10-11,paper towels,22
6495,2024-10-11,sparkling water,64
6496,2024-10-11,usb c cable,53
6497,2024-10-11,coffee,63
6498,2024-10-11,sunscreen,76
6499,2024-10-11,instant noodles,58
6500,2024-10-11,laundry detergent,79
6501,2024-10-12,energy drinks,18
6502,2024-10-12,phone charger,52
6503,2024-10-12,protein snacks,74
6504,2024-10-12,paper towels,73
6505,2024-10-12,sparkling water,48
6506,2024-10-12,usb c cable,46
6507,2024-10-12,coffee,35
6508,2024-10-12,sunscreen,43
6509,2024-10-12,instant noodles,45
6510,2024-10-12,laundry detergent,55
6511,2024-10-13,energy drinks,73
6512,2024-10-13,phone charger,35
6513,2024-10-13,protein snacks,19
6514,2024-10-13,paper towels,40
6515,2024-10-13,sparkling water,67
6516,2024-10-13,usb c cable,37
6517,2024-10-13,coffee,44
6518,2024-10-13,sunscreen,66
6519,2024-10-13,instant noodles,29
6520,2024-10-13,laundry detergent,45
6521,2024-10-14,energy drinks,72
6522,2024-10-14,phone charger,79
6523,2024-10-14,protein snacks,53
6524,2024-10-14,paper towels,22
6525,2024-10-14,sparkling water,42
6526,2024-10-14,usb c cable,59
6527,2024-10-14,coffee,54
6528,2024-10-14,sunscreen,64
6529,2024-10-14,instant noodles,59
6530,2024-10-14,laundry detergent,61
6531,2024-10-15,energy drinks,56
6532,2024-10-15,phone charger,52
6533,2024-10-15,protein snacks,19
6534,2024-10-15,paper towels,57
6535,2024-10-15,sparkling water,77
6536,2024-10-15,usb c cable,64
6537,2024-10-15,coffee,51
6538,2024-10-15,sunscreen,40
6539,2024-10-15,instant noodles,39
6540,2024-10-15,laundry detergent,79
6541,2024-10-16,energy drinks,16
6542,2024-10-16,phone charger,41
6543,2024-10-16,protein snacks,51
6544,2024-10-16,paper towels,35
6545,2024-10-16,sparkling water,21
6546,2024-10-16,usb c cable,23
6547,2024-10-16,coffee,50
6548,2024-10-16,sunscreen,52
6549,2024-10-16,instant noodles,39
6550,2024-10-16,laundry detergent,18
6551,2024-10-17,energy drinks,29
6552,2024-10-17,phone charger,77
6553,2024-10-17,protein snacks,34
6554,2024-10-17,paper towels,12
6555,2024-10-17,sparkling water,46
6556,2024-10-17,usb c cable,37
6557,2024-10-17,coffee,69
6558,2024-10-17,sunscreen,69
6559,2024-10-17,instant noodles,29
6560,2024-10-17,laundry detergent,78
6561,2024-10-18,energy drinks,17
6562,2024-10-18,phone charger,41
6563,2024-10-18,protein snacks,33
6564,2024-10-18,paper towels,34
6565,2024-10-18,sparkling water,29
6566,2024-10-18,usb c cable,62
6567,2024-10-18,coffee,30
6568,2024-10-18,sunscreen,38
6569,2024-10-18,instant noodles,71
6570,2024-10-18,laundry detergent,43
6571,2024-10-19,energy drinks,56
6572,2024-10-19,phone charger,51
6573,2024-10-19,protein snacks,18
6574,2024-10-19,paper towels,45
6575,2024-10-19,sparkling water,16
6576,2024-10-19,usb c cable,76
6577,2024-10-19,coffee,43
6578,2024-10-19,sunscreen,65
6579,2024-10-19,instant noodles,46
6580,2024-10-19,laundry detergent,79
6581,2024-10-20,energy drinks,64
6582,2024-10-20,phone charger,45
6583,2024-10-20,protein snacks,19
6584,2024-10-20,paper towels,50
6585,2024-10-20,sparkling water,60
6586,2024-10-20,usb c cable,14
6587,2024-10-20,coffee,46
6588,2024-10-20,sunscreen,66
6589,2024-10-20,instant noodles,38
6590,2024-10-20,laundry detergent,65
6591,2024-10-21,energy drinks,40
6592,2024-10-21,phone charger,61
6593,2024-10-21,protein snacks,22
6594,2024-10-21,paper towels,38
6595,2024-10-21,sparkling water,67
6596,2024-10-21,usb c cable,37
6597,2024-10-21,coffee,40
6598,2024-10-21,sunscreen,56
6599,2024-10-21,instant noodles,74
6600,2024-10-21,laundry detergent,69
6601,2024-10-22,energy drinks,39
6602,2024-10-22,phone charger,77
6603,2024-10-22,protein snacks,63
6604,2024-10-22,paper towels,73
6605,2024-10-22,sparkling water,21
6606,2024-10-22,usb c cable,21
6607,2024-10-22,coffee,65
6608,2024-10-22,sunscreen,28
6609,2024-10-22,instant noodles,45
6610,2024-10-22,laundry detergent,23
6611,2024-10-23,energy drinks,13
6612,2024-10-23,phone charger,14
6613,2024-10-23,protein snacks,51
6614,2024-10-23,paper towels,69
6615,2024-10-23,sparkling water,46
6616,2024-10-23,usb c cable,40
6617,2024-10-23,coffee,66
6618,2024-10-23,sunscreen,61
6619,2024-10-23,instant noodles,52
6620,2024-10-23,laundry detergent,64
6621,2024-10-24,energy drinks,18
6622,2024-10-24,phone charger,61
6623,2024-10-24,protein snacks,62
6624,2024-10-24,paper towels,42
6625,2024-10-24,sparkling water,11
6626,2024-10-24,usb c cable,32
6627,2024-10-24,coffee,25
6628,2024-10-24,sunscreen,57
6629,2024-10-24,instant noodles,13
6630,2024-10-24,laundry detergent,34
6631,2024-10-25,energy drinks,77
6632,2024-10-25,phone charger,76
6633,2024-10-25,protein snacks,48
6634,2024-10-25,paper towels,31
6635,2024-10-25,sparkling water,69
6636,2024-10-25,usb c cable,45
6637,2024-10-25,coffee,58
6638,2024-10-25,sunscreen,42
6639,2024-10-25,instant noodles,28
6640,2024-10-25,laundry detergent,15
6641,2024-10-26,energy drinks,37
6642,2024-10-26,phone charger,74
6643,2024-10-26,protein snacks,23
6644,2024-10-26,paper towels,21
6645,2024-10-26,sparkling water,68
6646,2024-10-26,usb c cable,17
6647,2024-10-26,coffee,19
6648,2024-10-26,sunscreen,79
6649,2024-10-26,instant noodles,57
6650,2024-10-26,laundry detergent,63
6651,2024-10-27,energy drinks,59
6652,2024-10-27,phone charger,56
6653,2024-10-27,protein snacks,38
6654,2024-10-27,paper towels,18
6655,2024-10-27,sparkling water,75
6656,2024-10-27,usb c cable,78
6657,2024-10-27,coffee,63
6658,2024-10-27,sunscreen,25
6659,2024-10-27,instant noodles,17
6660,2024-10-27,laundry detergent,31
6661,2024-10-28,energy drinks,24
6662,2024-10-28,phone charger,37
6663,2024-10-28,protein snacks,38
6664,2024-10-28,paper towels,41
6665,2024-10-28,sparkling water,25
6666,2024-10-28,usb c cable,42
6667,2024-10-28,coffee,45
6668,2024-10-28,sunscreen,48
6669,2024-10-28,instant noodles,59
6670,2024-10-28,laundry detergent,77
6671,2024-10-29,energy drinks,23
6672,2024-10-29,phone charger,48
6673,2024-10-29,protein snacks,29
6674,2024-10-29,paper towels,59
6675,2024-10-29,sparkling water,48
6676,2024-10-29,usb c cable,17
6677,2024-10-29,coffee,39
6678,2024-10-29,sunscreen,29
6679,2024-10-29,instant noodles,37
6680,2024-10-29,laundry detergent,79
6681,2024-10-30,energy drinks,63
6682,2024-10-30,phone charger,29
6683,2024-10-30,protein snacks,32
6684,2024-10-30,paper towels,48
6685,2024-10-30,sparkling water,43
6686,2024-10-30,usb c cable,31
6687,2024-10-30,coffee,66
6688,2024-10-30,sunscreen,56
6689,2024-10-30,instant noodles,27
6690,2024-10-30,laundry detergent,17
6691,2024-10-31,energy drinks,70
6692,2024-10-31,phone charger,39
6693,2024-10-31,protein snacks,58
6694,2024-10-31,paper towels,72
6695,2024-10-31,sparkling water,58
6696,2024-10-31,usb c cable,52
6697,2024-10-31,coffee,26
6698,2024-10-31,sunscreen,52
6699,2024-10-31,instant noodles,64
6700,2024-10-31,laundry detergent,71
6701,2024-11-01,energy drinks,31
6702,2024-11-01,phone charger,26
6703,2024-11-01,protein snacks,77
6704,2024-11-01,paper towels,29
6705,2024-11-01,sparkling water,38
6706,2024-11-01,usb c cable,55
6707,2024-11-01,coffee,23
6708,2024-11-01,sunscreen,40
6709,2024-11-01,instant noodles,40
6710,2024-11-01,laundry detergent,12
6711,2024-11-02,energy drinks,31
6712,2024-11-02,phone charger,62
6713,2024-11-02,protein snacks,63
6714,2024-11-02,paper towels,36
6715,2024-11-02,sparkling water,41
6716,2024-11-02,usb c cable,40
6717,2024-11-02,coffee,48
6718,2024-11-02,sunscreen,71
6719,2024-11-02,instant noodles,66
6720,2024-11-02,laundry detergent,76
6721,2024-11-03,energy drinks,71
6722,2024-11-03,phone charger,42
6723,2024-11-03,protein snacks,69
6724,2024-11-03,paper towels,39
6725,2024-11-03,sparkling water,22
6726,2024-11-03,usb c cable,29
6727,2024-11-03,coffee,17
6728,2024-11-03,sunscreen,30
6729,2024-11-03,instant noodles,22
6730,2024-11-03,laundry detergent,39
6731,2024-11-04,energy drinks,58
6732,2024-11-04,phone charger,67
6733,2024-11-04,protein snacks,55
6734,2024-11-04,paper towels,11
6735,2024-11-04,sparkling water,28
6736,2024-11-04,usb c cable,36
6737,2024-11-04,coffee,16
6738,2024-11-04,sunscreen,59
6739,2024-11-04,instant noodles,62
6740,2024-11-04,laundry detergent,50
6741,2024-11-05,energy drinks,21
6742,2024-11-05,phone charger,26
6743,2024-11-05,protein snacks,65
6744,2024-11-05,paper towels,30
6745,2024-11-05,sparkling water,23
6746,2024-11-05,usb c cable,31
6747,2024-11-05,coffee,18
6748,2024-11-05,sunscreen,15
6749,2024-11-05,instant noodles,38
6750,2024-11-05,laundry detergent,53
6751,2024-11-06,energy drinks,25
6752,2024-11-06,phone charger,53
6753,2024-11-06,protein snacks,38
6754,2024-11-06,paper towels,30
6755,2024-11-06,sparkling water,75
6756,2024-11-06,usb c cable,45
6757,2024-11-06,coffee,12
6758,2024-11-06,sunscreen,66
6759,2024-11-06,instant noodles,58
6760,2024-11-06,laundry detergent,50
6761,2024-11-07,energy drinks,59
6762,2024-11-07,phone charger,23
6763,2024-11-07,protein snacks,32
6764,2024-11-07,paper towels,75
6765,2024-11-07,sparkling water,49
6766,2024-11-07,usb c cable,30
6767,2024-11-07,coffee,52
6768,2024-11-07,sunscreen,55
6769,2024-11-07,instant noodles,57
6770,2024-11-07,laundry detergent,78
6771,2024-11-08,energy drinks,39
6772,2024-11-08,phone charger,49
6773,2024-11-08,protein snacks,51
6774,2024-11-08,paper towels,33
6775,2024-11-08,sparkling water,68
6776,2024-11-08,usb c cable,74
6777,2024-11-08,coffee,63
6778,2024-11-08,sunscreen,68
6779,2024-11-08,instant noodles,69
6780,2024-11-08,laundry detergent,47
6781,2024-11-09,energy drinks,11
6782,2024-11-09,phone charger,74
6783,2024-11-09,protein snacks,17
6784,2024-11-09,paper towels,20
6785,2024-11-09,sparkling water,51
6786,2024-11-09,usb c cable,64
6787,2024-11-09,coffee,50
6788,2024-11-09,sunscreen,12
6789,2024-11-09,instant noodles,20
6790,2024-11-09,laundry detergent,69
6791,2024-11-10,energy drinks,19
6792,2024-11-10,phone charger,21
6793,2024-11-10,protein snacks,77
6794,2024-11-10,paper towels,10
6795,2024-11-10,sparkling water,49
6796,2024-11-10,usb c cable,48
6797,2024-11-10,coffee,25
6798,2024-11-10,sunscreen,34
6799,2024-11-10,instant noodles,37
6800,2024-11-10,laundry detergent,52
6801,2024-11-11,energy drinks,16
6802,2024-11-11,phone charger,38
6803,2024-11-11,protein snacks,72
6804,2024-11-11,paper towels,20
6805,2024-11-11,sparkling water,10
6806,2024-11-11,usb c cable,37
6807,2024-11-11,coffee,55
6808,2024-11-11,sunscreen,12
6809,2024-11-11,instant noodles,23
6810,2024-11-11,laundry detergent,48
6811,2024-11-12,energy drinks,34
6812,2024-11-12,phone charger,44
6813,2024-11-12,protein snacks,39
6814,2024-11-12,paper towels,49
6815,2024-11-12,sparkling water,20
6816,2024-11-12,usb c cable,75
6817,2024-11-12,coffee,48
6818,2024-11-12,sunscreen,37
6819,2024-11-12,instant noodles,73
6820,2024-11-12,laundry detergent,12
6821,2024-11-13,energy drinks,15
6822,2024-11-13,phone charger,45
6823,2024-11-13,protein snacks,12
6824,2024-11-13,paper towels,29
6825,2024-11-13,sparkling water,79
6826,2024-11-13,usb c cable,66
6827,2024-11-13,coffee,61
6828,2024-11-13,sunscreen,18
6829,2024-11-13,instant noodles,77
6830,2024-11-13,laundry detergent,79
6831,2024-11-14,energy drinks,59
6832,2024-11-14,phone charger,15
6833,2024-11-14,protein snacks,52
6834,2024-11-14,paper towels,65
6835,2024-11-14,sparkling water,26
6836,2024-11-14,usb c cable,41
6837,2024-11-14,coffee,20
6838,2024-11-14,sunscreen,35
6839,2024-11-14,instant noodles,27
6840,2024-11-14,laundry detergent,39
6841,2024-11-15,energy drinks,73
6842,2024-11-15,phone charger,41
6843,2024-11-15,protein snacks,66
6844,2024-11-15,paper towels,71
6845,2024-11-15,sparkling water,16
6846,2024-11-15,usb c cable,14
6847,2024-11-15,coffee,79
6848,2024-11-15,sunscreen,23
6849,2024-11-15,instant noodles,55
6850,2024-11-15,laundry detergent,21
6851,2024-11-16,energy drinks,59
6852,2024-11-16,phone charger,50
6853,2024-11-16,protein snacks,17
6854,2024-11-16,paper towels,12
6855,2024-11-16,sparkling water,61
6856,2024-11-16,usb c cable,20
6857,2024-11-16,coffee,57
6858,2024-11-16,sunscreen,21
6859,2024-11-16,instant noodles,60
6860,2024-11-16,laundry detergent,13
6861,2024-11-17,energy drinks,26
6862,2024-11-17,phone charger,38
6863,2024-11-17,protein snacks,32
6864,2024-11-17,paper towels,71
6865,2024-11-17,sparkling water,21
6866,2024-11-17,usb c cable,57
6867,2024-11-17,coffee,42
6868,2024-11-17,sunscreen,22
6869,2024-11-17,instant noodles,47
6870,2024-11-17,laundry detergent,59
6871,2024-11-18,energy drinks,21
6872,2024-11-18,phone charger,35
6873,2024-11-18,protein snacks,74
6874,2024-11-18,paper towels,12
6875,2024-11-18,sparkling water,17
6876,2024-11-18,usb c cable,39
6877,2024-11-18,coffee,52
6878,2024-11-18,sunscreen,23
6879,2024-11-18,instant noodles,26
6880,2024-11-18,laundry detergent,49
6881,2024-11-19,energy drinks,75
6882,2024-11-19,phone charger,17
6883,2024-11-19,protein snacks,15
6884,2024-11-19,paper towels,27
6885,2024-11-19,sparkling water,75
6886,2024-11-19,usb c cable,11
6887,2024-11-19,coffee,69
6888,2024-11-19,sunscreen,12
6889,2024-11-19,instant noodles,16
6890,2024-11-19,laundry detergent,56
6891,2024-11-20,energy drinks,39
6892,2024-11-20,phone charger,44
6893,2024-11-20,protein snacks,68
6894,2024-11-20,paper towels,71
6895,2024-11-20,sparkling water,56
6896,2024-11-20,usb c cable,26
6897,2024-11-20,coffee,62
6898,2024-11-20,sunscreen,42
6899,2024-11-20,instant noodles,72
6900,2024-11-20,laundry detergent,51
6901,2024-11-21,energy drinks,57
6902,2024-11-21,phone charger,71
6903,2024-11-21,protein snacks,16
6904,2024-11-21,paper towels,64
6905,2024-11-21,sparkling water,47
6906,2024-11-21,usb c cable,78
6907,2024-11-21,coffee,48
6908,2024-11-21,sunscreen,38
6909,2024-11-21,instant noodles,38
6910,2024-11-21,laundry detergent,64
6911,2024-11-22,energy drinks,69
6912,2024-11-22,phone charger,75
6913,2024-11-22,protein snacks,13
6914,2024-11-22,paper towels,29
6915,2024-11-22,sparkling water,60
6916,2024-11-22,usb c cable,79
6917,2024-11-22,coffee,64
6918,2024-11-22,sunscreen,55
6919,2024-11-22,instant noodles,56
6920,2024-11-22,laundry detergent,79
6921,2024-11-23,energy drinks,23
6922,2024-11-23,phone charger,14
6923,2024-11-23,protein snacks,41
6924,2024-11-23,paper towels,51
6925,2024-11-23,sparkling water,49
6926,2024-11-23,usb c cable,29
6927,2024-11-23,coffee,54
6928,2024-11-23,sunscreen,21
6929,2024-11-23,instant noodles,50
6930,2024-11-23,laundry detergent,19
6931,2024-11-24,energy drinks,11
6932,2024-11-24,phone charger,65
6933,2024-11-24,protein snacks,25
6934,2024-11-24,paper towels,54
6935,2024-11-24,sparkling water,56
6936,2024-11-24,usb c cable,50
6937,2024-11-24,coffee,53
6938,2024-11-24,sunscreen,67
6939,2024-11-24,instant noodles,64
6940,2024-11-24,laundry detergent,34
6941,2024-11-25,energy drinks,21
6942,2024-11-25,phone charger,27
6943,2024-11-25,protein snacks,74
6944,2024-11-25,paper towels,63
6945,2024-11-25,sparkling water,73
6946,2024-11-25,usb c cable,72
6947,2024-11-25,coffee,24
6948,2024-11-25,sunscreen,78
6949,2024-11-25,instant noodles,15
6950,2024-11-25,laundry detergent,38
6951,2024-11-26,energy drinks,35
6952,2024-11-26,phone charger,10
6953,2024-11-26,protein snacks,38
6954,2024-11-26,paper towels,24
6955,2024-11-26,sparkling water,55
6956,2024-11-26,usb c cable,73
6957,2024-11-26,coffee,46
6958,2024-11-26,sunscreen,64
6959,2024-11-26,instant noodles,65
6960,2024-11-26,laundry detergent,26
6961,2024-11-27,energy drinks,66
6962,2024-11-27,phone charger,31
6963,2024-11-27,protein snacks,16
6964,2024-11-27,paper towels,12
6965,2024-11-27,sparkling water,63
6966,2024-11-27,usb c cable,65
6967,2024-11-27,coffee,73
6968,2024-11-27,sunscreen,18
6969,2024-11-27,instant noodles,59
6970,2024-11-27,laundry detergent,66
6971,2024-11-28,energy drinks,17
6972,2024-11-28,phone charger,62
6973,2024-11-28,protein snacks,44
6974,2024-11-28,paper towels,58
6975,2024-11-28,sparkling water,33
6976,2024-11-28,usb c cable,16
6977,2024-11-28,coffee,49
6978,2024-11-28,sunscreen,60
6979,2024-11-28,instant noodles,45
6980,2024-11-28,laundry detergent,43
6981,2024-11-29,energy drinks,62
6982,2024-11-29,phone charger,76
6983,2024-11-29,protein snacks,42
6984,2024-11-29,paper towels,75
6985,2024-11-29,sparkling water,63
6986,2024-11-29,usb c cable,74
6987,2024-11-29,coffee,78
6988,2024-11-29,sunscreen,49
6989,2024-11-29,instant noodles,73
6990,2024-11-29,laundry detergent,19
6991,2024-11-30,energy drinks,23
6992,2024-11-30,phone charger,60
6993,2024-11-30,protein snacks,10
6994,2024-11-30,paper towels,34
6995,2024-11-30,sparkling water,31
6996,2024-11-30,usb c cable,45
6997,2024-11-30,coffee,36
6998,2024-11-30,sunscreen,30
6999,2024-11-30,instant noodles,40
7000,2024-11-30,laundry detergent,15
7001,2024-12-01,energy drinks,61
7002,2024-12-01,phone charger,17
7003,2024-12-01,protein snacks,71
7004,2024-12-01,paper towels,23
7005,2024-12-01,sparkling water,49
7006,2024-12-01,usb c cable,44
7007,2024-12-01,coffee,51
7008,2024-12-01,sunscreen,73
7009,2024-12-01,instant noodles,19
7010,2024-12-01,laundry detergent,25
7011,2024-12-02,energy drinks,22
7012,2024-12-02,phone charger,59
7013,2024-12-02,protein snacks,76
7014,2024-12-02,paper towels,50
7015,2024-12-02,sparkling water,47
7016,2024-12-02,usb c cable,76
7017,2024-12-02,coffee,77
7018,2024-12-02,sunscreen,36
7019,2024-12-02,instant noodles,40
7020,2024-12-02,laundry detergent,55
7021,2024-12-03,energy drinks,51
7022,2024-12-03,phone charger,58
7023,2024-12-03,protein snacks,53
7024,2024-12-03,paper towels,49
7025,2024-12-03,sparkling water,46
7026,2024-12-03,usb c cable,11
7027,2024-12-03,coffee,113
7028,2024-12-03,sunscreen,72
7029,2024-12-03,instant noodles,30
7030,2024-12-03,laundry detergent,58
7031,2024-12-04,energy drinks,23
7032,2024-12-04,phone charger,31
7033,2024-12-04,protein snacks,31
7034,2024-12-04,paper towels,55
7035,2024-12-04,sparkling water,39
7036,2024-12-04,usb c cable,30
7037,2024-12-04,coffee,64
7038,2024-12-04,sunscreen,70
7039,2024-12-04,instant noodles,47
7040,2024-12-04,laundry detergent,33
7041,2024-12-05,energy drinks,73
7042,2024-12-05,phone charger,29
7043,2024-12-05,protein snacks,74
7044,2024-12-05,paper towels,60
7045,2024-12-05,sparkling water,66
7046,2024-12-05,usb c cable,42
7047,2024-12-05,coffee,90
7048,2024-12-05,sunscreen,70
7049,2024-12-05,instant noodles,89
7050,2024-12-05,laundry detergent,41
7051,2024-12-06,energy drinks,13
7052,2024-12-06,phone charger,74
7053,2024-12-06,protein snacks,39
7054,2024-12-06,paper towels,16
7055,2024-12-06,sparkling water,76
7056,2024-12-06,usb c cable,79
7057,2024-12-06,coffee,58
7058,2024-12-06,sunscreen,46
7059,2024-12-06,instant noodles,112
7060,2024-12-06,laundry detergent,31
7061,2024-12-07,energy drinks,11
7062,2024-12-07,phone charger,15
7063,2024-12-07,protein snacks,47
7064,2024-12-07,paper towels,136
7065,2024-12-07,sparkling water,43
7066,2024-12-07,usb c cable,61
7067,2024-12-07,coffee,26
7068,2024-12-07,sunscreen,68
7069,2024-12-07,instant noodles,69
7070,2024-12-07,laundry detergent,19
7071,2024-12-08,energy drinks,39
7072,2024-12-08,phone charger,42
7073,2024-12-08,protein snacks,77
7074,2024-12-08,paper towels,67
7075,2024-12-08,sparkling water,34
7076,2024-12-08,usb c cable,24
7077,2024-12-08,coffee,25
7078,2024-12-08,sunscreen,52
7079,2024-12-08,instant noodles,99
7080,2024-12-08,laundry detergent,64
7081,2024-12-09,energy drinks,12
7082,2024-12-09,phone charger,19
7083,2024-12-09,protein snacks,33
7084,2024-12-09,paper towels,89
7085,2024-12-09,sparkling water,75
7086,2024-12-09,usb c cable,19
7087,2024-12-09,coffee,77
7088,2024-12-09,sunscreen,78
7089,2024-12-09,instant noodles,93
7090,2024-12-09,laundry detergent,31
7091,2024-12-10,energy drinks,59
7092,2024-12-10,phone charger,17
7093,2024-12-10,protein snacks,21
7094,2024-12-10,paper towels,47
7095,2024-12-10,sparkling water,47
7096,2024-12-10,usb c cable,35
7097,2024-12-10,coffee,27
7098,2024-12-10,sunscreen,60
7099,2024-12-10,instant noodles,52
7100,2024-12-10,laundry detergent,24
7101,2024-12-11,energy drinks,51
7102,2024-12-11,phone charger,30
7103,2024-12-11,protein snacks,36
7104,2024-12-11,paper towels,122
7105,2024-12-11,sparkling water,21
7106,2024-12-11,usb c cable,33
7107,2024-12-11,coffee,71
7108,2024-12-11,sunscreen,79
7109,2024-12-11,instant noodles,50
7110,2024-12-11,laundry detergent,23
7111,2024-12-12,energy drinks,65
7112,2024-12-12,phone charger,11
7113,2024-12-12,protein snacks,78
7114,2024-12-12,paper towels,45
7115,2024-12-12,sparkling water,74
7116,2024-12-12,usb c cable,13
7117,2024-12-12,coffee,86
7118,2024-12-12,sunscreen,74
7119,2024-12-12,instant noodles,116
7120,2024-12-12,laundry detergent,52
7121,2024-12-13,energy drinks,47
7122,2024-12-13,phone charger,38
7123,2024-12-13,protein snacks,78
7124,2024-12-13,paper towels,73
7125,2024-12-13,sparkling water,15
7126,2024-12-13,usb c cable,45
7127,2024-12-13,coffee,98
7128,2024-12-13,sunscreen,36
7129,2024-12-13,instant noodles,13
7130,2024-12-13,laundry detergent,79
7131,2024-12-14,energy drinks,41
7132,2024-12-14,phone charger,11
7133,2024-12-14,protein snacks,33
7134,2024-12-14,paper towels,42
7135,2024-12-14,sparkling water,35
7136,2024-12-14,usb c cable,10
7137,2024-12-14,coffee,41
7138,2024-12-14,sunscreen,51
7139,2024-12-14,instant noodles,73
7140,2024-12-14,laundry detergent,56
7141,2024-12-15,energy drinks,15
7142,2024-12-15,phone charger,19
7143,2024-12-15,protein snacks,58
7144,2024-12-15,paper towels,27
7145,2024-12-15,sparkling water,21
7146,2024-12-15,usb c cable,47
7147,2024-12-15,coffee,112
7148,2024-12-15,sunscreen,61
7149,2024-12-15,instant noodles,41
7150,2024-12-15,laundry detergent,73
7151,2024-12-16,energy drinks,10
7152,2024-12-16,phone charger,78
7153,2024-12-16,protein snacks,72
7154,2024-12-16,paper towels,28
7155,2024-12-16,sparkling water,50
7156,2024-12-16,usb c cable,31
7157,2024-12-16,coffee,40
7158,2024-12-16,sunscreen,58
7159,2024-12-16,instant noodles,94
7160,2024-12-16,laundry detergent,15
7161,2024-12-17,energy drinks,12
7162,2024-12-17,phone charger,47
7163,2024-12-17,protein snacks,41
7164,2024-12-17,paper towels,56
7165,2024-12-17,sparkling water,43
7166,2024-12-17,usb c cable,46
7167,2024-12-17,coffee,115
7168,2024-12-17,sunscreen,67
7169,2024-12-17,instant noodles,45
7170,2024-12-17,laundry detergent,28
7171,2024-12-18,energy drinks,20
7172,2024-12-18,phone charger,61
7173,2024-12-18,protein snacks,66
7174,2024-12-18,paper towels,100
7175,2024-12-18,sparkling water,35
7176,2024-12-18,usb c cable,63
7177,2024-12-18,coffee,34
7178,2024-12-18,sunscreen,15
7179,2024-12-18,instant noodles,87
7180,2024-12-18,laundry detergent,39
7181,2024-12-19,energy drinks,49
7182,2024-12-19,phone charger,11
7183,2024-12-19,protein snacks,77
7184,2024-12-19,paper towels,99
7185,2024-12-19,sparkling water,23
7186,2024-12-19,usb c cable,59
7187,2024-12-19,coffee,20
7188,2024-12-19,sunscreen,57
7189,2024-12-19,instant noodles,50
7190,2024-12-19,laundry detergent,72
7191,2024-12-20,energy drinks,65
7192,2024-12-20,phone charger,20
7193,2024-12-20,protein snacks,19
7194,2024-12-20,paper towels,75
7195,2024-12-20,sparkling water,37
7196,2024-12-20,usb c cable,35
7197,2024-12-20,coffee,85
7198,2024-12-20,sunscreen,45
7199,2024-12-20,instant noodles,36
7200,2024-12-20,laundry detergent,59
7201,2024-12-21,energy drinks,63
7202,2024-12-21,phone charger,18
7203,2024-12-21,protein snacks,53
7204,2024-12-21,paper towels,40
7205,2024-12-21,sparkling water,57
7206,2024-12-21,usb c cable,63
7207,2024-12-21,coffee,21
7208,2024-12-21,sunscreen,63
7209,2024-12-21,instant noodles,22
7210,2024-12-21,laundry detergent,52
7211,2024-12-22,energy drinks,27
7212,2024-12-22,phone charger,75
7213,2024-12-22,protein snacks,79
7214,2024-12-22,paper towels,86
7215,2024-12-22,sparkling water,44
7216,2024-12-22,usb c cable,53
7217,2024-12-22,coffee,91
7218,2024-12-22,sunscreen,57
7219,2024-12-22,instant noodles,44
7220,2024-12-22,laundry detergent,64
7221,2024-12-23,energy drinks,19
7222,2024-12-23,phone charger,60
7223,2024-12-23,protein snacks,22
7224,2024-12-23,paper towels,40
7225,2024-12-23,sparkling water,41
7226,2024-12-23,usb c cable,35
7227,2024-12-23,coffee,76
7228,2024-12-23,sunscreen,30
7229,2024-12-23,instant noodles,27
7230,2024-12-23,laundry detergent,62
7231,2024-12-24,energy drinks,39
7232,2024-12-24,phone charger,73
7233,2024-12-24,protein snacks,35
7234,2024-12-24,paper towels,54
7235,2024-12-24,sparkling water,53
7236,2024-12-24,usb c cable,35
7237,2024-12-24,coffee,112
7238,2024-12-24,sunscreen,59
7239,2024-12-24,instant noodles,69
7240,2024-12-24,laundry detergent,55
7241,2024-12-25,energy drinks,69
7242,2024-12-25,phone charger,28
7243,2024-12-25,protein snacks,24
7244,2024-12-25,paper towels,57
7245,2024-12-25,sparkling water,72
7246,2024-12-25,usb c cable,53
7247,2024-12-25,coffee,107
7248,2024-12-25,sunscreen,27
7249,2024-12-25,instant noodles,96
7250,2024-12-25,laundry detergent,38
7251,2024-12-26,energy drinks,39
7252,2024-12-26,phone charger,78
7253,2024-12-26,protein snacks,34
7254,2024-12-26,paper towels,48
7255,2024-12-26,sparkling water,49
7256,2024-12-26,usb c cable,41
7257,2024-12-26,coffee,67
7258,2024-12-26,sunscreen,20
7259,2024-12-26,instant noodles,90
7260,2024-12-26,laundry detergent,43
7261,2024-12-27,energy drinks,37
7262,2024-12-27,phone charger,69
7263,2024-12-27,protein snacks,63
7264,2024-12-27,paper towels,61
7265,2024-12-27,sparkling water,17
7266,2024-12-27,usb c cable,38
7267,2024-12-27,coffee,46
7268,2024-12-27,sunscreen,10
7269,2024-12-27,instant noodles,94
7270,2024-12-27,laundry detergent,35
7271,2024-12-28,energy drinks,59
7272,2024-12-28,phone charger,16
7273,2024-12-28,protein snacks,28
7274,2024-12-28,paper towels,130
7275,2024-12-28,sparkling water,36
7276,2024-12-28,usb c cable,46
7277,2024-12-28,coffee,26
7278,2024-12-28,sunscreen,78
7279,2024-12-28,instant noodles,20
7280,2024-12-28,laundry detergent,32
7281,2024-12-29,energy drinks,27
7282,2024-12-29,phone charger,15
7283,2024-12-29,protein snacks,68
7284,2024-12-29,paper towels,96
7285,2024-12-29,sparkling water,21
7286,2024-12-29,usb c cable,55
7287,2024-12-29,coffee,50
7288,2024-12-29,sunscreen,11
7289,2024-12-29,instant noodles,29
7290,2024-12-29,laundry detergent,64
7291,2024-12-30,energy drinks,33
7292,2024-12-30,phone charger,79
7293,2024-12-30,protein snacks,17
7294,2024-12-30,paper towels,84
7295,2024-12-30,sparkling water,34
7296,2024-12-30,usb c cable,13
7297,2024-12-30,coffee,118
7298,2024-12-30,sunscreen,53
7299,2024-12-30,instant noodles,41
7300,2024-12-30,laundry detergent,26
7301,2024-12-31,energy drinks,17
7302,2024-12-31,phone charger,66
7303,2024-12-31,protein snacks,41
7304,2024-12-31,paper towels,63
7305,2024-12-31,sparkling water,49
7306,2024-12-31,usb c cable,30
7307,2024-12-31,coffee,94
7308,2024-12-31,sunscreen,14
7309,2024-12-31,instant noodles,28
7310,2024-12-31,laundry detergent,19
7311,2025-01-01,energy drinks,39
7312,2025-01-01,phone charger,55
7313,2025-01-01,protein snacks,71
7314,2025-01-01,paper towels,19
7315,2025-01-01,sparkling water,10
7316,2025-01-01,usb c cable,27
7317,2025-01-01,coffee,89
7318,2025-01-01,sunscreen,61
7319,2025-01-01,instant noodles,22
7320,2025-01-01,laundry detergent,11
7321,2025-01-02,energy drinks,44
7322,2025-01-02,phone charger,18
7323,2025-01-02,protein snacks,25
7324,2025-01-02,paper towels,48
7325,2025-01-02,sparkling water,24
7326,2025-01-02,usb c cable,22
7327,2025-01-02,coffee,29
7328,2025-01-02,sunscreen,52
7329,2025-01-02,instant noodles,17
7330,2025-01-02,laundry detergent,24
7331,2025-01-03,energy drinks,17
7332,2025-01-03,phone charger,68
7333,2025-01-03,protein snacks,16
7334,2025-01-03,paper towels,66
7335,2025-01-03,sparkling water,39
7336,2025-01-03,usb c cable,63
7337,2025-01-03,coffee,52
7338,2025-01-03,sunscreen,28
7339,2025-01-03,instant noodles,36
7340,2025-01-03,laundry detergent,55
7341,2025-01-04,energy drinks,66
7342,2025-01-04,phone charger,59
7343,2025-01-04,protein snacks,48
7344,2025-01-04,paper towels,37
7345,2025-01-04,sparkling water,45
7346,2025-01-04,usb c cable,33
7347,2025-01-04,coffee,52
7348,2025-01-04,sunscreen,48
7349,2025-01-04,instant noodles,59
7350,2025-01-04,laundry detergent,78
7351,2025-01-05,energy drinks,64
7352,2025-01-05,phone charger,67
7353,2025-01-05,protein snacks,21
7354,2025-01-05,paper towels,64
7355,2025-01-05,sparkling water,65
7356,2025-01-05,usb c cable,72
7357,2025-01-05,coffee,34
7358,2025-01-05,sunscreen,75
7359,2025-01-05,instant noodles,54
7360,2025-01-05,laundry detergent,14
7361,2025-01-06,energy drinks,70
7362,2025-01-06,phone charger,35
7363,2025-01-06,protein snacks,60
7364,2025-01-06,paper towels,20
7365,2025-01-06,sparkling water,17
7366,2025-01-06,usb c cable,67
7367,2025-01-06,coffee,67
7368,2025-01-06,sunscreen,75
7369,2025-01-06,instant noodles,70
7370,2025-01-06,laundry detergent,49
7371,2025-01-07,energy drinks,77
7372,2025-01-07,phone charger,25
7373,2025-01-07,protein snacks,21
7374,2025-01-07,paper towels,64
7375,2025-01-07,sparkling water,18
7376,2025-01-07,usb c cable,32
7377,2025-01-07,coffee,91
7378,2025-01-07,sunscreen,62
7379,2025-01-07,instant noodles,108
7380,2025-01-07,laundry detergent,39
7381,2025-01-08,energy drinks,60
7382,2025-01-08,phone charger,18
7383,2025-01-08,protein snacks,40
7384,2025-01-08,paper towels,17
7385,2025-01-08,sparkling water,61
7386,2025-01-08,usb c cable,42
7387,2025-01-08,coffee,81
7388,2025-01-08,sunscreen,50
7389,2025-01-08,instant noodles,43
7390,2025-01-08,laundry detergent,57
7391,2025-01-09,energy drinks,40
7392,2025-01-09,phone charger,70
7393,2025-01-09,protein snacks,54
7394,2025-01-09,paper towels,64
7395,2025-01-09,sparkling water,16
7396,2025-01-09,usb c cable,61
7397,2025-01-09,coffee,108
7398,2025-01-09,sunscreen,69
7399,2025-01-09,instant noodles,21
7400,2025-01-09,laundry detergent,62
7401,2025-01-10,energy drinks,67
7402,2025-01-10,phone charger,18
7403,2025-01-10,protein snacks,35
7404,2025-01-10,paper towels,110
7405,2025-01-10,sparkling water,68
7406,2025-01-10,usb c cable,30
7407,2025-01-10,coffee,82
7408,2025-01-10,sunscreen,43
7409,2025-01-10,instant noodles,109
7410,2025-01-10,laundry detergent,43
7411,2025-01-11,energy drinks,15
7412,2025-01-11,phone charger,52
7413,2025-01-11,protein snacks,56
7414,2025-01-11,paper towels,20
7415,2025-01-11,sparkling water,61
7416,2025-01-11,usb c cable,42
7417,2025-01-11,coffee,14
7418,2025-01-11,sunscreen,53
7419,2025-01-11,instant noodles,76
7420,2025-01-11,laundry detergent,20
7421,2025-01-12,energy drinks,60
7422,2025-01-12,phone charger,20
7423,2025-01-12,protein snacks,32
7424,2025-01-12,paper towels,76
7425,2025-01-12,sparkling water,70
7426,2025-01-12,usb c cable,41
7427,2025-01-12,coffee,91
7428,2025-01-12,sunscreen,20
7429,2025-01-12,instant noodles,74
7430,2025-01-12,laundry detergent,13
7431,2025-01-13,energy drinks,43
7432,2025-01-13,phone charger,52
7433,2025-01-13,protein snacks,62
7434,2025-01-13,paper towels,105
7435,2025-01-13,sparkling water,71
7436,2025-01-13,usb c cable,73
7437,2025-01-13,coffee,104
7438,2025-01-13,sunscreen,74
7439,2025-01-13,instant noodles,114
7440,2025-01-13,laundry detergent,12
7441,2025-01-14,energy drinks,14
7442,2025-01-14,phone charger,51
7443,2025-01-14,protein snacks,59
7444,2025-01-14,paper towels,120
7445,2025-01-14,sparkling water,11
7446,2025-01-14,usb c cable,13
7447,2025-01-14,coffee,85
7448,2025-01-14,sunscreen,17
7449,2025-01-14,instant noodles,88
7450,2025-01-14,laundry detergent,77
7451,2025-01-15,energy drinks,71
7452,2025-01-15,phone charger,26
7453,2025-01-15,protein snacks,69
7454,2025-01-15,paper towels,34
7455,2025-01-15,sparkling water,36
7456,2025-01-15,usb c cable,24
7457,2025-01-15,coffee,16
7458,2025-01-15,sunscreen,73
7459,2025-01-15,instant noodles,62
7460,2025-01-15,laundry detergent,37
7461,2025-01-16,energy drinks,14
7462,2025-01-16,phone charger,41
7463,2025-01-16,protein snacks,47
7464,2025-01-16,paper towels,29
7465,2025-01-16,sparkling water,64
7466,2025-01-16,usb c cable,27
7467,2025-01-16,coffee,68
7468,2025-01-16,sunscreen,58
7469,2025-01-16,instant noodles,109
7470,2025-01-16,laundry detergent,27
7471,2025-01-17,energy drinks,41
7472,2025-01-17,phone charger,47
7473,2025-01-17,protein snacks,69
7474,2025-01-17,paper towels,62
7475,2025-01-17,sparkling water,41
7476,2025-01-17,usb c cable,38
7477,2025-01-17,coffee,24
7478,2025-01-17,sunscreen,53
7479,2025-01-17,instant noodles,19
7480,2025-01-17,laundry detergent,40
7481,2025-01-18,energy drinks,57
7482,2025-01-18,phone charger,47
7483,2025-01-18,protein snacks,10
7484,2025-01-18,paper towels,67
7485,2025-01-18,sparkling water,50
7486,2025-01-18,usb c cable,46
7487,2025-01-18,coffee,126
7488,2025-01-18,sunscreen,65
7489,2025-01-18,instant noodles,58
7490,2025-01-18,laundry detergent,38
7491,2025-01-19,energy drinks,57
7492,2025-01-19,phone charger,79
7493,2025-01-19,protein snacks,25
7494,2025-01-19,paper towels,46
7495,2025-01-19,sparkling water,69
7496,2025-01-19,usb c cable,39
7497,2025-01-19,coffee,124
7498,2025-01-19,sunscreen,16
7499,2025-01-19,instant noodles,97
7500,2025-01-19,laundry detergent,77
7501,2025-01-20,energy drinks,73
7502,2025-01-20,phone charger,44
7503,2025-01-20,protein snacks,66
7504,2025-01-20,paper towels,127
7505,2025-01-20,sparkling water,56
7506,2025-01-20,usb c cable,71
7507,2025-01-20,coffee,38
7508,2025-01-20,sunscreen,73
7509,2025-01-20,instant noodles,99
7510,2025-01-20,laundry detergent,10
7511,2025-01-21,energy drinks,16
7512,2025-01-21,phone charger,21
7513,2025-01-21,protein snacks,34
7514,2025-01-21,paper towels,55
7515,2025-01-21,sparkling water,31
7516,2025-01-21,usb c cable,20
7517,2025-01-21,coffee,57
7518,2025-01-21,sunscreen,50
7519,2025-01-21,instant noodles,53
7520,2025-01-21,laundry detergent,15
7521,2025-01-22,energy drinks,34
7522,2025-01-22,phone charger,24
7523,2025-01-22,protein snacks,61
7524,2025-01-22,paper towels,20
7525,2025-01-22,sparkling water,62
7526,2025-01-22,usb c cable,72
7527,2025-01-22,coffee,72
7528,2025-01-22,sunscreen,20
7529,2025-01-22,instant noodles,62
7530,2025-01-22,laundry detergent,32
7531,2025-01-23,energy drinks,19
7532,2025-01-23,phone charger,15
7533,2025-01-23,protein snacks,47
7534,2025-01-23,paper towels,47
7535,2025-01-23,sparkling water,59
7536,2025-01-23,usb c cable,16
7537,2025-01-23,coffee,23
7538,2025-01-23,sunscreen,74
7539,2025-01-23,instant noodles,118
7540,2025-01-23,laundry detergent,77
7541,2025-01-24,energy drinks,25
7542,2025-01-24,phone charger,69
7543,2025-01-24,protein snacks,45
7544,2025-01-24,paper towels,59
7545,2025-01-24,sparkling water,41
7546,2025-01-24,usb c cable,61
7547,2025-01-24,coffee,42
7548,2025-01-24,sunscreen,52
7549,2025-01-24,instant noodles,96
7550,2025-01-24,laundry detergent,34
7551,2025-01-25,energy drinks,72
7552,2025-01-25,phone charger,36
7553,2025-01-25,protein snacks,52
7554,2025-01-25,paper towels,24
7555,2025-01-25,sparkling water,16
7556,2025-01-25,usb c cable,74
7557,2025-01-25,coffee,100
7558,2025-01-25,sunscreen,58
7559,2025-01-25,instant noodles,92
7560,2025-01-25,laundry detergent,69
7561,2025-01-26,energy drinks,12
7562,2025-01-26,phone charger,14
7563,2025-01-26,protein snacks,30
7564,2025-01-26,paper towels,90
7565,2025-01-26,sparkling water,41
7566,2025-01-26,usb c cable,66
7567,2025-01-26,coffee,44
7568,2025-01-26,sunscreen,70
7569,2025-01-26,instant noodles,62
7570,2025-01-26,laundry detergent,40
7571,2025-01-27,energy drinks,38
7572,2025-01-27,phone charger,24
7573,2025-01-27,protein snacks,60
7574,2025-01-27,paper towels,20
7575,2025-01-27,sparkling water,52
7576,2025-01-27,usb c cable,16
7577,2025-01-27,coffee,87
7578,2025-01-27,sunscreen,27
7579,2025-01-27,instant noodles,15
7580,2025-01-27,laundry detergent,67
7581,2025-01-28,energy drinks,48
7582,2025-01-28,phone charger,20
7583,2025-01-28,protein snacks,78
7584,2025-01-28,paper towels,103
7585,2025-01-28,sparkling water,75
7586,2025-01-28,usb c cable,63
7587,2025-01-28,coffee,31
7588,2025-01-28,sunscreen,15
7589,2025-01-28,instant noodles,117
7590,2025-01-28,laundry detergent,41
7591,2025-01-29,energy drinks,50
7592,2025-01-29,phone charger,46
7593,2025-01-29,protein snacks,60
7594,2025-01-29,paper towels,46
7595,2025-01-29,sparkling water,49
7596,2025-01-29,usb c cable,49
7597,2025-01-29,coffee,81
7598,2025-01-29,sunscreen,77
7599,2025-01-29,instant noodles,64
7600,2025-01-29,laundry detergent,53
7601,2025-01-30,energy drinks,35
7602,2025-01-30,phone charger,54
7603,2025-01-30,protein snacks,45
7604,2025-01-30,paper towels,69
7605,2025-01-30,sparkling water,67
7606,2025-01-30,usb c cable,39
7607,2025-01-30,coffee,52
7608,2025-01-30,sunscreen,36
7609,2025-01-30,instant noodles,88
7610,2025-01-30,laundry detergent,46
7611,2025-01-31,energy drinks,69
7612,2025-01-31,phone charger,56
7613,2025-01-31,protein snacks,45
7614,2025-01-31,paper towels,117
7615,2025-01-31,sparkling water,79
7616,2025-01-31,usb c cable,58
7617,2025-01-31,coffee,43
7618,2025-01-31,sunscreen,50
7619,2025-01-31,instant noodles,96
7620,2025-01-31,laundry detergent,28
7621,2025-02-01,energy drinks,40
7622,2025-02-01,phone charger,38
7623,2025-02-01,protein snacks,33
7624,2025-02-01,paper towels,61
7625,2025-02-01,sparkling water,64
7626,2025-02-01,usb c cable,44
7627,2025-02-01,coffee,115
7628,2025-02-01,sunscreen,66
7629,2025-02-01,instant noodles,66
7630,2025-02-01,laundry detergent,25
7631,2025-02-02,energy drinks,49
7632,2025-02-02,phone charger,61
7633,2025-02-02,protein snacks,75
7634,2025-02-02,paper towels,81
7635,2025-02-02,sparkling water,70
7636,2025-02-02,usb c cable,35
7637,2025-02-02,coffee,20
7638,2025-02-02,sunscreen,75
7639,2025-02-02,instant noodles,27
7640,2025-02-02,laundry detergent,73
7641,2025-02-03,energy drinks,15
7642,2025-02-03,phone charger,45
7643,2025-02-03,protein snacks,62
7644,2025-02-03,paper towels,65
7645,2025-02-03,sparkling water,36
7646,2025-02-03,usb c cable,58
7647,2025-02-03,coffee,26
7648,2025-02-03,sunscreen,70
7649,2025-02-03,instant noodles,121
7650,2025-02-03,laundry detergent,23
7651,2025-02-04,energy drinks,27
7652,2025-02-04,phone charger,46
7653,2025-02-04,protein snacks,30
7654,2025-02-04,paper towels,32
7655,2025-02-04,sparkling water,60
7656,2025-02-04,usb c cable,22
7657,2025-02-04,coffee,106
7658,2025-02-04,sunscreen,69
7659,2025-02-04,instant noodles,81
7660,2025-02-04,laundry detergent,49
7661,2025-02-05,energy drinks,11
7662,2025-02-05,phone charger,26
7663,2025-02-05,protein snacks,38
7664,2025-02-05,paper towels,50
7665,2025-02-05,sparkling water,41
7666,2025-02-05,usb c cable,56
7667,2025-02-05,coffee,91
7668,2025-02-05,sunscreen,64
7669,2025-02-05,instant noodles,29
7670,2025-02-05,laundry detergent,39
7671,2025-02-06,energy drinks,17
7672,2025-02-06,phone charger,16
7673,2025-02-06,protein snacks,47
7674,2025-02-06,paper towels,27
7675,2025-02-06,sparkling water,27
7676,2025-02-06,usb c cable,61
7677,2025-02-06,coffee,46
7678,2025-02-06,sunscreen,53
7679,2025-02-06,instant noodles,95
7680,2025-02-06,laundry detergent,64
7681,2025-02-07,energy drinks,57
7682,2025-02-07,phone charger,48
7683,2025-02-07,protein snacks,71
7684,2025-02-07,paper towels,55
7685,2025-02-07,sparkling water,55
7686,2025-02-07,usb c cable,18
7687,2025-02-07,coffee,105
7688,2025-02-07,sunscreen,66
7689,2025-02-07,instant noodles,36
7690,2025-02-07,laundry detergent,73
7691,2025-02-08,energy drinks,71
7692,2025-02-08,phone charger,20
7693,2025-02-08,protein snacks,22
7694,2025-02-08,paper towels,97
7695,2025-02-08,sparkling water,58
7696,2025-02-08,usb c cable,41
7697,2025-02-08,coffee,100
7698,2025-02-08,sunscreen,38
7699,2025-02-08,instant noodles,52
7700,2025-02-08,laundry detergent,21
7701,2025-02-09,energy drinks,37
7702,2025-02-09,phone charger,32
7703,2025-02-09,protein snacks,53
7704,2025-02-09,paper towels,94
7705,2025-02-09,sparkling water,77
7706,2025-02-09,usb c cable,29
7707,2025-02-09,coffee,92
7708,2025-02-09,sunscreen,33
7709,2025-02-09,instant noodles,21
7710,2025-02-09,laundry detergent,12
7711,2025-02-10,energy drinks,75
7712,2025-02-10,phone charger,56
7713,2025-02-10,protein snacks,12
7714,2025-02-10,paper towels,123
7715,2025-02-10,sparkling water,66
7716,2025-02-10,usb c cable,66
7717,2025-02-10,coffee,30
7718,2025-02-10,sunscreen,57
7719,2025-02-10,instant noodles,49
7720,2025-02-10,laundry detergent,44
7721,2025-02-11,energy drinks,48
7722,2025-02-11,phone charger,49
7723,2025-02-11,protein snacks,56
7724,2025-02-11,paper towels,92
7725,2025-02-11,sparkling water,45
7726,2025-02-11,usb c cable,10
7727,2025-02-11,coffee,27
7728,2025-02-11,sunscreen,15
7729,2025-02-11,instant noodles,28
7730,2025-02-11,laundry detergent,63
7731,2025-02-12,energy drinks,46
7732,2025-02-12,phone charger,33
7733,2025-02-12,protein snacks,79
7734,2025-02-12,paper towels,117
7735,2025-02-12,sparkling water,48
7736,2025-02-12,usb c cable,43
7737,2025-02-12,coffee,45
7738,2025-02-12,sunscreen,50
7739,2025-02-12,instant noodles,136
7740,2025-02-12,laundry detergent,70
7741,2025-02-13,energy drinks,27
7742,2025-02-13,phone charger,74
7743,2025-02-13,protein snacks,38
7744,2025-02-13,paper towels,113
7745,2025-02-13,sparkling water,45
7746,2025-02-13,usb c cable,25
7747,2025-02-13,coffee,115
7748,2025-02-13,sunscreen,15
7749,2025-02-13,instant noodles,34
7750,2025-02-13,laundry detergent,44
7751,2025-02-14,energy drinks,15
7752,2025-02-14,phone charger,73
7753,2025-02-14,protein snacks,38
7754,2025-02-14,paper towels,54
7755,2025-02-14,sparkling water,54
7756,2025-02-14,usb c cable,15
7757,2025-02-14,coffee,45
7758,2025-02-14,sunscreen,71
7759,2025-02-14,instant noodles,91
7760,2025-02-14,laundry detergent,12
7761,2025-02-15,energy drinks,45
7762,2025-02-15,phone charger,28
7763,2025-02-15,protein snacks,11
7764,2025-02-15,paper towels,41
7765,2025-02-15,sparkling water,28
7766,2025-02-15,usb c cable,16
7767,2025-02-15,coffee,46
7768,2025-02-15,sunscreen,57
7769,2025-02-15,instant noodles,89
7770,2025-02-15,laundry detergent,21
7771,2025-02-16,energy drinks,48
7772,2025-02-16,phone charger,52
7773,2025-02-16,protein snacks,10
7774,2025-02-16,paper towels,14
7775,2025-02-16,sparkling water,58
7776,2025-02-16,usb c cable,50
7777,2025-02-16,coffee,96
7778,2025-02-16,sunscreen,70
7779,2025-02-16,instant noodles,82
7780,2025-02-16,laundry detergent,32
7781,2025-02-17,energy drinks,45
7782,2025-02-17,phone charger,58
7783,2025-02-17,protein snacks,17
7784,2025-02-17,paper towels,103
7785,2025-02-17,sparkling water,10
7786,2025-02-17,usb c cable,12
7787,2025-02-17,coffee,101
7788,2025-02-17,sunscreen,15
7789,2025-02-17,instant noodles,98
7790,2025-02-17,laundry detergent,65
7791,2025-02-18,energy drinks,67
7792,2025-02-18,phone charger,23
7793,2025-02-18,protein snacks,10
7794,2025-02-18,paper towels,16
7795,2025-02-18,sparkling water,16
7796,2025-02-18,usb c cable,34
7797,2025-02-18,coffee,97
7798,2025-02-18,sunscreen,69
7799,2025-02-18,instant noodles,115
7800,2025-02-18,laundry detergent,13
7801,2025-02-19,energy drinks,74
7802,2025-02-19,phone charger,35
7803,2025-02-19,protein snacks,14
7804,2025-02-19,paper towels,59
7805,2025-02-19,sparkling water,20
7806,2025-02-19,usb c cable,23
7807,2025-02-19,coffee,56
7808,2025-02-19,sunscreen,32
7809,2025-02-19,instant noodles,128
7810,2025-02-19,laundry detergent,12
7811,2025-02-20,energy drinks,57
7812,2025-02-20,phone charger,74
7813,2025-02-20,protein snacks,33
7814,2025-02-20,paper towels,88
7815,2025-02-20,sparkling water,39
7816,2025-02-20,usb c cable,17
7817,2025-02-20,coffee,89
7818,2025-02-20,sunscreen,73
7819,2025-02-20,instant noodles,91
7820,2025-02-20,laundry detergent,41
7821,2025-02-21,energy drinks,20
7822,2025-02-21,phone charger,17
7823,2025-02-21,protein snacks,78
7824,2025-02-21,paper towels,68
7825,2025-02-21,sparkling water,34
7826,2025-02-21,usb c cable,37
7827,2025-02-21,coffee,94
7828,2025-02-21,sunscreen,35
7829,2025-02-21,instant noodles,40
7830,2025-02-21,laundry detergent,30
7831,2025-02-22,energy drinks,72
7832,2025-02-22,phone charger,52
7833,2025-02-22,protein snacks,74
7834,2025-02-22,paper towels,82
7835,2025-02-22,sparkling water,28
7836,2025-02-22,usb c cable,30
7837,2025-02-22,coffee,65
7838,2025-02-22,sunscreen,43
7839,2025-02-22,instant noodles,71
7840,2025-02-22,laundry detergent,38
7841,2025-02-23,energy drinks,35
7842,2025-02-23,phone charger,40
7843,2025-02-23,protein snacks,78
7844,2025-02-23,paper towels,69
7845,2025-02-23,sparkling water,47
7846,2025-02-23,usb c cable,68
7847,2025-02-23,coffee,71
7848,2025-02-23,sunscreen,43
7849,2025-02-23,instant noodles,46
7850,2025-02-23,laundry detergent,56
7851,2025-02-24,energy drinks,36
7852,2025-02-24,phone charger,63
7853,2025-02-24,protein snacks,67
7854,2025-02-24,paper towels,37
7855,2025-02-24,sparkling water,78
7856,2025-02-24,usb c cable,45
7857,2025-02-24,coffee,32
7858,2025-02-24,sunscreen,38
7859,2025-02-24,instant noodles,21
7860,2025-02-24,laundry detergent,20
7861,2025-02-25,energy drinks,12
7862,2025-02-25,phone charger,46
7863,2025-02-25,protein snacks,65
7864,2025-02-25,paper towels,67
7865,2025-02-25,sparkling water,56
7866,2025-02-25,usb c cable,69
7867,2025-02-25,coffee,77
7868,2025-02-25,sunscreen,37
7869,2025-02-25,instant noodles,88
7870,2025-02-25,laundry detergent,38
7871,2025-02-26,energy drinks,75
7872,2025-02-26,phone charger,14
7873,2025-02-26,protein snacks,18
7874,2025-02-26,paper towels,97
7875,2025-02-26,sparkling water,73
7876,2025-02-26,usb c cable,30
7877,2025-02-26,coffee,73
7878,2025-02-26,sunscreen,12
7879,2025-02-26,instant noodles,38
7880,2025-02-26,laundry detergent,56
7881,2025-02-27,energy drinks,66
7882,2025-02-27,phone charger,44
7883,2025-02-27,protein snacks,16
7884,2025-02-27,paper towels,72
7885,2025-02-27,sparkling water,37
7886,2025-02-27,usb c cable,39
7887,2025-02-27,coffee,19
7888,2025-02-27,sunscreen,41
7889,2025-02-27,instant noodles,77
7890,2025-02-27,laundry detergent,52
7891,2025-02-28,energy drinks,75
7892,2025-02-28,phone charger,51
7893,2025-02-28,protein snacks,76
7894,2025-02-28,paper towels,22
7895,2025-02-28,sparkling water,74
7896,2025-02-28,usb c cable,59
7897,2025-02-28,coffee,32
7898,2025-02-28,sunscreen,69
7899,2025-02-28,instant noodles,87
7900,2025-02-28,laundry detergent,74
7901,2025-03-01,energy drinks,54
7902,2025-03-01,phone charger,41
7903,2025-03-01,protein snacks,40
7904,2025-03-01,paper towels,68
7905,2025-03-01,sparkling water,70
7906,2025-03-01,usb c cable,36
7907,2025-03-01,coffee,78
7908,2025-03-01,sunscreen,22
7909,2025-03-01,instant noodles,48
7910,2025-03-01,laundry detergent,78
7911,2025-03-02,energy drinks,47
7912,2025-03-02,phone charger,29
7913,2025-03-02,protein snacks,34
7914,2025-03-02,paper towels,54
7915,2025-03-02,sparkling water,28
7916,2025-03-02,usb c cable,45
7917,2025-03-02,coffee,32
7918,2025-03-02,sunscreen,31
7919,2025-03-02,instant noodles,42
7920,2025-03-02,laundry detergent,38
7921,2025-03-03,energy drinks,36
7922,2025-03-03,phone charger,77
7923,2025-03-03,protein snacks,37
7924,2025-03-03,paper towels,20
7925,2025-03-03,sparkling water,40
7926,2025-03-03,usb c cable,12
7927,2025-03-03,coffee,30
7928,2025-03-03,sunscreen,31
7929,2025-03-03,instant noodles,20
7930,2025-03-03,laundry detergent,78
7931,2025-03-04,energy drinks,23
7932,2025-03-04,phone charger,77
7933,2025-03-04,protein snacks,53
7934,2025-03-04,paper towels,39
7935,2025-03-04,sparkling water,64
7936,2025-03-04,usb c cable,34
7937,2025-03-04,coffee,19
7938,2025-03-04,sunscreen,72
7939,2025-03-04,instant noodles,31
7940,2025-03-04,laundry detergent,62
7941,2025-03-05,energy drinks,34
7942,2025-03-05,phone charger,62
7943,2025-03-05,protein snacks,33
7944,2025-03-05,paper towels,46
7945,2025-03-05,sparkling water,54
7946,2025-03-05,usb c cable,23
7947,2025-03-05,coffee,48
7948,2025-03-05,sunscreen,77
7949,2025-03-05,instant noodles,14
7950,2025-03-05,laundry detergent,33
7951,2025-03-06,energy drinks,49
7952,2025-03-06,phone charger,52
7953,2025-03-06,protein snacks,24
7954,2025-03-06,paper towels,30
7955,2025-03-06,sparkling water,69
7956,2025-03-06,usb c cable,14
7957,2025-03-06,coffee,19
7958,2025-03-06,sunscreen,59
7959,2025-03-06,instant noodles,75
7960,2025-03-06,laundry detergent,69
7961,2025-03-07,energy drinks,77
7962,2025-03-07,phone charger,70
7963,2025-03-07,protein snacks,21
7964,2025-03-07,paper towels,32
7965,2025-03-07,sparkling water,41
7966,2025-03-07,usb c cable,35
7967,2025-03-07,coffee,67
7968,2025-03-07,sunscreen,37
7969,2025-03-07,instant noodles,29
7970,2025-03-07,laundry detergent,64
7971,2025-03-08,energy drinks,14
7972,2025-03-08,phone charger,59
7973,2025-03-08,protein snacks,19
7974,2025-03-08,paper towels,18
7975,2025-03-08,sparkling water,10
7976,2025-03-08,usb c cable,42
7977,2025-03-08,coffee,68
7978,2025-03-08,sunscreen,25
7979,2025-03-08,instant noodles,75
7980,2025-03-08,laundry detergent,19
7981,2025-03-09,energy drinks,36
7982,2025-03-09,phone charger,64
7983,2025-03-09,protein snacks,45
7984,2025-03-09,paper towels,64
7985,2025-03-09,sparkling water,63
7986,2025-03-09,usb c cable,40
7987,2025-03-09,coffee,51
7988,2025-03-09,sunscreen,35
7989,2025-03-09,instant noodles,29
7990,2025-03-09,laundry detergent,21
7991,2025-03-10,energy drinks,56
7992,2025-03-10,phone charger,38
7993,2025-03-10,protein snacks,60
7994,2025-03-10,paper towels,25
7995,2025-03-10,sparkling water,35
7996,2025-03-10,usb c cable,27
7997,2025-03-10,coffee,62
7998,2025-03-10,sunscreen,40
7999,2025-03-10,instant noodles,62
8000,2025-03-10,laundry detergent,66
8001,2025-03-11,energy drinks,24
8002,2025-03-11,phone charger,33
8003,2025-03-11,protein snacks,68
8004,2025-03-11,paper towels,74
8005,2025-03-11,sparkling water,30
8006,2025-03-11,usb c cable,23
8007,2025-03-11,coffee,67
8008,2025-03-11,sunscreen,38
8009,2025-03-11,instant noodles,76
8010,2025-03-11,laundry detergent,74
8011,2025-03-12,energy drinks,34
8012,2025-03-12,phone charger,16
8013,2025-03-12,protein snacks,22
8014,2025-03-12,paper towels,29
8015,2025-03-12,sparkling water,18
8016,2025-03-12,usb c cable,14
8017,2025-03-12,coffee,37
8018,2025-03-12,sunscreen,35
8019,2025-03-12,instant noodles,79
8020,2025-03-12,laundry detergent,15
8021,2025-03-13,energy drinks,38
8022,2025-03-13,phone charger,69
8023,2025-03-13,protein snacks,19
8024,2025-03-13,paper towels,70
8025,2025-03-13,sparkling water,23
8026,2025-03-13,usb c cable,30
8027,2025-03-13,coffee,64
8028,2025-03-13,sunscreen,63
8029,2025-03-13,instant noodles,46
8030,2025-03-13,laundry detergent,55
8031,2025-03-14,energy drinks,56
8032,2025-03-14,phone charger,23
8033,2025-03-14,protein snacks,73
8034,2025-03-14,paper towels,48
8035,2025-03-14,sparkling water,66
8036,2025-03-14,usb c cable,22
8037,2025-03-14,coffee,39
8038,2025-03-14,sunscreen,17
8039,2025-03-14,instant noodles,22
8040,2025-03-14,laundry detergent,45
8041,2025-03-15,energy drinks,70
8042,2025-03-15,phone charger,65
8043,2025-03-15,protein snacks,35
8044,2025-03-15,paper towels,18
8045,2025-03-15,sparkling water,50
8046,2025-03-15,usb c cable,24
8047,2025-03-15,coffee,10
8048,2025-03-15,sunscreen,10
8049,2025-03-15,instant noodles,71
8050,2025-03-15,laundry detergent,15
8051,2025-03-16,energy drinks,10
8052,2025-03-16,phone charger,28
8053,2025-03-16,protein snacks,75
8054,2025-03-16,paper towels,11
8055,2025-03-16,sparkling water,25
8056,2025-03-16,usb c cable,47
8057,2025-03-16,coffee,75
8058,2025-03-16,sunscreen,11
8059,2025-03-16,instant noodles,26
8060,2025-03-16,laundry detergent,61
8061,2025-03-17,energy drinks,78
8062,2025-03-17,phone charger,56
8063,2025-03-17,protein snacks,42
8064,2025-03-17,paper towels,60
8065,2025-03-17,sparkling water,31
8066,2025-03-17,usb c cable,73
8067,2025-03-17,coffee,67
8068,2025-03-17,sunscreen,35
8069,2025-03-17,instant noodles,44
8070,2025-03-17,laundry detergent,11
8071,2025-03-18,energy drinks,47
8072,2025-03-18,phone charger,77
8073,2025-03-18,protein snacks,53
8074,2025-03-18,paper towels,59
8075,2025-03-18,sparkling water,68
8076,2025-03-18,usb c cable,34
8077,2025-03-18,coffee,30
8078,2025-03-18,sunscreen,67
8079,2025-03-18,instant noodles,51
8080,2025-03-18,laundry detergent,59
8081,2025-03-19,energy drinks,53
8082,2025-03-19,phone charger,67
8083,2025-03-19,protein snacks,28
8084,2025-03-19,paper towels,22
8085,2025-03-19,sparkling water,25
8086,2025-03-19,usb c cable,33
8087,2025-03-19,coffee,61
8088,2025-03-19,sunscreen,66
8089,2025-03-19,instant noodles,43
8090,2025-03-19,laundry detergent,48
8091,2025-03-20,energy drinks,13
8092,2025-03-20,phone charger,30
8093,2025-03-20,protein snacks,41
8094,2025-03-20,paper towels,61
8095,2025-03-20,sparkling water,11
8096,2025-03-20,usb c cable,43
8097,2025-03-20,coffee,68
8098,2025-03-20,sunscreen,41
8099,2025-03-20,instant noodles,56
8100,2025-03-20,laundry detergent,17
8101,2025-03-21,energy drinks,32
8102,2025-03-21,phone charger,54
8103,2025-03-21,protein snacks,57
8104,2025-03-21,paper towels,24
8105,2025-03-21,sparkling water,13
8106,2025-03-21,usb c cable,29
8107,2025-03-21,coffee,73
8108,2025-03-21,sunscreen,58
8109,2025-03-21,instant noodles,71
8110,2025-03-21,laundry detergent,17
8111,2025-03-22,energy drinks,43
8112,2025-03-22,phone charger,71
8113,2025-03-22,protein snacks,18
8114,2025-03-22,paper towels,74
8115,2025-03-22,sparkling water,20
8116,2025-03-22,usb c cable,75
8117,2025-03-22,coffee,78
8118,2025-03-22,sunscreen,57
8119,2025-03-22,instant noodles,40
8120,2025-03-22,laundry detergent,49
8121,2025-03-23,energy drinks,15
8122,2025-03-23,phone charger,11
8123,2025-03-23,protein snacks,71
8124,2025-03-23,paper towels,71
8125,2025-03-23,sparkling water,79
8126,2025-03-23,usb c cable,24
8127,2025-03-23,coffee,75
8128,2025-03-23,sunscreen,42
8129,2025-03-23,instant noodles,41
8130,2025-03-23,laundry detergent,77
8131,2025-03-24,energy drinks,76
8132,2025-03-24,phone charger,26
8133,2025-03-24,protein snacks,61
8134,2025-03-24,paper towels,48
8135,2025-03-24,sparkling water,16
8136,2025-03-24,usb c cable,11
8137,2025-03-24,coffee,77
8138,2025-03-24,sunscreen,46
8139,2025-03-24,instant noodles,33
8140,2025-03-24,laundry detergent,56
8141,2025-03-25,energy drinks,11
8142,2025-03-25,phone charger,64
8143,2025-03-25,protein snacks,52
8144,2025-03-25,paper towels,68
8145,2025-03-25,sparkling water,46
8146,2025-03-25,usb c cable,11
8147,2025-03-25,coffee,23
8148,2025-03-25,sunscreen,27
8149,2025-03-25,instant noodles,43
8150,2025-03-25,laundry detergent,43
8151,2025-03-26,energy drinks,45
8152,2025-03-26,phone charger,64
8153,2025-03-26,protein snacks,61
8154,2025-03-26,paper towels,45
8155,2025-03-26,sparkling water,25
8156,2025-03-26,usb c cable,50
8157,2025-03-26,coffee,65
8158,2025-03-26,sunscreen,41
8159,2025-03-26,instant noodles,51
8160,2025-03-26,laundry detergent,31
8161,2025-03-27,energy drinks,46
8162,2025-03-27,phone charger,17
8163,2025-03-27,protein snacks,16
8164,2025-03-27,paper towels,19
8165,2025-03-27,sparkling water,53
8166,2025-03-27,usb c cable,49
8167,2025-03-27,coffee,43
8168,2025-03-27,sunscreen,16
8169,2025-03-27,instant noodles,33
8170,2025-03-27,laundry detergent,21
8171,2025-03-28,energy drinks,56
8172,2025-03-28,phone charger,75
8173,2025-03-28,protein snacks,50
8174,2025-03-28,paper towels,29
8175,2025-03-28,sparkling water,29
8176,2025-03-28,usb c cable,21
8177,2025-03-28,coffee,79
8178,2025-03-28,sunscreen,76
8179,2025-03-28,instant noodles,39
8180,2025-03-28,laundry detergent,33
8181,2025-03-29,energy drinks,64
8182,2025-03-29,phone charger,57
8183,2025-03-29,protein snacks,58
8184,2025-03-29,paper towels,72
8185,2025-03-29,sparkling water,38
8186,2025-03-29,usb c cable,38
8187,2025-03-29,coffee,48
8188,2025-03-29,sunscreen,42
8189,2025-03-29,instant noodles,22
8190,2025-03-29,laundry detergent,37
8191,2025-03-30,energy drinks,20
8192,2025-03-30,phone charger,25
8193,2025-03-30,protein snacks,42
8194,2025-03-30,paper towels,67
8195,2025-03-30,sparkling water,51
8196,2025-03-30,usb c cable,22
8197,2025-03-30,coffee,75
8198,2025-03-30,sunscreen,59
8199,2025-03-30,instant noodles,35
8200,2025-03-30,laundry detergent,69
8201,2025-03-31,energy drinks,21
8202,2025-03-31,phone charger,12
8203,2025-03-31,protein snacks,27
8204,2025-03-31,paper towels,63
8205,2025-03-31,sparkling water,59
8206,2025-03-31,usb c cable,18
8207,2025-03-31,coffee,51
8208,2025-03-31,sunscreen,64
8209,2025-03-31,instant noodles,50
8210,2025-03-31,laundry detergent,73
8211,2025-04-01,energy drinks,58
8212,2025-04-01,phone charger,11
8213,2025-04-01,protein snacks,40
8214,2025-04-01,paper towels,65
8215,2025-04-01,sparkling water,16
8216,2025-04-01,usb c cable,70
8217,2025-04-01,coffee,43
8218,2025-04-01,sunscreen,49
8219,2025-04-01,instant noodles,57
8220,2025-04-01,laundry detergent,30
8221,2025-04-02,energy drinks,58
8222,2025-04-02,phone charger,11
8223,2025-04-02,protein snacks,29
8224,2025-04-02,paper towels,28
8225,2025-04-02,sparkling water,39
8226,2025-04-02,usb c cable,29
8227,2025-04-02,coffee,40
8228,2025-04-02,sunscreen,26
8229,2025-04-02,instant noodles,12
8230,2025-04-02,laundry detergent,20
8231,2025-04-03,energy drinks,12
8232,2025-04-03,phone charger,54
8233,2025-04-03,protein snacks,68
8234,2025-04-03,paper towels,65
8235,2025-04-03,sparkling water,64
8236,2025-04-03,usb c cable,36
8237,2025-04-03,coffee,10
8238,2025-04-03,sunscreen,14
8239,2025-04-03,instant noodles,59
8240,2025-04-03,laundry detergent,13
8241,2025-04-04,energy drinks,50
8242,2025-04-04,phone charger,28
8243,2025-04-04,protein snacks,34
8244,2025-04-04,paper towels,16
8245,2025-04-04,sparkling water,26
8246,2025-04-04,usb c cable,42
8247,2025-04-04,coffee,69
8248,2025-04-04,sunscreen,42
8249,2025-04-04,instant noodles,37
8250,2025-04-04,laundry detergent,26
8251,2025-04-05,energy drinks,57
8252,2025-04-05,phone charger,21
8253,2025-04-05,protein snacks,12
8254,2025-04-05,paper towels,75
8255,2025-04-05,sparkling water,61
8256,2025-04-05,usb c cable,70
8257,2025-04-05,coffee,23
8258,2025-04-05,sunscreen,76
8259,2025-04-05,instant noodles,14
8260,2025-04-05,laundry detergent,72
8261,2025-04-06,energy drinks,68
8262,2025-04-06,phone charger,67
8263,2025-04-06,protein snacks,62
8264,2025-04-06,paper towels,53
8265,2025-04-06,sparkling water,36
8266,2025-04-06,usb c cable,23
8267,2025-04-06,coffee,16
8268,2025-04-06,sunscreen,78
8269,2025-04-06,instant noodles,73
8270,2025-04-06,laundry detergent,41
8271,2025-04-07,energy drinks,41
8272,2025-04-07,phone charger,28
8273,2025-04-07,protein snacks,63
8274,2025-04-07,paper towels,26
8275,2025-04-07,sparkling water,58
8276,2025-04-07,usb c cable,20
8277,2025-04-07,coffee,31
8278,2025-04-07,sunscreen,34
8279,2025-04-07,instant noodles,54
8280,2025-04-07,laundry detergent,46
8281,2025-04-08,energy drinks,20
8282,2025-04-08,phone charger,53
8283,2025-04-08,protein snacks,51
8284,2025-04-08,paper towels,36
8285,2025-04-08,sparkling water,52
8286,2025-04-08,usb c cable,75
8287,2025-04-08,coffee,42
8288,2025-04-08,sunscreen,11
8289,2025-04-08,instant noodles,19
8290,2025-04-08,laundry detergent,42
8291,2025-04-09,energy drinks,78
8292,2025-04-09,phone charger,33
8293,2025-04-09,protein snacks,60
8294,2025-04-09,paper towels,74
8295,2025-04-09,sparkling water,40
8296,2025-04-09,usb c cable,35
8297,2025-04-09,coffee,70
8298,2025-04-09,sunscreen,56
8299,2025-04-09,instant noodles,52
8300,2025-04-09,laundry detergent,21
8301,2025-04-10,energy drinks,23
8302,2025-04-10,phone charger,14
8303,2025-04-10,protein snacks,41
8304,2025-04-10,paper towels,17
8305,2025-04-10,sparkling water,31
8306,2025-04-10,usb c cable,76
8307,2025-04-10,coffee,56
8308,2025-04-10,sunscreen,47
8309,2025-04-10,instant noodles,42
8310,2025-04-10,laundry detergent,58
8311,2025-04-11,energy drinks,61
8312,2025-04-11,phone charger,70
8313,2025-04-11,protein snacks,59
8314,2025-04-11,paper towels,59
8315,2025-04-11,sparkling water,67
8316,2025-04-11,usb c cable,57
8317,2025-04-11,coffee,11
8318,2025-04-11,sunscreen,55
8319,2025-04-11,instant noodles,51
8320,2025-04-11,laundry detergent,18
8321,2025-04-12,energy drinks,61
8322,2025-04-12,phone charger,28
8323,2025-04-12,protein snacks,45
8324,2025-04-12,paper towels,47
8325,2025-04-12,sparkling water,69
8326,2025-04-12,usb c cable,71
8327,2025-04-12,coffee,45
8328,2025-04-12,sunscreen,71
8329,2025-04-12,instant noodles,61
8330,2025-04-12,laundry detergent,66
8331,2025-04-13,energy drinks,26
8332,2025-04-13,phone charger,69
8333,2025-04-13,protein snacks,28
8334,2025-04-13,paper towels,43
8335,2025-04-13,sparkling water,21
8336,2025-04-13,usb c cable,59
8337,2025-04-13,coffee,68
8338,2025-04-13,sunscreen,35
8339,2025-04-13,instant noodles,46
8340,2025-04-13,laundry detergent,72
8341,2025-04-14,energy drinks,74
8342,2025-04-14,phone charger,62
8343,2025-04-14,protein snacks,48
8344,2025-04-14,paper towels,68
8345,2025-04-14,sparkling water,53
8346,2025-04-14,usb c cable,12
8347,2025-04-14,coffee,70
8348,2025-04-14,sunscreen,36
8349,2025-04-14,instant noodles,17
8350,2025-04-14,laundry detergent,73
8351,2025-04-15,energy drinks,32
8352,2025-04-15,phone charger,49
8353,2025-04-15,protein snacks,35
8354,2025-04-15,paper towels,62
8355,2025-04-15,sparkling water,72
8356,2025-04-15,usb c cable,61
8357,2025-04-15,coffee,46
8358,2025-04-15,sunscreen,71
8359,2025-04-15,instant noodles,11
8360,2025-04-15,laundry detergent,77
8361,2025-04-16,energy drinks,51
8362,2025-04-16,phone charger,10
8363,2025-04-16,protein snacks,70
8364,2025-04-16,paper towels,14
8365,2025-04-16,sparkling water,46
8366,2025-04-16,usb c cable,78
8367,2025-04-16,coffee,61
8368,2025-04-16,sunscreen,18
8369,2025-04-16,instant noodles,23
8370,2025-04-16,laundry detergent,60
8371,2025-04-17,energy drinks,75
8372,2025-04-17,phone charger,70
8373,2025-04-17,protein snacks,77
8374,2025-04-17,paper towels,76
8375,2025-04-17,sparkling water,51
8376,2025-04-17,usb c cable,46
8377,2025-04-17,coffee,69
8378,2025-04-17,sunscreen,11
8379,2025-04-17,instant noodles,13
8380,2025-04-17,laundry detergent,60
8381,2025-04-18,energy drinks,61
8382,2025-04-18,phone charger,37
8383,2025-04-18,protein snacks,22
8384,2025-04-18,paper towels,61
8385,2025-04-18,sparkling water,28
8386,2025-04-18,usb c cable,28
8387,2025-04-18,coffee,53
8388,2025-04-18,sunscreen,35
8389,2025-04-18,instant noodles,30
8390,2025-04-18,laundry detergent,49
8391,2025-04-19,energy drinks,24
8392,2025-04-19,phone charger,18
8393,2025-04-19,protein snacks,65
8394,2025-04-19,paper towels,67
8395,2025-04-19,sparkling water,60
8396,2025-04-19,usb c cable,12
8397,2025-04-19,coffee,58
8398,2025-04-19,sunscreen,58
8399,2025-04-19,instant noodles,17
8400,2025-04-19,laundry detergent,32
8401,2025-04-20,energy drinks,56
8402,2025-04-20,phone charger,31
8403,2025-04-20,protein snacks,70
8404,2025-04-20,paper towels,12
8405,2025-04-20,sparkling water,58
8406,2025-04-20,usb c cable,57
8407,2025-04-20,coffee,47
8408,2025-04-20,sunscreen,69
8409,2025-04-20,instant noodles,64
8410,2025-04-20,laundry detergent,38
8411,2025-04-21,energy drinks,21
8412,2025-04-21,phone charger,27
8413,2025-04-21,protein snacks,74
8414,2025-04-21,paper towels,63
8415,2025-04-21,sparkling water,66
8416,2025-04-21,usb c cable,70
8417,2025-04-21,coffee,65
8418,2025-04-21,sunscreen,77
8419,2025-04-21,instant noodles,38
8420,2025-04-21,laundry detergent,66
8421,2025-04-22,energy drinks,78
8422,2025-04-22,phone charger,25
8423,2025-04-22,protein snacks,69
8424,2025-04-22,paper towels,40
8425,2025-04-22,sparkling water,78
8426,2025-04-22,usb c cable,39
8427,2025-04-22,coffee,33
8428,2025-04-22,sunscreen,30
8429,2025-04-22,instant noodles,14
8430,2025-04-22,laundry detergent,71
8431,2025-04-23,energy drinks,44
8432,2025-04-23,phone charger,74
8433,2025-04-23,protein snacks,40
8434,2025-04-23,paper towels,49
8435,2025-04-23,sparkling water,53
8436,2025-04-23,usb c cable,14
8437,2025-04-23,coffee,58
8438,2025-04-23,sunscreen,57
8439,2025-04-23,instant noodles,30
8440,2025-04-23,laundry detergent,56
8441,2025-04-24,energy drinks,11
8442,2025-04-24,phone charger,71
8443,2025-04-24,protein snacks,24
8444,2025-04-24,paper towels,66
8445,2025-04-24,sparkling water,78
8446,2025-04-24,usb c cable,10
8447,2025-04-24,coffee,20
8448,2025-04-24,sunscreen,43
8449,2025-04-24,instant noodles,26
8450,2025-04-24,laundry detergent,73
8451,2025-04-25,energy drinks,68
8452,2025-04-25,phone charger,23
8453,2025-04-25,protein snacks,51
8454,2025-04-25,paper towels,53
8455,2025-04-25,sparkling water,27
8456,2025-04-25,usb c cable,46
8457,2025-04-25,coffee,63
8458,2025-04-25,sunscreen,38
8459,2025-04-25,instant noodles,40
8460,2025-04-25,laundry detergent,61
8461,2025-04-26,energy drinks,68
8462,2025-04-26,phone charger,67
8463,2025-04-26,protein snacks,26
8464,2025-04-26,paper towels,10
8465,2025-04-26,sparkling water,78
8466,2025-04-26,usb c cable,76
8467,2025-04-26,coffee,54
8468,2025-04-26,sunscreen,39
8469,2025-04-26,instant noodles,12
8470,2025-04-26,laundry detergent,74
8471,2025-04-27,energy drinks,13
8472,2025-04-27,phone charger,24
8473,2025-04-27,protein snacks,79
8474,2025-04-27,paper towels,44
8475,2025-04-27,sparkling water,36
8476,2025-04-27,usb c cable,50
8477,2025-04-27,coffee,31
8478,2025-04-27,sunscreen,49
8479,2025-04-27,instant noodles,67
8480,2025-04-27,laundry detergent,46
8481,2025-04-28,energy drinks,67
8482,2025-04-28,phone charger,52
8483,2025-04-28,protein snacks,54
8484,2025-04-28,paper towels,21
8485,2025-04-28,sparkling water,78
8486,2025-04-28,usb c cable,78
8487,2025-04-28,coffee,68
8488,2025-04-28,sunscreen,59
8489,2025-04-28,instant noodles,35
8490,2025-04-28,laundry detergent,19
8491,2025-04-29,energy drinks,58
8492,2025-04-29,phone charger,12
8493,2025-04-29,protein snacks,73
8494,2025-04-29,paper towels,15
8495,2025-04-29,sparkling water,64
8496,2025-04-29,usb c cable,75
8497,2025-04-29,coffee,67
8498,2025-04-29,sunscreen,64
8499,2025-04-29,instant noodles,11
8500,2025-04-29,laundry detergent,40
8501,2025-04-30,energy drinks,52
8502,2025-04-30,phone charger,74
8503,2025-04-30,protein snacks,64
8504,2025-04-30,paper towels,74
8505,2025-04-30,sparkling water,34
8506,2025-04-30,usb c cable,76
8507,2025-04-30,coffee,48
8508,2025-04-30,sunscreen,50
8509,2025-04-30,instant noodles,59
8510,2025-04-30,laundry detergent,66
8511,2025-05-01,energy drinks,71
8512,2025-05-01,phone charger,28
8513,2025-05-01,protein snacks,61
8514,2025-05-01,paper towels,57
8515,2025-05-01,sparkling water,37
8516,2025-05-01,usb c cable,51
8517,2025-05-01,coffee,44
8518,2025-05-01,sunscreen,68
8519,2025-05-01,instant noodles,45
8520,2025-05-01,laundry detergent,17
8521,2025-05-02,energy drinks,10
8522,2025-05-02,phone charger,72
8523,2025-05-02,protein snacks,44
8524,2025-05-02,paper towels,18
8525,2025-05-02,sparkling water,15
8526,2025-05-02,usb c cable,50
8527,2025-05-02,coffee,33
8528,2025-05-02,sunscreen,69
8529,2025-05-02,instant noodles,13
8530,2025-05-02,laundry detergent,23
8531,2025-05-03,energy drinks,40
8532,2025-05-03,phone charger,48
8533,2025-05-03,protein snacks,28
8534,2025-05-03,paper towels,34
8535,2025-05-03,sparkling water,37
8536,2025-05-03,usb c cable,73
8537,2025-05-03,coffee,33
8538,2025-05-03,sunscreen,49
8539,2025-05-03,instant noodles,69
8540,2025-05-03,laundry detergent,24
8541,2025-05-04,energy drinks,63
8542,2025-05-04,phone charger,67
8543,2025-05-04,protein snacks,14
8544,2025-05-04,paper towels,48
8545,2025-05-04,sparkling water,72
8546,2025-05-04,usb c cable,10
8547,2025-05-04,coffee,29
8548,2025-05-04,sunscreen,78
8549,2025-05-04,instant noodles,58
8550,2025-05-04,laundry detergent,27
8551,2025-05-05,energy drinks,32
8552,2025-05-05,phone charger,27
8553,2025-05-05,protein snacks,69
8554,2025-05-05,paper towels,52
8555,2025-05-05,sparkling water,63
8556,2025-05-05,usb c cable,60
8557,2025-05-05,coffee,69
8558,2025-05-05,sunscreen,33
8559,2025-05-05,instant noodles,59
8560,2025-05-05,laundry detergent,46
8561,2025-05-06,energy drinks,66
8562,2025-05-06,phone charger,39
8563,2025-05-06,protein snacks,57
8564,2025-05-06,paper towels,30
8565,2025-05-06,sparkling water,24
8566,2025-05-06,usb c cable,41
8567,2025-05-06,coffee,56
8568,2025-05-06,sunscreen,51
8569,2025-05-06,instant noodles,14
8570,2025-05-06,laundry detergent,30
8571,2025-05-07,energy drinks,34
8572,2025-05-07,phone charger,47
8573,2025-05-07,protein snacks,34
8574,2025-05-07,paper towels,54
8575,2025-05-07,sparkling water,55
8576,2025-05-07,usb c cable,74
8577,2025-05-07,coffee,73
8578,2025-05-07,sunscreen,73
8579,2025-05-07,instant noodles,43
8580,2025-05-07,laundry detergent,77
8581,2025-05-08,energy drinks,60
8582,2025-05-08,phone charger,26
8583,2025-05-08,protein snacks,24
8584,2025-05-08,paper towels,76
8585,2025-05-08,sparkling water,66
8586,2025-05-08,usb c cable,78
8587,2025-05-08,coffee,19
8588,2025-05-08,sunscreen,27
8589,2025-05-08,instant noodles,17
8590,2025-05-08,laundry detergent,73
8591,2025-05-09,energy drinks,25
8592,2025-05-09,phone charger,13
8593,2025-05-09,protein snacks,29
8594,2025-05-09,paper towels,39
8595,2025-05-09,sparkling water,41
8596,2025-05-09,usb c cable,34
8597,2025-05-09,coffee,58
8598,2025-05-09,sunscreen,11
8599,2025-05-09,instant noodles,69
8600,2025-05-09,laundry detergent,76
8601,2025-05-10,energy drinks,40
8602,2025-05-10,phone charger,57
8603,2025-05-10,protein snacks,75
8604,2025-05-10,paper towels,57
8605,2025-05-10,sparkling water,39
8606,2025-05-10,usb c cable,26
8607,2025-05-10,coffee,28
8608,2025-05-10,sunscreen,55
8609,2025-05-10,instant noodles,47
8610,2025-05-10,laundry detergent,69
8611,2025-05-11,energy drinks,65
8612,2025-05-11,phone charger,37
8613,2025-05-11,protein snacks,16
8614,2025-05-11,paper towels,59
8615,2025-05-11,sparkling water,48
8616,2025-05-11,usb c cable,52
8617,2025-05-11,coffee,44
8618,2025-05-11,sunscreen,17
8619,2025-05-11,instant noodles,64
8620,2025-05-11,laundry detergent,77
8621,2025-05-12,energy drinks,26
8622,2025-05-12,phone charger,30
8623,2025-05-12,protein snacks,32
8624,2025-05-12,paper towels,76
8625,2025-05-12,sparkling water,40
8626,2025-05-12,usb c cable,53
8627,2025-05-12,coffee,36
8628,2025-05-12,sunscreen,58
8629,2025-05-12,instant noodles,34
8630,2025-05-12,laundry detergent,74
8631,2025-05-13,energy drinks,69
8632,2025-05-13,phone charger,51
8633,2025-05-13,protein snacks,40
8634,2025-05-13,paper towels,52
8635,2025-05-13,sparkling water,37
8636,2025-05-13,usb c cable,40
8637,2025-05-13,coffee,64
8638,2025-05-13,sunscreen,22
8639,2025-05-13,instant noodles,18
8640,2025-05-13,laundry detergent,52
8641,2025-05-14,energy drinks,57
8642,2025-05-14,phone charger,58
8643,2025-05-14,protein snacks,48
8644,2025-05-14,paper towels,13
8645,2025-05-14,sparkling water,22
8646,2025-05-14,usb c cable,53
8647,2025-05-14,coffee,10
8648,2025-05-14,sunscreen,53
8649,2025-05-14,instant noodles,62
8650,2025-05-14,laundry detergent,25
8651,2025-05-15,energy drinks,19
8652,2025-05-15,phone charger,75
8653,2025-05-15,protein snacks,12
8654,2025-05-15,paper towels,56
8655,2025-05-15,sparkling water,18
8656,2025-05-15,usb c cable,55
8657,2025-05-15,coffee,36
8658,2025-05-15,sunscreen,60
8659,2025-05-15,instant noodles,72
8660,2025-05-15,laundry detergent,68
8661,2025-05-16,energy drinks,47
8662,2025-05-16,phone charger,59
8663,2025-05-16,protein snacks,69
8664,2025-05-16,paper towels,79
8665,2025-05-16,sparkling water,53
8666,2025-05-16,usb c cable,43
8667,2025-05-16,coffee,61
8668,2025-05-16,sunscreen,19
8669,2025-05-16,instant noodles,56
8670,2025-05-16,laundry detergent,69
8671,2025-05-17,energy drinks,25
8672,2025-05-17,phone charger,43
8673,2025-05-17,protein snacks,37
8674,2025-05-17,paper towels,16
8675,2025-05-17,sparkling water,66
8676,2025-05-17,usb c cable,35
8677,2025-05-17,coffee,59
8678,2025-05-17,sunscreen,49
8679,2025-05-17,instant noodles,38
8680,2025-05-17,laundry detergent,23
8681,2025-05-18,energy drinks,23
8682,2025-05-18,phone charger,70
8683,2025-05-18,protein snacks,47
8684,2025-05-18,paper towels,17
8685,2025-05-18,sparkling water,38
8686,2025-05-18,usb c cable,48
8687,2025-05-18,coffee,45
8688,2025-05-18,sunscreen,61
8689,2025-05-18,instant noodles,58
8690,2025-05-18,laundry detergent,69
8691,2025-05-19,energy drinks,27
8692,2025-05-19,phone charger,40
8693,2025-05-19,protein snacks,69
8694,2025-05-19,paper towels,23
8695,2025-05-19,sparkling water,54
8696,2025-05-19,usb c cable,49
8697,2025-05-19,coffee,71
8698,2025-05-19,sunscreen,78
8699,2025-05-19,instant noodles,10
8700,2025-05-19,laundry detergent,41
8701,2025-05-20,energy drinks,76
8702,2025-05-20,phone charger,64
8703,2025-05-20,protein snacks,24
8704,2025-05-20,paper towels,70
8705,2025-05-20,sparkling water,65
8706,2025-05-20,usb c cable,48
8707,2025-05-20,coffee,31
8708,2025-05-20,sunscreen,28
8709,2025-05-20,instant noodles,70
8710,2025-05-20,laundry detergent,59
8711,2025-05-21,energy drinks,27
8712,2025-05-21,phone charger,70
8713,2025-05-21,protein snacks,54
8714,2025-05-21,paper towels,20
8715,2025-05-21,sparkling water,22
8716,2025-05-21,usb c cable,48
8717,2025-05-21,coffee,75
8718,2025-05-21,sunscreen,54
8719,2025-05-21,instant noodles,44
8720,2025-05-21,laundry detergent,42
8721,2025-05-22,energy drinks,40
8722,2025-05-22,phone charger,27
8723,2025-05-22,protein snacks,74
8724,2025-05-22,paper towels,58
8725,2025-05-22,sparkling water,24
8726,2025-05-22,usb c cable,73
8727,2025-05-22,coffee,16
8728,2025-05-22,sunscreen,66
8729,2025-05-22,instant noodles,58
8730,2025-05-22,laundry detergent,30
8731,2025-05-23,energy drinks,49
8732,2025-05-23,phone charger,21
8733,2025-05-23,protein snacks,31
8734,2025-05-23,paper towels,18
8735,2025-05-23,sparkling water,40
8736,2025-05-23,usb c cable,12
8737,2025-05-23,coffee,52
8738,2025-05-23,sunscreen,57
8739,2025-05-23,instant noodles,32
8740,2025-05-23,laundry detergent,70
8741,2025-05-24,energy drinks,24
8742,2025-05-24,phone charger,55
8743,2025-05-24,protein snacks,65
8744,2025-05-24,paper towels,23
8745,2025-05-24,sparkling water,57
8746,2025-05-24,usb c cable,54
8747,2025-05-24,coffee,33
8748,2025-05-24,sunscreen,62
8749,2025-05-24,instant noodles,28
8750,2025-05-24,laundry detergent,16
8751,2025-05-25,energy drinks,71
8752,2025-05-25,phone charger,56
8753,2025-05-25,protein snacks,59
8754,2025-05-25,paper towels,72
8755,2025-05-25,sparkling water,59
8756,2025-05-25,usb c cable,34
8757,2025-05-25,coffee,48
8758,2025-05-25,sunscreen,21
8759,2025-05-25,instant noodles,64
8760,2025-05-25,laundry detergent,32
8761,2025-05-26,energy drinks,68
8762,2025-05-26,phone charger,41
8763,2025-05-26,protein snacks,26
8764,2025-05-26,paper towels,37
8765,2025-05-26,sparkling water,52
8766,2025-05-26,usb c cable,58
8767,2025-05-26,coffee,53
8768,2025-05-26,sunscreen,66
8769,2025-05-26,instant noodles,23
8770,2025-05-26,laundry detergent,36
8771,2025-05-27,energy drinks,16
8772,2025-05-27,phone charger,65
8773,2025-05-27,protein snacks,56
8774,2025-05-27,paper towels,21
8775,2025-05-27,sparkling water,11
8776,2025-05-27,usb c cable,65
8777,2025-05-27,coffee,25
8778,2025-05-27,sunscreen,34
8779,2025-05-27,instant noodles,12
8780,2025-05-27,laundry detergent,54
8781,2025-05-28,energy drinks,59
8782,2025-05-28,phone charger,14
8783,2025-05-28,protein snacks,42
8784,2025-05-28,paper towels,74
8785,2025-05-28,sparkling water,41
8786,2025-05-28,usb c cable,38
8787,2025-05-28,coffee,32
8788,2025-05-28,sunscreen,21
8789,2025-05-28,instant noodles,69
8790,2025-05-28,laundry detergent,56
8791,2025-05-29,energy drinks,20
8792,2025-05-29,phone charger,47
8793,2025-05-29,protein snacks,77
8794,2025-05-29,paper towels,30
8795,2025-05-29,sparkling water,15
8796,2025-05-29,usb c cable,45
8797,2025-05-29,coffee,24
8798,2025-05-29,sunscreen,18
8799,2025-05-29,instant noodles,56
8800,2025-05-29,laundry detergent,20
8801,2025-05-30,energy drinks,26
8802,2025-05-30,phone charger,43
8803,2025-05-30,protein snacks,55
8804,2025-05-30,paper towels,39
8805,2025-05-30,sparkling water,21
8806,2025-05-30,usb c cable,16
8807,2025-05-30,coffee,75
8808,2025-05-30,sunscreen,30
8809,2025-05-30,instant noodles,59
8810,2025-05-30,laundry detergent,10
8811,2025-05-31,energy drinks,58
8812,2025-05-31,phone charger,75
8813,2025-05-31,protein snacks,35
8814,2025-05-31,paper towels,34
8815,2025-05-31,sparkling water,38
8816,2025-05-31,usb c cable,61
8817,2025-05-31,coffee,73
8818,2025-05-31,sunscreen,37
8819,2025-05-31,instant noodles,48
8820,2025-05-31,laundry detergent,77
8821,2025-06-01,energy drinks,151
8822,2025-06-01,phone charger,19
8823,2025-06-01,protein snacks,49
8824,2025-06-01,paper towels,60
8825,2025-06-01,sparkling water,95
8826,2025-06-01,usb c cable,22
8827,2025-06-01,coffee,51
8828,2025-06-01,sunscreen,54
8829,2025-06-01,instant noodles,40
8830,2025-06-01,laundry detergent,36
8831,2025-06-02,energy drinks,158
8832,2025-06-02,phone charger,61
8833,2025-06-02,protein snacks,48
8834,2025-06-02,paper towels,10
8835,2025-06-02,sparkling water,50
8836,2025-06-02,usb c cable,43
8837,2025-06-02,coffee,31
8838,2025-06-02,sunscreen,27
8839,2025-06-02,instant noodles,11
8840,2025-06-02,laundry detergent,63
8841,2025-06-03,energy drinks,78
8842,2025-06-03,phone charger,67
8843,2025-06-03,protein snacks,44
8844,2025-06-03,paper towels,58
8845,2025-06-03,sparkling water,108
8846,2025-06-03,usb c cable,29
8847,2025-06-03,coffee,30
8848,2025-06-03,sunscreen,28
8849,2025-06-03,instant noodles,38
8850,2025-06-03,laundry detergent,49
8851,2025-06-04,energy drinks,65
8852,2025-06-04,phone charger,59
8853,2025-06-04,protein snacks,21
8854,2025-06-04,paper towels,63
8855,2025-06-04,sparkling water,82
8856,2025-06-04,usb c cable,58
8857,2025-06-04,coffee,34
8858,2025-06-04,sunscreen,100
8859,2025-06-04,instant noodles,21
8860,2025-06-04,laundry detergent,15
8861,2025-06-05,energy drinks,32
8862,2025-06-05,phone charger,64
8863,2025-06-05,protein snacks,12
8864,2025-06-05,paper towels,43
8865,2025-06-05,sparkling water,29
8866,2025-06-05,usb c cable,22
8867,2025-06-05,coffee,46
8868,2025-06-05,sunscreen,36
8869,2025-06-05,instant noodles,71
8870,2025-06-05,laundry detergent,39
8871,2025-06-06,energy drinks,66
8872,2025-06-06,phone charger,31
8873,2025-06-06,protein snacks,77
8874,2025-06-06,paper towels,60
8875,2025-06-06,sparkling water,123
8876,2025-06-06,usb c cable,25
8877,2025-06-06,coffee,62
8878,2025-06-06,sunscreen,97
8879,2025-06-06,instant noodles,16
8880,2025-06-06,laundry detergent,54
8881,2025-06-07,energy drinks,126
8882,2025-06-07,phone charger,36
8883,2025-06-07,protein snacks,40
8884,2025-06-07,paper towels,79
8885,2025-06-07,sparkling water,144
8886,2025-06-07,usb c cable,16
8887,2025-06-07,coffee,48
8888,2025-06-07,sunscreen,96
8889,2025-06-07,instant noodles,66
8890,2025-06-07,laundry detergent,55
8891,2025-06-08,energy drinks,34
8892,2025-06-08,phone charger,63
8893,2025-06-08,protein snacks,62
8894,2025-06-08,paper towels,52
8895,2025-06-08,sparkling water,49
8896,2025-06-08,usb c cable,41
8897,2025-06-08,coffee,11
8898,2025-06-08,sunscreen,42
8899,2025-06-08,instant noodles,38
8900,2025-06-08,laundry detergent,12
8901,2025-06-09,energy drinks,142
8902,2025-06-09,phone charger,73
8903,2025-06-09,protein snacks,21
8904,2025-06-09,paper towels,14
8905,2025-06-09,sparkling water,112
8906,2025-06-09,usb c cable,52
8907,2025-06-09,coffee,67
8908,2025-06-09,sunscreen,84
8909,2025-06-09,instant noodles,27
8910,2025-06-09,laundry detergent,45
8911,2025-06-10,energy drinks,101
8912,2025-06-10,phone charger,69
8913,2025-06-10,protein snacks,56
8914,2025-06-10,paper towels,30
8915,2025-06-10,sparkling water,75
8916,2025-06-10,usb c cable,50
8917,2025-06-10,coffee,67
8918,2025-06-10,sunscreen,150
8919,2025-06-10,instant noodles,27
8920,2025-06-10,laundry detergent,47
8921,2025-06-11,energy drinks,122
8922,2025-06-11,phone charger,54
8923,2025-06-11,protein snacks,64
8924,2025-06-11,paper towels,48
8925,2025-06-11,sparkling water,134
8926,2025-06-11,usb c cable,25
8927,2025-06-11,coffee,71
8928,2025-06-11,sunscreen,26
8929,2025-06-11,instant noodles,41
8930,2025-06-11,laundry detergent,55
8931,2025-06-12,energy drinks,90
8932,2025-06-12,phone charger,60
8933,2025-06-12,protein snacks,29
8934,2025-06-12,paper towels,65
8935,2025-06-12,sparkling water,28
8936,2025-06-12,usb c cable,10
8937,2025-06-12,coffee,52
8938,2025-06-12,sunscreen,120
8939,2025-06-12,instant noodles,50
8940,2025-06-12,laundry detergent,19
8941,2025-06-13,energy drinks,86
8942,2025-06-13,phone charger,23
8943,2025-06-13,protein snacks,25
8944,2025-06-13,paper towels,13
8945,2025-06-13,sparkling water,49
8946,2025-06-13,usb c cable,13
8947,2025-06-13,coffee,22
8948,2025-06-13,sunscreen,103
8949,2025-06-13,instant noodles,22
8950,2025-06-13,laundry detergent,40
8951,2025-06-14,energy drinks,22
8952,2025-06-14,phone charger,18
8953,2025-06-14,protein snacks,54
8954,2025-06-14,paper towels,18
8955,2025-06-14,sparkling water,41
8956,2025-06-14,usb c cable,31
8957,2025-06-14,coffee,65
8958,2025-06-14,sunscreen,27
8959,2025-06-14,instant noodles,38
8960,2025-06-14,laundry detergent,25
8961,2025-06-15,energy drinks,46
8962,2025-06-15,phone charger,24
8963,2025-06-15,protein snacks,69
8964,2025-06-15,paper towels,42
8965,2025-06-15,sparkling water,110
8966,2025-06-15,usb c cable,68
8967,2025-06-15,coffee,42
8968,2025-06-15,sunscreen,107
8969,2025-06-15,instant noodles,28
8970,2025-06-15,laundry detergent,55
8971,2025-06-16,energy drinks,58
8972,2025-06-16,phone charger,19
8973,2025-06-16,protein snacks,70
8974,2025-06-16,paper towels,40
8975,2025-06-16,sparkling water,18
8976,2025-06-16,usb c cable,48
8977,2025-06-16,coffee,59
8978,2025-06-16,sunscreen,27
8979,2025-06-16,instant noodles,57
8980,2025-06-16,laundry detergent,65
8981,2025-06-17,energy drinks,70
8982,2025-06-17,phone charger,68
8983,2025-06-17,protein snacks,31
8984,2025-06-17,paper towels,58
8985,2025-06-17,sparkling water,134
8986,2025-06-17,usb c cable,74
8987,2025-06-17,coffee,16
8988,2025-06-17,sunscreen,61
8989,2025-06-17,instant noodles,30
8990,2025-06-17,laundry detergent,56
8991,2025-06-18,energy drinks,73
8992,2025-06-18,phone charger,75
8993,2025-06-18,protein snacks,74
8994,2025-06-18,paper towels,70
8995,2025-06-18,sparkling water,56
8996,2025-06-18,usb c cable,78
8997,2025-06-18,coffee,73
8998,2025-06-18,sunscreen,110
8999,2025-06-18,instant noodles,26
9000,2025-06-18,laundry detergent,73
9001,2025-06-19,energy drinks,137
9002,2025-06-19,phone charger,34
9003,2025-06-19,protein snacks,29
9004,2025-06-19,paper towels,68
9005,2025-06-19,sparkling water,146
9006,2025-06-19,usb c cable,42
9007,2025-06-19,coffee,72
9008,2025-06-19,sunscreen,103
9009,2025-06-19,instant noodles,66
9010,2025-06-19,laundry detergent,66
9011,2025-06-20,energy drinks,142
9012,2025-06-20,phone charger,59
9013,2025-06-20,protein snacks,36
9014,2025-06-20,paper towels,70
9015,2025-06-20,sparkling water,29
9016,2025-06-20,usb c cable,76
9017,2025-06-20,coffee,13
9018,2025-06-20,sunscreen,37
9019,2025-06-20,instant noodles,24
9020,2025-06-20,laundry detergent,28
9021,2025-06-21,energy drinks,84
9022,2025-06-21,phone charger,57
9023,2025-06-21,protein snacks,63
9024,2025-06-21,paper towels,64
9025,2025-06-21,sparkling water,117
9026,2025-06-21,usb c cable,65
9027,2025-06-21,coffee,72
9028,2025-06-21,sunscreen,139
9029,2025-06-21,instant noodles,40
9030,2025-06-21,laundry detergent,28
9031,2025-06-22,energy drinks,124
9032,2025-06-22,phone charger,77
9033,2025-06-22,protein snacks,18
9034,2025-06-22,paper towels,19
9035,2025-06-22,sparkling water,86
9036,2025-06-22,usb c cable,32
9037,2025-06-22,coffee,34
9038,2025-06-22,sunscreen,108
9039,2025-06-22,instant noodles,36
9040,2025-06-22,laundry detergent,45
9041,2025-06-23,energy drinks,76
9042,2025-06-23,phone charger,55
9043,2025-06-23,protein snacks,58
9044,2025-06-23,paper towels,43
9045,2025-06-23,sparkling water,78
9046,2025-06-23,usb c cable,52
9047,2025-06-23,coffee,17
9048,2025-06-23,sunscreen,137
9049,2025-06-23,instant noodles,70
9050,2025-06-23,laundry detergent,30
9051,2025-06-24,energy drinks,66
9052,2025-06-24,phone charger,18
9053,2025-06-24,protein snacks,71
9054,2025-06-24,paper towels,66
9055,2025-06-24,sparkling water,67
9056,2025-06-24,usb c cable,58
9057,2025-06-24,coffee,60
9058,2025-06-24,sunscreen,135
9059,2025-06-24,instant noodles,28
9060,2025-06-24,laundry detergent,32
9061,2025-06-25,energy drinks,159
9062,2025-06-25,phone charger,43
9063,2025-06-25,protein snacks,27
9064,2025-06-25,paper towels,42
9065,2025-06-25,sparkling water,110
9066,2025-06-25,usb c cable,12
9067,2025-06-25,coffee,31
9068,2025-06-25,sunscreen,55
9069,2025-06-25,instant noodles,48
9070,2025-06-25,laundry detergent,72
9071,2025-06-26,energy drinks,77
9072,2025-06-26,phone charger,24
9073,2025-06-26,protein snacks,34
9074,2025-06-26,paper towels,40
9075,2025-06-26,sparkling water,130
9076,2025-06-26,usb c cable,25
9077,2025-06-26,coffee,79
9078,2025-06-26,sunscreen,132
9079,2025-06-26,instant noodles,51
9080,2025-06-26,laundry detergent,10
9081,2025-06-27,energy drinks,152
9082,2025-06-27,phone charger,44
9083,2025-06-27,protein snacks,55
9084,2025-06-27,paper towels,27
9085,2025-06-27,sparkling water,101
9086,2025-06-27,usb c cable,73
9087,2025-06-27,coffee,17
9088,2025-06-27,sunscreen,89
9089,2025-06-27,instant noodles,64
9090,2025-06-27,laundry detergent,45
9091,2025-06-28,energy drinks,86
9092,2025-06-28,phone charger,45
9093,2025-06-28,protein snacks,69
9094,2025-06-28,paper towels,35
9095,2025-06-28,sparkling water,88
9096,2025-06-28,usb c cable,25
9097,2025-06-28,coffee,10
9098,2025-06-28,sunscreen,157
9099,2025-06-28,instant noodles,71
9100,2025-06-28,laundry detergent,24
9101,2025-06-29,energy drinks,59
9102,2025-06-29,phone charger,15
9103,2025-06-29,protein snacks,16
9104,2025-06-29,paper towels,37
9105,2025-06-29,sparkling water,133
9106,2025-06-29,usb c cable,46
9107,2025-06-29,coffee,40
9108,2025-06-29,sunscreen,27
9109,2025-06-29,instant noodles,50
9110,2025-06-29,laundry detergent,50
9111,2025-06-30,energy drinks,132
9112,2025-06-30,phone charger,21
9113,2025-06-30,protein snacks,35
9114,2025-06-30,paper towels,63
9115,2025-06-30,sparkling water,111
9116,2025-06-30,usb c cable,65
9117,2025-06-30,coffee,66
9118,2025-06-30,sunscreen,68
9119,2025-06-30,instant noodles,64
9120,2025-06-30,laundry detergent,27
9121,2025-07-01,energy drinks,68
9122,2025-07-01,phone charger,15
9123,2025-07-01,protein snacks,71
9124,2025-07-01,paper towels,77
9125,2025-07-01,sparkling water,157
9126,2025-07-01,usb c cable,31
9127,2025-07-01,coffee,29
9128,2025-07-01,sunscreen,34
9129,2025-07-01,instant noodles,65
9130,2025-07-01,laundry detergent,74
9131,2025-07-02,energy drinks,51
9132,2025-07-02,phone charger,25
9133,2025-07-02,protein snacks,69
9134,2025-07-02,paper towels,66
9135,2025-07-02,sparkling water,36
9136,2025-07-02,usb c cable,57
9137,2025-07-02,coffee,40
9138,2025-07-02,sunscreen,143
9139,2025-07-02,instant noodles,47
9140,2025-07-02,laundry detergent,46
9141,2025-07-03,energy drinks,41
9142,2025-07-03,phone charger,56
9143,2025-07-03,protein snacks,79
9144,2025-07-03,paper towels,48
9145,2025-07-03,sparkling water,81
9146,2025-07-03,usb c cable,43
9147,2025-07-03,coffee,56
9148,2025-07-03,sunscreen,85
9149,2025-07-03,instant noodles,12
9150,2025-07-03,laundry detergent,77
9151,2025-07-04,energy drinks,43
9152,2025-07-04,phone charger,64
9153,2025-07-04,protein snacks,76
9154,2025-07-04,paper towels,73
9155,2025-07-04,sparkling water,19
9156,2025-07-04,usb c cable,74
9157,2025-07-04,coffee,74
9158,2025-07-04,sunscreen,130
9159,2025-07-04,instant noodles,67
9160,2025-07-04,laundry detergent,40
9161,2025-07-05,energy drinks,24
9162,2025-07-05,phone charger,59
9163,2025-07-05,protein snacks,76
9164,2025-07-05,paper towels,65
9165,2025-07-05,sparkling water,34
9166,2025-07-05,usb c cable,16
9167,2025-07-05,coffee,59
9168,2025-07-05,sunscreen,145
9169,2025-07-05,instant noodles,11
9170,2025-07-05,laundry detergent,44
9171,2025-07-06,energy drinks,100
9172,2025-07-06,phone charger,35
9173,2025-07-06,protein snacks,79
9174,2025-07-06,paper towels,25
9175,2025-07-06,sparkling water,25
9176,2025-07-06,usb c cable,10
9177,2025-07-06,coffee,41
9178,2025-07-06,sunscreen,66
9179,2025-07-06,instant noodles,27
9180,2025-07-06,laundry detergent,31
9181,2025-07-07,energy drinks,135
9182,2025-07-07,phone charger,51
9183,2025-07-07,protein snacks,79
9184,2025-07-07,paper towels,51
9185,2025-07-07,sparkling water,57
9186,2025-07-07,usb c cable,22
9187,2025-07-07,coffee,45
9188,2025-07-07,sunscreen,110
9189,2025-07-07,instant noodles,31
9190,2025-07-07,laundry detergent,28
9191,2025-07-08,energy drinks,123
9192,2025-07-08,phone charger,32
9193,2025-07-08,protein snacks,32
9194,2025-07-08,paper towels,67
9195,2025-07-08,sparkling water,90
9196,2025-07-08,usb c cable,22
9197,2025-07-08,coffee,12
9198,2025-07-08,sunscreen,150
9199,2025-07-08,instant noodles,13
9200,2025-07-08,laundry detergent,26
9201,2025-07-09,energy drinks,41
9202,2025-07-09,phone charger,78
9203,2025-07-09,protein snacks,63
9204,2025-07-09,paper towels,61
9205,2025-07-09,sparkling water,36
9206,2025-07-09,usb c cable,70
9207,2025-07-09,coffee,59
9208,2025-07-09,sunscreen,138
9209,2025-07-09,instant noodles,54
9210,2025-07-09,laundry detergent,29
9211,2025-07-10,energy drinks,54
9212,2025-07-10,phone charger,39
9213,2025-07-10,protein snacks,25
9214,2025-07-10,paper towels,35
9215,2025-07-10,sparkling water,160
9216,2025-07-10,usb c cable,60
9217,2025-07-10,coffee,63
9218,2025-07-10,sunscreen,69
9219,2025-07-10,instant noodles,28
9220,2025-07-10,laundry detergent,41
9221,2025-07-11,energy drinks,71
9222,2025-07-11,phone charger,61
9223,2025-07-11,protein snacks,52
9224,2025-07-11,paper towels,63
9225,2025-07-11,sparkling water,114
9226,2025-07-11,usb c cable,27
9227,2025-07-11,coffee,47
9228,2025-07-11,sunscreen,144
9229,2025-07-11,instant noodles,77
9230,2025-07-11,laundry detergent,35
9231,2025-07-12,energy drinks,117
9232,2025-07-12,phone charger,73
9233,2025-07-12,protein snacks,21
9234,2025-07-12,paper towels,78
9235,2025-07-12,sparkling water,162
9236,2025-07-12,usb c cable,25
9237,2025-07-12,coffee,15
9238,2025-07-12,sunscreen,146
9239,2025-07-12,instant noodles,53
9240,2025-07-12,laundry detergent,54
9241,2025-07-13,energy drinks,84
9242,2025-07-13,phone charger,19
9243,2025-07-13,protein snacks,75
9244,2025-07-13,paper towels,16
9245,2025-07-13,sparkling water,118
9246,2025-07-13,usb c cable,54
9247,2025-07-13,coffee,17
9248,2025-07-13,sunscreen,23
9249,2025-07-13,instant noodles,61
9250,2025-07-13,laundry detergent,41
9251,2025-07-14,energy drinks,35
9252,2025-07-14,phone charger,31
9253,2025-07-14,protein snacks,18
9254,2025-07-14,paper towels,37
9255,2025-07-14,sparkling water,62
9256,2025-07-14,usb c cable,27
9257,2025-07-14,coffee,35
9258,2025-07-14,sunscreen,151
9259,2025-07-14,instant noodles,22
9260,2025-07-14,laundry detergent,59
9261,2025-07-15,energy drinks,55
9262,2025-07-15,phone charger,33
9263,2025-07-15,protein snacks,23
9264,2025-07-15,paper towels,59
9265,2025-07-15,sparkling water,162
9266,2025-07-15,usb c cable,43
9267,2025-07-15,coffee,34
9268,2025-07-15,sunscreen,89
9269,2025-07-15,instant noodles,57
9270,2025-07-15,laundry detergent,26
9271,2025-07-16,energy drinks,131
9272,2025-07-16,phone charger,73
9273,2025-07-16,protein snacks,29
9274,2025-07-16,paper towels,43
9275,2025-07-16,sparkling water,18
9276,2025-07-16,usb c cable,43
9277,2025-07-16,coffee,32
9278,2025-07-16,sunscreen,116
9279,2025-07-16,instant noodles,75
9280,2025-07-16,laundry detergent,67
9281,2025-07-17,energy drinks,118
9282,2025-07-17,phone charger,48
9283,2025-07-17,protein snacks,66
9284,2025-07-17,paper towels,26
9285,2025-07-17,sparkling water,73
9286,2025-07-17,usb c cable,27
9287,2025-07-17,coffee,37
9288,2025-07-17,sunscreen,115
9289,2025-07-17,instant noodles,28
9290,2025-07-17,laundry detergent,37
9291,2025-07-18,energy drinks,85
9292,2025-07-18,phone charger,39
9293,2025-07-18,protein snacks,33
9294,2025-07-18,paper towels,28
9295,2025-07-18,sparkling water,48
9296,2025-07-18,usb c cable,41
9297,2025-07-18,coffee,22
9298,2025-07-18,sunscreen,120
9299,2025-07-18,instant noodles,73
9300,2025-07-18,laundry detergent,72
9301,2025-07-19,energy drinks,55
9302,2025-07-19,phone charger,26
9303,2025-07-19,protein snacks,12
9304,2025-07-19,paper towels,27
9305,2025-07-19,sparkling water,34
9306,2025-07-19,usb c cable,12
9307,2025-07-19,coffee,34
9308,2025-07-19,sunscreen,34
9309,2025-07-19,instant noodles,26
9310,2025-07-19,laundry detergent,43
9311,2025-07-20,energy drinks,107
9312,2025-07-20,phone charger,69
9313,2025-07-20,protein snacks,44
9314,2025-07-20,paper towels,70
9315,2025-07-20,sparkling water,154
9316,2025-07-20,usb c cable,44
9317,2025-07-20,coffee,73
9318,2025-07-20,sunscreen,138
9319,2025-07-20,instant noodles,66
9320,2025-07-20,laundry detergent,43
9321,2025-07-21,energy drinks,93
9322,2025-07-21,phone charger,40
9323,2025-07-21,protein snacks,75
9324,2025-07-21,paper towels,36
9325,2025-07-21,sparkling water,39
9326,2025-07-21,usb c cable,29
9327,2025-07-21,coffee,12
9328,2025-07-21,sunscreen,128
9329,2025-07-21,instant noodles,47
9330,2025-07-21,laundry detergent,28
9331,2025-07-22,energy drinks,118
9332,2025-07-22,phone charger,17
9333,2025-07-22,protein snacks,48
9334,2025-07-22,paper towels,76
9335,2025-07-22,sparkling water,67
9336,2025-07-22,usb c cable,55
9337,2025-07-22,coffee,42
9338,2025-07-22,sunscreen,45
9339,2025-07-22,instant noodles,77
9340,2025-07-22,laundry detergent,59
9341,2025-07-23,energy drinks,31
9342,2025-07-23,phone charger,28
9343,2025-07-23,protein snacks,55
9344,2025-07-23,paper towels,15
9345,2025-07-23,sparkling water,113
9346,2025-07-23,usb c cable,41
9347,2025-07-23,coffee,20
9348,2025-07-23,sunscreen,48
9349,2025-07-23,instant noodles,18
9350,2025-07-23,laundry detergent,70
9351,2025-07-24,energy drinks,20
9352,2025-07-24,phone charger,68
9353,2025-07-24,protein snacks,34
9354,2025-07-24,paper towels,39
9355,2025-07-24,sparkling water,38
9356,2025-07-24,usb c cable,20
9357,2025-07-24,coffee,69
9358,2025-07-24,sunscreen,111
9359,2025-07-24,instant noodles,48
9360,2025-07-24,laundry detergent,71
9361,2025-07-25,energy drinks,154
9362,2025-07-25,phone charger,31
9363,2025-07-25,protein snacks,58
9364,2025-07-25,paper towels,76
9365,2025-07-25,sparkling water,81
9366,2025-07-25,usb c cable,78
9367,2025-07-25,coffee,19
9368,2025-07-25,sunscreen,77
9369,2025-07-25,instant noodles,34
9370,2025-07-25,laundry detergent,49
9371,2025-07-26,energy drinks,26
9372,2025-07-26,phone charger,40
9373,2025-07-26,protein snacks,31
9374,2025-07-26,paper towels,61
9375,2025-07-26,sparkling water,112
9376,2025-07-26,usb c cable,28
9377,2025-07-26,coffee,30
9378,2025-07-26,sunscreen,26
9379,2025-07-26,instant noodles,78
9380,2025-07-26,laundry detergent,15
9381,2025-07-27,energy drinks,109
9382,2025-07-27,phone charger,10
9383,2025-07-27,protein snacks,75
9384,2025-07-27,paper towels,17
9385,2025-07-27,sparkling water,90
9386,2025-07-27,usb c cable,38
9387,2025-07-27,coffee,50
9388,2025-07-27,sunscreen,98
9389,2025-07-27,instant noodles,16
9390,2025-07-27,laundry detergent,66
9391,2025-07-28,energy drinks,88
9392,2025-07-28,phone charger,26
9393,2025-07-28,protein snacks,21
9394,2025-07-28,paper towels,11
9395,2025-07-28,sparkling water,114
9396,2025-07-28,usb c cable,27
9397,2025-07-28,coffee,65
9398,2025-07-28,sunscreen,132
9399,2025-07-28,instant noodles,44
9400,2025-07-28,laundry detergent,23
9401,2025-07-29,energy drinks,68
9402,2025-07-29,phone charger,11
9403,2025-07-29,protein snacks,31
9404,2025-07-29,paper towels,46
9405,2025-07-29,sparkling water,129
9406,2025-07-29,usb c cable,76
9407,2025-07-29,coffee,70
9408,2025-07-29,sunscreen,158
9409,2025-07-29,instant noodles,31
9410,2025-07-29,laundry detergent,37
9411,2025-07-30,energy drinks,57
9412,2025-07-30,phone charger,77
9413,2025-07-30,protein snacks,70
9414,2025-07-30,paper towels,59
9415,2025-07-30,sparkling water,66
9416,2025-07-30,usb c cable,15
9417,2025-07-30,coffee,62
9418,2025-07-30,sunscreen,147
9419,2025-07-30,instant noodles,40
9420,2025-07-30,laundry detergent,29
9421,2025-07-31,energy drinks,106
9422,2025-07-31,phone charger,19
9423,2025-07-31,protein snacks,47
9424,2025-07-31,paper towels,23
9425,2025-07-31,sparkling water,72
9426,2025-07-31,usb c cable,69
9427,2025-07-31,coffee,27
9428,2025-07-31,sunscreen,52
9429,2025-07-31,instant noodles,63
9430,2025-07-31,laundry detergent,32
9431,2025-08-01,energy drinks,81
9432,2025-08-01,phone charger,15
9433,2025-08-01,protein snacks,36
9434,2025-08-01,paper towels,22
9435,2025-08-01,sparkling water,28
9436,2025-08-01,usb c cable,49
9437,2025-08-01,coffee,75
9438,2025-08-01,sunscreen,122
9439,2025-08-01,instant noodles,68
9440,2025-08-01,laundry detergent,47
9441,2025-08-02,energy drinks,61
9442,2025-08-02,phone charger,70
9443,2025-08-02,protein snacks,34
9444,2025-08-02,paper towels,12
9445,2025-08-02,sparkling water,73
9446,2025-08-02,usb c cable,30
9447,2025-08-02,coffee,63
9448,2025-08-02,sunscreen,152
9449,2025-08-02,instant noodles,29
9450,2025-08-02,laundry detergent,40
9451,2025-08-03,energy drinks,94
9452,2025-08-03,phone charger,22
9453,2025-08-03,protein snacks,50
9454,2025-08-03,paper towels,73
9455,2025-08-03,sparkling water,90
9456,2025-08-03,usb c cable,49
9457,2025-08-03,coffee,46
9458,2025-08-03,sunscreen,117
9459,2025-08-03,instant noodles,45
9460,2025-08-03,laundry detergent,61
9461,2025-08-04,energy drinks,30
9462,2025-08-04,phone charger,32
9463,2025-08-04,protein snacks,38
9464,2025-08-04,paper towels,21
9465,2025-08-04,sparkling water,135
9466,2025-08-04,usb c cable,76
9467,2025-08-04,coffee,77
9468,2025-08-04,sunscreen,113
9469,2025-08-04,instant noodles,79
9470,2025-08-04,laundry detergent,79
9471,2025-08-05,energy drinks,99
9472,2025-08-05,phone charger,36
9473,2025-08-05,protein snacks,14
9474,2025-08-05,paper towels,75
9475,2025-08-05,sparkling water,123
9476,2025-08-05,usb c cable,49
9477,2025-08-05,coffee,62
9478,2025-08-05,sunscreen,91
9479,2025-08-05,instant noodles,18
9480,2025-08-05,laundry detergent,51
9481,2025-08-06,energy drinks,29
9482,2025-08-06,phone charger,71
9483,2025-08-06,protein snacks,50
9484,2025-08-06,paper towels,38
9485,2025-08-06,sparkling water,61
9486,2025-08-06,usb c cable,37
9487,2025-08-06,coffee,18
9488,2025-08-06,sunscreen,70
9489,2025-08-06,instant noodles,22
9490,2025-08-06,laundry detergent,31
9491,2025-08-07,energy drinks,105
9492,2025-08-07,phone charger,46
9493,2025-08-07,protein snacks,45
9494,2025-08-07,paper towels,20
9495,2025-08-07,sparkling water,40
9496,2025-08-07,usb c cable,63
9497,2025-08-07,coffee,18
9498,2025-08-07,sunscreen,78
9499,2025-08-07,instant noodles,31
9500,2025-08-07,laundry detergent,38
9501,2025-08-08,energy drinks,56
9502,2025-08-08,phone charger,51
9503,2025-08-08,protein snacks,64
9504,2025-08-08,paper towels,11
9505,2025-08-08,sparkling water,116
9506,2025-08-08,usb c cable,38
9507,2025-08-08,coffee,32
9508,2025-08-08,sunscreen,99
9509,2025-08-08,instant noodles,45
9510,2025-08-08,laundry detergent,37
9511,2025-08-09,energy drinks,57
9512,2025-08-09,phone charger,58
9513,2025-08-09,protein snacks,13
9514,2025-08-09,paper towels,57
9515,2025-08-09,sparkling water,38
9516,2025-08-09,usb c cable,68
9517,2025-08-09,coffee,31
9518,2025-08-09,sunscreen,27
9519,2025-08-09,instant noodles,38
9520,2025-08-09,laundry detergent,47
9521,2025-08-10,energy drinks,46
9522,2025-08-10,phone charger,23
9523,2025-08-10,protein snacks,16
9524,2025-08-10,paper towels,74
9525,2025-08-10,sparkling water,106
9526,2025-08-10,usb c cable,56
9527,2025-08-10,coffee,30
9528,2025-08-10,sunscreen,60
9529,2025-08-10,instant noodles,43
9530,2025-08-10,laundry detergent,30
9531,2025-08-11,energy drinks,120
9532,2025-08-11,phone charger,39
9533,2025-08-11,protein snacks,51
9534,2025-08-11,paper towels,35
9535,2025-08-11,sparkling water,128
9536,2025-08-11,usb c cable,54
9537,2025-08-11,coffee,42
9538,2025-08-11,sunscreen,137
9539,2025-08-11,instant noodles,56
9540,2025-08-11,laundry detergent,36
9541,2025-08-12,energy drinks,87
9542,2025-08-12,phone charger,37
9543,2025-08-12,protein snacks,29
9544,2025-08-12,paper towels,31
9545,2025-08-12,sparkling water,74
9546,2025-08-12,usb c cable,11
9547,2025-08-12,coffee,76
9548,2025-08-12,sunscreen,47
9549,2025-08-12,instant noodles,41
9550,2025-08-12,laundry detergent,28
9551,2025-08-13,energy drinks,55
9552,2025-08-13,phone charger,70
9553,2025-08-13,protein snacks,37
9554,2025-08-13,paper towels,30
9555,2025-08-13,sparkling water,21
9556,2025-08-13,usb c cable,27
9557,2025-08-13,coffee,46
9558,2025-08-13,sunscreen,88
9559,2025-08-13,instant noodles,78
9560,2025-08-13,laundry detergent,61
9561,2025-08-14,energy drinks,164
9562,2025-08-14,phone charger,26
9563,2025-08-14,protein snacks,21
9564,2025-08-14,paper towels,40
9565,2025-08-14,sparkling water,31
9566,2025-08-14,usb c cable,35
9567,2025-08-14,coffee,63
9568,2025-08-14,sunscreen,53
9569,2025-08-14,instant noodles,50
9570,2025-08-14,laundry detergent,71
9571,2025-08-15,energy drinks,76
9572,2025-08-15,phone charger,65
9573,2025-08-15,protein snacks,42
9574,2025-08-15,paper towels,63
9575,2025-08-15,sparkling water,50
9576,2025-08-15,usb c cable,30
9577,2025-08-15,coffee,27
9578,2025-08-15,sunscreen,49
9579,2025-08-15,instant noodles,21
9580,2025-08-15,laundry detergent,78
9581,2025-08-16,energy drinks,135
9582,2025-08-16,phone charger,43
9583,2025-08-16,protein snacks,78
9584,2025-08-16,paper towels,33
9585,2025-08-16,sparkling water,135
9586,2025-08-16,usb c cable,75
9587,2025-08-16,coffee,74
9588,2025-08-16,sunscreen,103
9589,2025-08-16,instant noodles,58
9590,2025-08-16,laundry detergent,54
9591,2025-08-17,energy drinks,48
9592,2025-08-17,phone charger,48
9593,2025-08-17,protein snacks,18
9594,2025-08-17,paper towels,22
9595,2025-08-17,sparkling water,169
9596,2025-08-17,usb c cable,28
9597,2025-08-17,coffee,51
9598,2025-08-17,sunscreen,44
9599,2025-08-17,instant noodles,61
9600,2025-08-17,laundry detergent,37
9601,2025-08-18,energy drinks,127
9602,2025-08-18,phone charger,24
9603,2025-08-18,protein snacks,28
9604,2025-08-18,paper towels,44
9605,2025-08-18,sparkling water,83
9606,2025-08-18,usb c cable,46
9607,2025-08-18,coffee,58
9608,2025-08-18,sunscreen,136
9609,2025-08-18,instant noodles,48
9610,2025-08-18,laundry detergent,34
9611,2025-08-19,energy drinks,84
9612,2025-08-19,phone charger,73
9613,2025-08-19,protein snacks,65
9614,2025-08-19,paper towels,26
9615,2025-08-19,sparkling water,91
9616,2025-08-19,usb c cable,56
9617,2025-08-19,coffee,50
9618,2025-08-19,sunscreen,67
9619,2025-08-19,instant noodles,40
9620,2025-08-19,laundry detergent,36
9621,2025-08-20,energy drinks,20
9622,2025-08-20,phone charger,39
9623,2025-08-20,protein snacks,75
9624,2025-08-20,paper towels,56
9625,2025-08-20,sparkling water,98
9626,2025-08-20,usb c cable,68
9627,2025-08-20,coffee,50
9628,2025-08-20,sunscreen,63
9629,2025-08-20,instant noodles,44
9630,2025-08-20,laundry detergent,60
9631,2025-08-21,energy drinks,68
9632,2025-08-21,phone charger,67
9633,2025-08-21,protein snacks,78
9634,2025-08-21,paper towels,30
9635,2025-08-21,sparkling water,137
9636,2025-08-21,usb c cable,61
9637,2025-08-21,coffee,39
9638,2025-08-21,sunscreen,87
9639,2025-08-21,instant noodles,63
9640,2025-08-21,laundry detergent,41
9641,2025-08-22,energy drinks,84
9642,2025-08-22,phone charger,51
9643,2025-08-22,protein snacks,73
9644,2025-08-22,paper towels,46
9645,2025-08-22,sparkling water,84
9646,2025-08-22,usb c cable,12
9647,2025-08-22,coffee,61
9648,2025-08-22,sunscreen,77
9649,2025-08-22,instant noodles,10
9650,2025-08-22,laundry detergent,56
9651,2025-08-23,energy drinks,66
9652,2025-08-23,phone charger,39
9653,2025-08-23,protein snacks,21
9654,2025-08-23,paper towels,43
9655,2025-08-23,sparkling water,25
9656,2025-08-23,usb c cable,49
9657,2025-08-23,coffee,39
9658,2025-08-23,sunscreen,127
9659,2025-08-23,instant noodles,10
9660,2025-08-23,laundry detergent,39
9661,2025-08-24,energy drinks,136
9662,2025-08-24,phone charger,63
9663,2025-08-24,protein snacks,59
9664,2025-08-24,paper towels,77
9665,2025-08-24,sparkling water,119
9666,2025-08-24,usb c cable,23
9667,2025-08-24,coffee,16
9668,2025-08-24,sunscreen,94
9669,2025-08-24,instant noodles,76
9670,2025-08-24,laundry detergent,25
9671,2025-08-25,energy drinks,135
9672,2025-08-25,phone charger,52
9673,2025-08-25,protein snacks,44
9674,2025-08-25,paper towels,35
9675,2025-08-25,sparkling water,24
9676,2025-08-25,usb c cable,78
9677,2025-08-25,coffee,30
9678,2025-08-25,sunscreen,76
9679,2025-08-25,instant noodles,50
9680,2025-08-25,laundry detergent,27
9681,2025-08-26,energy drinks,119
9682,2025-08-26,phone charger,73
9683,2025-08-26,protein snacks,48
9684,2025-08-26,paper towels,62
9685,2025-08-26,sparkling water,113
9686,2025-08-26,usb c cable,12
9687,2025-08-26,coffee,18
9688,2025-08-26,sunscreen,68
9689,2025-08-26,instant noodles,18
9690,2025-08-26,laundry detergent,24
9691,2025-08-27,energy drinks,83
9692,2025-08-27,phone charger,32
9693,2025-08-27,protein snacks,27
9694,2025-08-27,paper towels,24
9695,2025-08-27,sparkling water,100
9696,2025-08-27,usb c cable,22
9697,2025-08-27,coffee,14
9698,2025-08-27,sunscreen,58
9699,2025-08-27,instant noodles,41
9700,2025-08-27,laundry detergent,58
9701,2025-08-28,energy drinks,22
9702,2025-08-28,phone charger,13
9703,2025-08-28,protein snacks,58
9704,2025-08-28,paper towels,73
9705,2025-08-28,sparkling water,117
9706,2025-08-28,usb c cable,78
9707,2025-08-28,coffee,54
9708,2025-08-28,sunscreen,123
9709,2025-08-28,instant noodles,10
9710,2025-08-28,laundry detergent,59
9711,2025-08-29,energy drinks,114
9712,2025-08-29,phone charger,53
9713,2025-08-29,protein snacks,33
9714,2025-08-29,paper towels,66
9715,2025-08-29,sparkling water,73
9716,2025-08-29,usb c cable,79
9717,2025-08-29,coffee,46
9718,2025-08-29,sunscreen,131
9719,2025-08-29,instant noodles,55
9720,2025-08-29,laundry detergent,32
9721,2025-08-30,energy drinks,90
9722,2025-08-30,phone charger,58
9723,2025-08-30,protein snacks,48
9724,2025-08-30,paper towels,17
9725,2025-08-30,sparkling water,171
9726,2025-08-30,usb c cable,31
9727,2025-08-30,coffee,59
9728,2025-08-30,sunscreen,131
9729,2025-08-30,instant noodles,21
9730,2025-08-30,laundry detergent,75
9731,2025-08-31,energy drinks,52
9732,2025-08-31,phone charger,50
9733,2025-08-31,protein snacks,53
9734,2025-08-31,paper towels,55
9735,2025-08-31,sparkling water,126
9736,2025-08-31,usb c cable,54
9737,2025-08-31,coffee,26
9738,2025-08-31,sunscreen,66
9739,2025-08-31,instant noodles,75
9740,2025-08-31,laundry detergent,53
9741,2025-09-01,energy drinks,70
9742,2025-09-01,phone charger,34
9743,2025-09-01,protein snacks,58
9744,2025-09-01,paper towels,44
9745,2025-09-01,sparkling water,44
9746,2025-09-01,usb c cable,60
9747,2025-09-01,coffee,58
9748,2025-09-01,sunscreen,11
9749,2025-09-01,instant noodles,51
9750,2025-09-01,laundry detergent,31
9751,2025-09-02,energy drinks,63
9752,2025-09-02,phone charger,54
9753,2025-09-02,protein snacks,71
9754,2025-09-02,paper towels,73
9755,2025-09-02,sparkling water,22
9756,2025-09-02,usb c cable,27
9757,2025-09-02,coffee,14
9758,2025-09-02,sunscreen,35
9759,2025-09-02,instant noodles,44
9760,2025-09-02,laundry detergent,36
9761,2025-09-03,energy drinks,16
9762,2025-09-03,phone charger,16
9763,2025-09-03,protein snacks,18
9764,2025-09-03,paper towels,29
9765,2025-09-03,sparkling water,20
9766,2025-09-03,usb c cable,20
9767,2025-09-03,coffee,69
9768,2025-09-03,sunscreen,61
9769,2025-09-03,instant noodles,26
9770,2025-09-03,laundry detergent,76
9771,2025-09-04,energy drinks,54
9772,2025-09-04,phone charger,61
9773,2025-09-04,protein snacks,76
9774,2025-09-04,paper towels,62
9775,2025-09-04,sparkling water,56
9776,2025-09-04,usb c cable,21
9777,2025-09-04,coffee,29
9778,2025-09-04,sunscreen,35
9779,2025-09-04,instant noodles,39
9780,2025-09-04,laundry detergent,69
9781,2025-09-05,energy drinks,53
9782,2025-09-05,phone charger,23
9783,2025-09-05,protein snacks,19
9784,2025-09-05,paper towels,61
9785,2025-09-05,sparkling water,18
9786,2025-09-05,usb c cable,66
9787,2025-09-05,coffee,16
9788,2025-09-05,sunscreen,73
9789,2025-09-05,instant noodles,17
9790,2025-09-05,laundry detergent,38
9791,2025-09-06,energy drinks,64
9792,2025-09-06,phone charger,21
9793,2025-09-06,protein snacks,58
9794,2025-09-06,paper towels,55
9795,2025-09-06,sparkling water,69
9796,2025-09-06,usb c cable,28
9797,2025-09-06,coffee,61
9798,2025-09-06,sunscreen,56
9799,2025-09-06,instant noodles,35
9800,2025-09-06,laundry detergent,56
9801,2025-09-07,energy drinks,16
9802,2025-09-07,phone charger,32
9803,2025-09-07,protein snacks,14
9804,2025-09-07,paper towels,15
9805,2025-09-07,sparkling water,34
9806,2025-09-07,usb c cable,64
9807,2025-09-07,coffee,41
9808,2025-09-07,sunscreen,74
9809,2025-09-07,instant noodles,69
9810,2025-09-07,laundry detergent,16
9811,2025-09-08,energy drinks,15
9812,2025-09-08,phone charger,44
9813,2025-09-08,protein snacks,23
9814,2025-09-08,paper towels,57
9815,2025-09-08,sparkling water,24
9816,2025-09-08,usb c cable,69
9817,2025-09-08,coffee,73
9818,2025-09-08,sunscreen,46
9819,2025-09-08,instant noodles,13
9820,2025-09-08,laundry detergent,22
9821,2025-09-09,energy drinks,49
9822,2025-09-09,phone charger,43
9823,2025-09-09,protein snacks,57
9824,2025-09-09,paper towels,69
9825,2025-09-09,sparkling water,65
9826,2025-09-09,usb c cable,52
9827,2025-09-09,coffee,57
9828,2025-09-09,sunscreen,54
9829,2025-09-09,instant noodles,61
9830,2025-09-09,laundry detergent,41
9831,2025-09-10,energy drinks,72
9832,2025-09-10,phone charger,74
9833,2025-09-10,protein snacks,51
9834,2025-09-10,paper towels,57
9835,2025-09-10,sparkling water,65
9836,2025-09-10,usb c cable,20
9837,2025-09-10,coffee,52
9838,2025-09-10,sunscreen,71
9839,2025-09-10,instant noodles,11
9840,2025-09-10,laundry detergent,36
9841,2025-09-11,energy drinks,79
9842,2025-09-11,phone charger,10
9843,2025-09-11,protein snacks,48
9844,2025-09-11,paper towels,69
9845,2025-09-11,sparkling water,60
9846,2025-09-11,usb c cable,28
9847,2025-09-11,coffee,10
9848,2025-09-11,sunscreen,65
9849,2025-09-11,instant noodles,55
9850,2025-09-11,laundry detergent,10
9851,2025-09-12,energy drinks,71
9852,2025-09-12,phone charger,26
9853,2025-09-12,protein snacks,18
9854,2025-09-12,paper towels,52
9855,2025-09-12,sparkling water,48
9856,2025-09-12,usb c cable,18
9857,2025-09-12,coffee,20
9858,2025-09-12,sunscreen,20
9859,2025-09-12,instant noodles,35
9860,2025-09-12,laundry detergent,18
9861,2025-09-13,energy drinks,18
9862,2025-09-13,phone charger,17
9863,2025-09-13,protein snacks,63
9864,2025-09-13,paper towels,78
9865,2025-09-13,sparkling water,78
9866,2025-09-13,usb c cable,24
9867,2025-09-13,coffee,43
9868,2025-09-13,sunscreen,10
9869,2025-09-13,instant noodles,27
9870,2025-09-13,laundry detergent,76
9871,2025-09-14,energy drinks,23
9872,2025-09-14,phone charger,36
9873,2025-09-14,protein snacks,16
9874,2025-09-14,paper towels,61
9875,2025-09-14,sparkling water,25
9876,2025-09-14,usb c cable,51
9877,2025-09-14,coffee,41
9878,2025-09-14,sunscreen,78
9879,2025-09-14,instant noodles,11
9880,2025-09-14,laundry detergent,76
9881,2025-09-15,energy drinks,11
9882,2025-09-15,phone charger,15
9883,2025-09-15,protein snacks,78
9884,2025-09-15,paper towels,20
9885,2025-09-15,sparkling water,28
9886,2025-09-15,usb c cable,56
9887,2025-09-15,coffee,78
9888,2025-09-15,sunscreen,59
9889,2025-09-15,instant noodles,23
9890,2025-09-15,laundry detergent,12
9891,2025-09-16,energy drinks,13
9892,2025-09-16,phone charger,42
9893,2025-09-16,protein snacks,49
9894,2025-09-16,paper towels,46
9895,2025-09-16,sparkling water,35
9896,2025-09-16,usb c cable,21
9897,2025-09-16,coffee,61
9898,2025-09-16,sunscreen,52
9899,2025-09-16,instant noodles,36
9900,2025-09-16,laundry detergent,10
9901,2025-09-17,energy drinks,29
9902,2025-09-17,phone charger,27
9903,2025-09-17,protein snacks,15
9904,2025-09-17,paper towels,65
9905,2025-09-17,sparkling water,79
9906,2025-09-17,usb c cable,14
9907,2025-09-17,coffee,57
9908,2025-09-17,sunscreen,76
9909,2025-09-17,instant noodles,78
9910,2025-09-17,laundry detergent,67
9911,2025-09-18,energy drinks,17
9912,2025-09-18,phone charger,74
9913,2025-09-18,protein snacks,44
9914,2025-09-18,paper towels,13
9915,2025-09-18,sparkling water,78
9916,2025-09-18,usb c cable,18
9917,2025-09-18,coffee,56
9918,2025-09-18,sunscreen,32
9919,2025-09-18,instant noodles,20
9920,2025-09-18,laundry detergent,39
9921,2025-09-19,energy drinks,58
9922,2025-09-19,phone charger,29
9923,2025-09-19,protein snacks,28
9924,2025-09-19,paper towels,17
9925,2025-09-19,sparkling water,46
9926,2025-09-19,usb c cable,64
9927,2025-09-19,coffee,18
9928,2025-09-19,sunscreen,34
9929,2025-09-19,instant noodles,50
9930,2025-09-19,laundry detergent,13
9931,2025-09-20,energy drinks,32
9932,2025-09-20,phone charger,34
9933,2025-09-20,protein snacks,24
9934,2025-09-20,paper towels,48
9935,2025-09-20,sparkling water,30
9936,2025-09-20,usb c cable,32
9937,2025-09-20,coffee,57
9938,2025-09-20,sunscreen,47
9939,2025-09-20,instant noodles,21
9940,2025-09-20,laundry detergent,14
9941,2025-09-21,energy drinks,75
9942,2025-09-21,phone charger,56
9943,2025-09-21,protein snacks,55
9944,2025-09-21,paper towels,43
9945,2025-09-21,sparkling water,15
9946,2025-09-21,usb c cable,55
9947,2025-09-21,coffee,32
9948,2025-09-21,sunscreen,32
9949,2025-09-21,instant noodles,13
9950,2025-09-21,laundry detergent,11
9951,2025-09-22,energy drinks,50
9952,2025-09-22,phone charger,35
9953,2025-09-22,protein snacks,62
9954,2025-09-22,paper towels,38
9955,2025-09-22,sparkling water,34
9956,2025-09-22,usb c cable,79
9957,2025-09-22,coffee,11
9958,2025-09-22,sunscreen,44
9959,2025-09-22,instant noodles,21
9960,2025-09-22,laundry detergent,61
9961,2025-09-23,energy drinks,72
9962,2025-09-23,phone charger,33
9963,2025-09-23,protein snacks,21
9964,2025-09-23,paper towels,33
9965,2025-09-23,sparkling water,30
9966,2025-09-23,usb c cable,50
9967,2025-09-23,coffee,65
9968,2025-09-23,sunscreen,11
9969,2025-09-23,instant noodles,37
9970,2025-09-23,laundry detergent,61
9971,2025-09-24,energy drinks,74
9972,2025-09-24,phone charger,35
9973,2025-09-24,protein snacks,78
9974,2025-09-24,paper towels,22
9975,2025-09-24,sparkling water,50
9976,2025-09-24,usb c cable,26
9977,2025-09-24,coffee,19
9978,2025-09-24,sunscreen,22
9979,2025-09-24,instant noodles,32
9980,2025-09-24,laundry detergent,31
9981,2025-09-25,energy drinks,18
9982,2025-09-25,phone charger,65
9983,2025-09-25,protein snacks,66
9984,2025-09-25,paper towels,27
9985,2025-09-25,sparkling water,44
9986,2025-09-25,usb c cable,63
9987,2025-09-25,coffee,45
9988,2025-09-25,sunscreen,14
9989,2025-09-25,instant noodles,50
9990,2025-09-25,laundry detergent,69
9991,2025-09-26,energy drinks,19
9992,2025-09-26,phone charger,23
9993,2025-09-26,protein snacks,46
9994,2025-09-26,paper towels,60
9995,2025-09-26,sparkling water,11
9996,2025-09-26,usb c cable,56
9997,2025-09-26,coffee,29
9998,2025-09-26,sunscreen,29
9999,2025-09-26,instant noodles,51
10000,2025-09-26,laundry detergent,18
10001,2025-09-27,energy drinks,50
10002,2025-09-27,phone charger,56
10003,2025-09-27,protein snacks,61
10004,2025-09-27,paper towels,75
10005,2025-09-27,sparkling water,19
10006,2025-09-27,usb c cable,48
10007,2025-09-27,coffee,49
10008,2025-09-27,sunscreen,21
10009,2025-09-27,instant noodles,38
10010,2025-09-27,laundry detergent,66
10011,2025-09-28,energy drinks,40
10012,2025-09-28,phone charger,29
10013,2025-09-28,protein snacks,20
10014,2025-09-28,paper towels,45
10015,2025-09-28,sparkling water,31
10016,2025-09-28,usb c cable,55
10017,2025-09-28,coffee,70
10018,2025-09-28,sunscreen,29
10019,2025-09-28,instant noodles,48
10020,2025-09-28,laundry detergent,30
10021,2025-09-29,energy drinks,65
10022,2025-09-29,phone charger,48
10023,2025-09-29,protein snacks,39
10024,2025-09-29,paper towels,20
10025,2025-09-29,sparkling water,38
10026,2025-09-29,usb c cable,21
10027,2025-09-29,coffee,61
10028,2025-09-29,sunscreen,28
10029,2025-09-29,instant noodles,42
10030,2025-09-29,laundry detergent,34
10031,2025-09-30,energy drinks,26
10032,2025-09-30,phone charger,41
10033,2025-09-30,protein snacks,43
10034,2025-09-30,paper towels,10
10035,2025-09-30,sparkling water,70
10036,2025-09-30,usb c cable,71
10037,2025-09-30,coffee,46
10038,2025-09-30,sunscreen,74
10039,2025-09-30,instant noodles,11
10040,2025-09-30,laundry detergent,25
10041,2025-10-01,energy drinks,64
10042,2025-10-01,phone charger,52
10043,2025-10-01,protein snacks,58
10044,2025-10-01,paper towels,27
10045,2025-10-01,sparkling water,42
10046,2025-10-01,usb c cable,24
10047,2025-10-01,coffee,74
10048,2025-10-01,sunscreen,67
10049,2025-10-01,instant noodles,35
10050,2025-10-01,laundry detergent,45
10051,2025-10-02,energy drinks,11
10052,2025-10-02,phone charger,56
10053,2025-10-02,protein snacks,33
10054,2025-10-02,paper towels,66
10055,2025-10-02,sparkling water,73
10056,2025-10-02,usb c cable,45
10057,2025-10-02,coffee,31
10058,2025-10-02,sunscreen,19
10059,2025-10-02,instant noodles,50
10060,2025-10-02,laundry detergent,50
10061,2025-10-03,energy drinks,68
10062,2025-10-03,phone charger,22
10063,2025-10-03,protein snacks,45
10064,2025-10-03,paper towels,73
10065,2025-10-03,sparkling water,50
10066,2025-10-03,usb c cable,44
10067,2025-10-03,coffee,71
10068,2025-10-03,sunscreen,30
10069,2025-10-03,instant noodles,12
10070,2025-10-03,laundry detergent,77
10071,2025-10-04,energy drinks,59
10072,2025-10-04,phone charger,27
10073,2025-10-04,protein snacks,76
10074,2025-10-04,paper towels,11
10075,2025-10-04,sparkling water,78
10076,2025-10-04,usb c cable,69
10077,2025-10-04,coffee,69
10078,2025-10-04,sunscreen,19
10079,2025-10-04,instant noodles,51
10080,2025-10-04,laundry detergent,19
10081,2025-10-05,energy drinks,15
10082,2025-10-05,phone charger,53
10083,2025-10-05,protein snacks,76
10084,2025-10-05,paper towels,55
10085,2025-10-05,sparkling water,14
10086,2025-10-05,usb c cable,65
10087,2025-10-05,coffee,76
10088,2025-10-05,sunscreen,18
10089,2025-10-05,instant noodles,38
10090,2025-10-05,laundry detergent,29
10091,2025-10-06,energy drinks,61
10092,2025-10-06,phone charger,68
10093,2025-10-06,protein snacks,43
10094,2025-10-06,paper towels,66
10095,2025-10-06,sparkling water,50
10096,2025-10-06,usb c cable,55
10097,2025-10-06,coffee,72
10098,2025-10-06,sunscreen,67
10099,2025-10-06,instant noodles,60
10100,2025-10-06,laundry detergent,59
10101,2025-10-07,energy drinks,23
10102,2025-10-07,phone charger,45
10103,2025-10-07,protein snacks,74
10104,2025-10-07,paper towels,17
10105,2025-10-07,sparkling water,38
10106,2025-10-07,usb c cable,31
10107,2025-10-07,coffee,21
10108,2025-10-07,sunscreen,67
10109,2025-10-07,instant noodles,16
10110,2025-10-07,laundry detergent,39
10111,2025-10-08,energy drinks,27
10112,2025-10-08,phone charger,62
10113,2025-10-08,protein snacks,41
10114,2025-10-08,paper towels,31
10115,2025-10-08,sparkling water,50
10116,2025-10-08,usb c cable,23
10117,2025-10-08,coffee,21
10118,2025-10-08,sunscreen,64
10119,2025-10-08,instant noodles,32
10120,2025-10-08,laundry detergent,60
10121,2025-10-09,energy drinks,11
10122,2025-10-09,phone charger,25
10123,2025-10-09,protein snacks,32
10124,2025-10-09,paper towels,36
10125,2025-10-09,sparkling water,61
10126,2025-10-09,usb c cable,20
10127,2025-10-09,coffee,23
10128,2025-10-09,sunscreen,20
10129,2025-10-09,instant noodles,54
10130,2025-10-09,laundry detergent,42
10131,2025-10-10,energy drinks,29
10132,2025-10-10,phone charger,77
10133,2025-10-10,protein snacks,46
10134,2025-10-10,paper towels,71
10135,2025-10-10,sparkling water,42
10136,2025-10-10,usb c cable,45
10137,2025-10-10,coffee,10
10138,2025-10-10,sunscreen,51
10139,2025-10-10,instant noodles,66
10140,2025-10-10,laundry detergent,16
10141,2025-10-11,energy drinks,36
10142,2025-10-11,phone charger,76
10143,2025-10-11,protein snacks,69
10144,2025-10-11,paper towels,47
10145,2025-10-11,sparkling water,27
10146,2025-10-11,usb c cable,28
10147,2025-10-11,coffee,32
10148,2025-10-11,sunscreen,52
10149,2025-10-11,instant noodles,17
10150,2025-10-11,laundry detergent,68
10151,2025-10-12,energy drinks,69
10152,2025-10-12,phone charger,37
10153,2025-10-12,protein snacks,55
10154,2025-10-12,paper towels,22
10155,2025-10-12,sparkling water,64
10156,2025-10-12,usb c cable,49
10157,2025-10-12,coffee,12
10158,2025-10-12,sunscreen,32
10159,2025-10-12,instant noodles,31
10160,2025-10-12,laundry detergent,44
10161,2025-10-13,energy drinks,12
10162,2025-10-13,phone charger,61
10163,2025-10-13,protein snacks,52
10164,2025-10-13,paper towels,57
10165,2025-10-13,sparkling water,35
10166,2025-10-13,usb c cable,77
10167,2025-10-13,coffee,67
10168,2025-10-13,sunscreen,59
10169,2025-10-13,instant noodles,61
10170,2025-10-13,laundry detergent,52
10171,2025-10-14,energy drinks,37
10172,2025-10-14,phone charger,57
10173,2025-10-14,protein snacks,61
10174,2025-10-14,paper towels,46
10175,2025-10-14,sparkling water,28
10176,2025-10-14,usb c cable,32
10177,2025-10-14,coffee,63
10178,2025-10-14,sunscreen,77
10179,2025-10-14,instant noodles,74
10180,2025-10-14,laundry detergent,45
10181,2025-10-15,energy drinks,52
10182,2025-10-15,phone charger,63
10183,2025-10-15,protein snacks,16
10184,2025-10-15,paper towels,11
10185,2025-10-15,sparkling water,79
10186,2025-10-15,usb c cable,39
10187,2025-10-15,coffee,46
10188,2025-10-15,sunscreen,37
10189,2025-10-15,instant noodles,65
10190,2025-10-15,laundry detergent,73
10191,2025-10-16,energy drinks,62
10192,2025-10-16,phone charger,21
10193,2025-10-16,protein snacks,67
10194,2025-10-16,paper towels,21
10195,2025-10-16,sparkling water,16
10196,2025-10-16,usb c cable,52
10197,2025-10-16,coffee,76
10198,2025-10-16,sunscreen,45
10199,2025-10-16,instant noodles,68
10200,2025-10-16,laundry detergent,41
10201,2025-10-17,energy drinks,56
10202,2025-10-17,phone charger,16
10203,2025-10-17,protein snacks,56
10204,2025-10-17,paper towels,51
10205,2025-10-17,sparkling water,70
10206,2025-10-17,usb c cable,60
10207,2025-10-17,coffee,65
10208,2025-10-17,sunscreen,45
10209,2025-10-17,instant noodles,52
10210,2025-10-17,laundry detergent,32
10211,2025-10-18,energy drinks,22
10212,2025-10-18,phone charger,54
10213,2025-10-18,protein snacks,59
10214,2025-10-18,paper towels,40
10215,2025-10-18,sparkling water,47
10216,2025-10-18,usb c cable,78
10217,2025-10-18,coffee,40
10218,2025-10-18,sunscreen,63
10219,2025-10-18,instant noodles,17
10220,2025-10-18,laundry detergent,21
10221,2025-10-19,energy drinks,68
10222,2025-10-19,phone charger,78
10223,2025-10-19,protein snacks,64
10224,2025-10-19,paper towels,41
10225,2025-10-19,sparkling water,35
10226,2025-10-19,usb c cable,21
10227,2025-10-19,coffee,18
10228,2025-10-19,sunscreen,10
10229,2025-10-19,instant noodles,24
10230,2025-10-19,laundry detergent,44
10231,2025-10-20,energy drinks,17
10232,2025-10-20,phone charger,15
10233,2025-10-20,protein snacks,31
10234,2025-10-20,paper towels,49
10235,2025-10-20,sparkling water,45
10236,2025-10-20,usb c cable,56
10237,2025-10-20,coffee,54
10238,2025-10-20,sunscreen,77
10239,2025-10-20,instant noodles,64
10240,2025-10-20,laundry detergent,47
10241,2025-10-21,energy drinks,64
10242,2025-10-21,phone charger,25
10243,2025-10-21,protein snacks,54
10244,2025-10-21,paper towels,33
10245,2025-10-21,sparkling water,58
10246,2025-10-21,usb c cable,61
10247,2025-10-21,coffee,34
10248,2025-10-21,sunscreen,31
10249,2025-10-21,instant noodles,53
10250,2025-10-21,laundry detergent,58
10251,2025-10-22,energy drinks,63
10252,2025-10-22,phone charger,73
10253,2025-10-22,protein snacks,55
10254,2025-10-22,paper towels,10
10255,2025-10-22,sparkling water,40
10256,2025-10-22,usb c cable,61
10257,2025-10-22,coffee,12
10258,2025-10-22,sunscreen,71
10259,2025-10-22,instant noodles,37
10260,2025-10-22,laundry detergent,19
10261,2025-10-23,energy drinks,51
10262,2025-10-23,phone charger,35
10263,2025-10-23,protein snacks,31
10264,2025-10-23,paper towels,40
10265,2025-10-23,sparkling water,41
10266,2025-10-23,usb c cable,45
10267,2025-10-23,coffee,38
10268,2025-10-23,sunscreen,79
10269,2025-10-23,instant noodles,71
10270,2025-10-23,laundry detergent,51
10271,2025-10-24,energy drinks,65
10272,2025-10-24,phone charger,46
10273,2025-10-24,protein snacks,41
10274,2025-10-24,paper towels,44
10275,2025-10-24,sparkling water,20
10276,2025-10-24,usb c cable,16
10277,2025-10-24,coffee,19
10278,2025-10-24,sunscreen,79
10279,2025-10-24,instant noodles,68
10280,2025-10-24,laundry detergent,16
10281,2025-10-25,energy drinks,53
10282,2025-10-25,phone charger,27
10283,2025-10-25,protein snacks,22
10284,2025-10-25,paper towels,23
10285,2025-10-25,sparkling water,25
10286,2025-10-25,usb c cable,27
10287,2025-10-25,coffee,71
10288,2025-10-25,sunscreen,57
10289,2025-10-25,instant noodles,70
10290,2025-10-25,laundry detergent,22
10291,2025-10-26,energy drinks,47
10292,2025-10-26,phone charger,58
10293,2025-10-26,protein snacks,32
10294,2025-10-26,paper towels,28
10295,2025-10-26,sparkling water,45
10296,2025-10-26,usb c cable,17
10297,2025-10-26,coffee,66
10298,2025-10-26,sunscreen,39
10299,2025-10-26,instant noodles,15
10300,2025-10-26,laundry detergent,12
10301,2025-10-27,energy drinks,33
10302,2025-10-27,phone charger,33
10303,2025-10-27,protein snacks,21
10304,2025-10-27,paper towels,44
10305,2025-10-27,sparkling water,45
10306,2025-10-27,usb c cable,57
10307,2025-10-27,coffee,46
10308,2025-10-27,sunscreen,48
10309,2025-10-27,instant noodles,73
10310,2025-10-27,laundry detergent,12
10311,2025-10-28,energy drinks,60
10312,2025-10-28,phone charger,47
10313,2025-10-28,protein snacks,31
10314,2025-10-28,paper towels,24
10315,2025-10-28,sparkling water,72
10316,2025-10-28,usb c cable,43
10317,2025-10-28,coffee,64
10318,2025-10-28,sunscreen,45
10319,2025-10-28,instant noodles,15
10320,2025-10-28,laundry detergent,21
10321,2025-10-29,energy drinks,23
10322,2025-10-29,phone charger,66
10323,2025-10-29,protein snacks,31
10324,2025-10-29,paper towels,72
10325,2025-10-29,sparkling water,52
10326,2025-10-29,usb c cable,25
10327,2025-10-29,coffee,48
10328,2025-10-29,sunscreen,21
10329,2025-10-29,instant noodles,23
10330,2025-10-29,laundry detergent,46
10331,2025-10-30,energy drinks,61
10332,2025-10-30,phone charger,59
10333,2025-10-30,protein snacks,66
10334,2025-10-30,paper towels,35
10335,2025-10-30,sparkling water,46
10336,2025-10-30,usb c cable,27
10337,2025-10-30,coffee,44
10338,2025-10-30,sunscreen,19
10339,2025-10-30,instant noodles,27
10340,2025-10-30,laundry detergent,10
10341,2025-10-31,energy drinks,54
10342,2025-10-31,phone charger,12
10343,2025-10-31,protein snacks,54
10344,2025-10-31,paper towels,43
10345,2025-10-31,sparkling water,79
10346,2025-10-31,usb c cable,31
10347,2025-10-31,coffee,75
10348,2025-10-31,sunscreen,20
10349,2025-10-31,instant noodles,26
10350,2025-10-31,laundry detergent,46
10351,2025-11-01,energy drinks,28
10352,2025-11-01,phone charger,41
10353,2025-11-01,protein snacks,20
10354,2025-11-01,paper towels,20
10355,2025-11-01,sparkling water,39
10356,2025-11-01,usb c cable,11
10357,2025-11-01,coffee,44
10358,2025-11-01,sunscreen,38
10359,2025-11-01,instant noodles,60
10360,2025-11-01,laundry detergent,14
10361,2025-11-02,energy drinks,78
10362,2025-11-02,phone charger,31
10363,2025-11-02,protein snacks,37
10364,2025-11-02,paper towels,34
10365,2025-11-02,sparkling water,13
10366,2025-11-02,usb c cable,55
10367,2025-11-02,coffee,42
10368,2025-11-02,sunscreen,32
10369,2025-11-02,instant noodles,47
10370,2025-11-02,laundry detergent,62
10371,2025-11-03,energy drinks,72
10372,2025-11-03,phone charger,13
10373,2025-11-03,protein snacks,46
10374,2025-11-03,paper towels,10
10375,2025-11-03,sparkling water,76
10376,2025-11-03,usb c cable,13
10377,2025-11-03,coffee,27
10378,2025-11-03,sunscreen,55
10379,2025-11-03,instant noodles,16
10380,2025-11-03,laundry detergent,70
10381,2025-11-04,energy drinks,10
10382,2025-11-04,phone charger,66
10383,2025-11-04,protein snacks,22
10384,2025-11-04,paper towels,33
10385,2025-11-04,sparkling water,37
10386,2025-11-04,usb c cable,61
10387,2025-11-04,coffee,79
10388,2025-11-04,sunscreen,18
10389,2025-11-04,instant noodles,36
10390,2025-11-04,laundry detergent,68
10391,2025-11-05,energy drinks,63
10392,2025-11-05,phone charger,40
10393,2025-11-05,protein snacks,53
10394,2025-11-05,paper towels,33
10395,2025-11-05,sparkling water,77
10396,2025-11-05,usb c cable,22
10397,2025-11-05,coffee,45
10398,2025-11-05,sunscreen,57
10399,2025-11-05,instant noodles,54
10400,2025-11-05,laundry detergent,19
10401,2025-11-06,energy drinks,30
10402,2025-11-06,phone charger,62
10403,2025-11-06,protein snacks,65
10404,2025-11-06,paper towels,72
10405,2025-11-06,sparkling water,27
10406,2025-11-06,usb c cable,74
10407,2025-11-06,coffee,42
10408,2025-11-06,sunscreen,41
10409,2025-11-06,instant noodles,13
10410,2025-11-06,laundry detergent,59
10411,2025-11-07,energy drinks,23
10412,2025-11-07,phone charger,44
10413,2025-11-07,protein snacks,55
10414,2025-11-07,paper towels,17
10415,2025-11-07,sparkling water,48
10416,2025-11-07,usb c cable,57
10417,2025-11-07,coffee,68
10418,2025-11-07,sunscreen,10
10419,2025-11-07,instant noodles,40
10420,2025-11-07,laundry detergent,57
10421,2025-11-08,energy drinks,39
10422,2025-11-08,phone charger,25
10423,2025-11-08,protein snacks,50
10424,2025-11-08,paper towels,33
10425,2025-11-08,sparkling water,74
10426,2025-11-08,usb c cable,20
10427,2025-11-08,coffee,28
10428,2025-11-08,sunscreen,28
10429,2025-11-08,instant noodles,40
10430,2025-11-08,laundry detergent,21
10431,2025-11-09,energy drinks,42
10432,2025-11-09,phone charger,79
10433,2025-11-09,protein snacks,51
10434,2025-11-09,paper towels,60
10435,2025-11-09,sparkling water,65
10436,2025-11-09,usb c cable,62
10437,2025-11-09,coffee,51
10438,2025-11-09,sunscreen,66
10439,2025-11-09,instant noodles,45
10440,2025-11-09,laundry detergent,26
10441,2025-11-10,energy drinks,27
10442,2025-11-10,phone charger,13
10443,2025-11-10,protein snacks,60
10444,2025-11-10,paper towels,29
10445,2025-11-10,sparkling water,76
10446,2025-11-10,usb c cable,66
10447,2025-11-10,coffee,23
10448,2025-11-10,sunscreen,53
10449,2025-11-10,instant noodles,34
10450,2025-11-10,laundry detergent,73
10451,2025-11-11,energy drinks,11
10452,2025-11-11,phone charger,47
10453,2025-11-11,protein snacks,15
10454,2025-11-11,paper towels,57
10455,2025-11-11,sparkling water,37
10456,2025-11-11,usb c cable,75
10457,2025-11-11,coffee,48
10458,2025-11-11,sunscreen,50
10459,2025-11-11,instant noodles,12
10460,2025-11-11,laundry detergent,10
10461,2025-11-12,energy drinks,58
10462,2025-11-12,phone charger,44
10463,2025-11-12,protein snacks,44
10464,2025-11-12,paper towels,58
10465,2025-11-12,sparkling water,71
10466,2025-11-12,usb c cable,25
10467,2025-11-12,coffee,74
10468,2025-11-12,sunscreen,11
10469,2025-11-12,instant noodles,11
10470,2025-11-12,laundry detergent,76
10471,2025-11-13,energy drinks,68
10472,2025-11-13,phone charger,51
10473,2025-11-13,protein snacks,41
10474,2025-11-13,paper towels,25
10475,2025-11-13,sparkling water,58
10476,2025-11-13,usb c cable,62
10477,2025-11-13,coffee,75
10478,2025-11-13,sunscreen,46
10479,2025-11-13,instant noodles,62
10480,2025-11-13,laundry detergent,60
10481,2025-11-14,energy drinks,75
10482,2025-11-14,phone charger,11
10483,2025-11-14,protein snacks,11
10484,2025-11-14,paper towels,38
10485,2025-11-14,sparkling water,75
10486,2025-11-14,usb c cable,24
10487,2025-11-14,coffee,54
10488,2025-11-14,sunscreen,38
10489,2025-11-14,instant noodles,42
10490,2025-11-14,laundry detergent,60
10491,2025-11-15,energy drinks,14
10492,2025-11-15,phone charger,46
10493,2025-11-15,protein snacks,12
10494,2025-11-15,paper towels,20
10495,2025-11-15,sparkling water,20
10496,2025-11-15,usb c cable,16
10497,2025-11-15,coffee,77
10498,2025-11-15,sunscreen,28
10499,2025-11-15,instant noodles,43
10500,2025-11-15,laundry detergent,19
10501,2025-11-16,energy drinks,11
10502,2025-11-16,phone charger,44
10503,2025-11-16,protein snacks,41
10504,2025-11-16,paper towels,24
10505,2025-11-16,sparkling water,21
10506,2025-11-16,usb c cable,72
10507,2025-11-16,coffee,52
10508,2025-11-16,sunscreen,36
10509,2025-11-16,instant noodles,64
10510,2025-11-16,laundry detergent,41
10511,2025-11-17,energy drinks,19
10512,2025-11-17,phone charger,44
10513,2025-11-17,protein snacks,13
10514,2025-11-17,paper towels,48
10515,2025-11-17,sparkling water,52
10516,2025-11-17,usb c cable,27
10517,2025-11-17,coffee,41
10518,2025-11-17,sunscreen,78
10519,2025-11-17,instant noodles,37
10520,2025-11-17,laundry detergent,48
10521,2025-11-18,energy drinks,36
10522,2025-11-18,phone charger,62
10523,2025-11-18,protein snacks,18
10524,2025-11-18,paper towels,60
10525,2025-11-18,sparkling water,21
10526,2025-11-18,usb c cable,21
10527,2025-11-18,coffee,39
10528,2025-11-18,sunscreen,36
10529,2025-11-18,instant noodles,52
10530,2025-11-18,laundry detergent,67
10531,2025-11-19,energy drinks,62
10532,2025-11-19,phone charger,15
10533,2025-11-19,protein snacks,10
10534,2025-11-19,paper towels,52
10535,2025-11-19,sparkling water,30
10536,2025-11-19,usb c cable,21
10537,2025-11-19,coffee,55
10538,2025-11-19,sunscreen,47
10539,2025-11-19,instant noodles,60
10540,2025-11-19,laundry detergent,54
10541,2025-11-20,energy drinks,23
10542,2025-11-20,phone charger,18
10543,2025-11-20,protein snacks,11
10544,2025-11-20,paper towels,38
10545,2025-11-20,sparkling water,70
10546,2025-11-20,usb c cable,44
10547,2025-11-20,coffee,78
10548,2025-11-20,sunscreen,14
10549,2025-11-20,instant noodles,53
10550,2025-11-20,laundry detergent,59
10551,2025-11-21,energy drinks,64
10552,2025-11-21,phone charger,53
10553,2025-11-21,protein snacks,78
10554,2025-11-21,paper towels,71
10555,2025-11-21,sparkling water,16
10556,2025-11-21,usb c cable,78
10557,2025-11-21,coffee,10
10558,2025-11-21,sunscreen,48
10559,2025-11-21,instant noodles,18
10560,2025-11-21,laundry detergent,61
10561,2025-11-22,energy drinks,45
10562,2025-11-22,phone charger,53
10563,2025-11-22,protein snacks,76
10564,2025-11-22,paper towels,35
10565,2025-11-22,sparkling water,20
10566,2025-11-22,usb c cable,52
10567,2025-11-22,coffee,37
10568,2025-11-22,sunscreen,49
10569,2025-11-22,instant noodles,20
10570,2025-11-22,laundry detergent,21
10571,2025-11-23,energy drinks,51
10572,2025-11-23,phone charger,42
10573,2025-11-23,protein snacks,14
10574,2025-11-23,paper towels,30
10575,2025-11-23,sparkling water,39
10576,2025-11-23,usb c cable,42
10577,2025-11-23,coffee,10
10578,2025-11-23,sunscreen,38
10579,2025-11-23,instant noodles,60
10580,2025-11-23,laundry detergent,74
10581,2025-11-24,energy drinks,57
10582,2025-11-24,phone charger,42
10583,2025-11-24,protein snacks,12
10584,2025-11-24,paper towels,75
10585,2025-11-24,sparkling water,27
10586,2025-11-24,usb c cable,27
10587,2025-11-24,coffee,21
10588,2025-11-24,sunscreen,36
10589,2025-11-24,instant noodles,68
10590,2025-11-24,laundry detergent,78
10591,2025-11-25,energy drinks,44
10592,2025-11-25,phone charger,35
10593,2025-11-25,protein snacks,19
10594,2025-11-25,paper towels,61
10595,2025-11-25,sparkling water,12
10596,2025-11-25,usb c cable,30
10597,2025-11-25,coffee,43
10598,2025-11-25,sunscreen,63
10599,2025-11-25,instant noodles,35
10600,2025-11-25,laundry detergent,19
10601,2025-11-26,energy drinks,29
10602,2025-11-26,phone charger,64
10603,2025-11-26,protein snacks,56
10604,2025-11-26,paper towels,58
10605,2025-11-26,sparkling water,71
10606,2025-11-26,usb c cable,17
10607,2025-11-26,coffee,24
10608,2025-11-26,sunscreen,22
10609,2025-11-26,instant noodles,34
10610,2025-11-26,laundry detergent,54
10611,2025-11-27,energy drinks,58
10612,2025-11-27,phone charger,51
10613,2025-11-27,protein snacks,37
10614,2025-11-27,paper towels,70
10615,2025-11-27,sparkling water,48
10616,2025-11-27,usb c cable,47
10617,2025-11-27,coffee,19
10618,2025-11-27,sunscreen,61
10619,2025-11-27,instant noodles,68
10620,2025-11-27,laundry detergent,22
10621,2025-11-28,energy drinks,34
10622,2025-11-28,phone charger,64
10623,2025-11-28,protein snacks,26
10624,2025-11-28,paper towels,15
10625,2025-11-28,sparkling water,30
10626,2025-11-28,usb c cable,30
10627,2025-11-28,coffee,37
10628,2025-11-28,sunscreen,72
10629,2025-11-28,instant noodles,29
10630,2025-11-28,laundry detergent,14
10631,2025-11-29,energy drinks,32
10632,2025-11-29,phone charger,18
10633,2025-11-29,protein snacks,18
10634,2025-11-29,paper towels,61
10635,2025-11-29,sparkling water,38
10636,2025-11-29,usb c cable,46
10637,2025-11-29,coffee,39
10638,2025-11-29,sunscreen,26
10639,2025-11-29,instant noodles,59
10640,2025-11-29,laundry detergent,13
10641,2025-11-30,energy drinks,76
10642,2025-11-30,phone charger,55
10643,2025-11-30,protein snacks,28
10644,2025-11-30,paper towels,10
10645,2025-11-30,sparkling water,75
10646,2025-11-30,usb c cable,61
10647,2025-11-30,coffee,12
10648,2025-11-30,sunscreen,53
10649,2025-11-30,instant noodles,40
10650,2025-11-30,laundry detergent,19
10651,2025-12-01,energy drinks,63
10652,2025-12-01,phone charger,61
10653,2025-12-01,protein snacks,67
10654,2025-12-01,paper towels,119
10655,2025-12-01,sparkling water,40
10656,2025-12-01,usb c cable,45
10657,2025-12-01,coffee,31
10658,2025-12-01,sunscreen,50
10659,2025-12-01,instant noodles,30
10660,2025-12-01,laundry detergent,41
10661,2025-12-02,energy drinks,52
10662,2025-12-02,phone charger,39
10663,2025-12-02,protein snacks,56
10664,2025-12-02,paper towels,16
10665,2025-12-02,sparkling water,26
10666,2025-12-02,usb c cable,69
10667,2025-12-02,coffee,39
10668,2025-12-02,sunscreen,28
10669,2025-12-02,instant noodles,30
10670,2025-12-02,laundry detergent,68
10671,2025-12-03,energy drinks,79
10672,2025-12-03,phone charger,57
10673,2025-12-03,protein snacks,14
10674,2025-12-03,paper towels,86
10675,2025-12-03,sparkling water,17
10676,2025-12-03,usb c cable,43
10677,2025-12-03,coffee,77
10678,2025-12-03,sunscreen,26
10679,2025-12-03,instant noodles,17
10680,2025-12-03,laundry detergent,35
10681,2025-12-04,energy drinks,53
10682,2025-12-04,phone charger,34
10683,2025-12-04,protein snacks,27
10684,2025-12-04,paper towels,62
10685,2025-12-04,sparkling water,50
10686,2025-12-04,usb c cable,39
10687,2025-12-04,coffee,113
10688,2025-12-04,sunscreen,60
10689,2025-12-04,instant noodles,84
10690,2025-12-04,laundry detergent,62
10691,2025-12-05,energy drinks,76
10692,2025-12-05,phone charger,75
10693,2025-12-05,protein snacks,73
10694,2025-12-05,paper towels,72
10695,2025-12-05,sparkling water,48
10696,2025-12-05,usb c cable,74
10697,2025-12-05,coffee,62
10698,2025-12-05,sunscreen,20
10699,2025-12-05,instant noodles,84
10700,2025-12-05,laundry detergent,23
10701,2025-12-06,energy drinks,55
10702,2025-12-06,phone charger,77
10703,2025-12-06,protein snacks,25
10704,2025-12-06,paper towels,72
10705,2025-12-06,sparkling water,61
10706,2025-12-06,usb c cable,17
10707,2025-12-06,coffee,59
10708,2025-12-06,sunscreen,28
10709,2025-12-06,instant noodles,103
10710,2025-12-06,laundry detergent,40
10711,2025-12-07,energy drinks,56
10712,2025-12-07,phone charger,22
10713,2025-12-07,protein snacks,52
10714,2025-12-07,paper towels,47
10715,2025-12-07,sparkling water,28
10716,2025-12-07,usb c cable,27
10717,2025-12-07,coffee,122
10718,2025-12-07,sunscreen,57
10719,2025-12-07,instant noodles,31
10720,2025-12-07,laundry detergent,28
10721,2025-12-08,energy drinks,35
10722,2025-12-08,phone charger,47
10723,2025-12-08,protein snacks,34
10724,2025-12-08,paper towels,33
10725,2025-12-08,sparkling water,49
10726,2025-12-08,usb c cable,37
10727,2025-12-08,coffee,21
10728,2025-12-08,sunscreen,61
10729,2025-12-08,instant noodles,39
10730,2025-12-08,laundry detergent,35
10731,2025-12-09,energy drinks,26
10732,2025-12-09,phone charger,39
10733,2025-12-09,protein snacks,57
10734,2025-12-09,paper towels,120
10735,2025-12-09,sparkling water,30
10736,2025-12-09,usb c cable,27
10737,2025-12-09,coffee,62
10738,2025-12-09,sunscreen,35
10739,2025-12-09,instant noodles,125
10740,2025-12-09,laundry detergent,22
10741,2025-12-10,energy drinks,71
10742,2025-12-10,phone charger,67
10743,2025-12-10,protein snacks,49
10744,2025-12-10,paper towels,59
10745,2025-12-10,sparkling water,54
10746,2025-12-10,usb c cable,65
10747,2025-12-10,coffee,33
10748,2025-12-10,sunscreen,32
10749,2025-12-10,instant noodles,43
10750,2025-12-10,laundry detergent,43
10751,2025-12-11,energy drinks,75
10752,2025-12-11,phone charger,36
10753,2025-12-11,protein snacks,10
10754,2025-12-11,paper towels,74
10755,2025-12-11,sparkling water,48
10756,2025-12-11,usb c cable,37
10757,2025-12-11,coffee,57
10758,2025-12-11,sunscreen,78
10759,2025-12-11,instant noodles,66
10760,2025-12-11,laundry detergent,44
10761,2025-12-12,energy drinks,28
10762,2025-12-12,phone charger,67
10763,2025-12-12,protein snacks,51
10764,2025-12-12,paper towels,90
10765,2025-12-12,sparkling water,71
10766,2025-12-12,usb c cable,39
10767,2025-12-12,coffee,89
10768,2025-12-12,sunscreen,56
10769,2025-12-12,instant noodles,31
10770,2025-12-12,laundry detergent,71
10771,2025-12-13,energy drinks,42
10772,2025-12-13,phone charger,67
10773,2025-12-13,protein snacks,66
10774,2025-12-13,paper towels,83
10775,2025-12-13,sparkling water,43
10776,2025-12-13,usb c cable,31
10777,2025-12-13,coffee,81
10778,2025-12-13,sunscreen,49
10779,2025-12-13,instant noodles,57
10780,2025-12-13,laundry detergent,50
10781,2025-12-14,energy drinks,62
10782,2025-12-14,phone charger,59
10783,2025-12-14,protein snacks,60
10784,2025-12-14,paper towels,16
10785,2025-12-14,sparkling water,77
10786,2025-12-14,usb c cable,74
10787,2025-12-14,coffee,66
10788,2025-12-14,sunscreen,28
10789,2025-12-14,instant noodles,20
10790,2025-12-14,laundry detergent,39
10791,2025-12-15,energy drinks,53
10792,2025-12-15,phone charger,74
10793,2025-12-15,protein snacks,47
10794,2025-12-15,paper towels,17
10795,2025-12-15,sparkling water,18
10796,2025-12-15,usb c cable,12
10797,2025-12-15,coffee,96
10798,2025-12-15,sunscreen,64
10799,2025-12-15,instant noodles,23
10800,2025-12-15,laundry detergent,22
10801,2025-12-16,energy drinks,21
10802,2025-12-16,phone charger,21
10803,2025-12-16,protein snacks,71
10804,2025-12-16,paper towels,71
10805,2025-12-16,sparkling water,32
10806,2025-12-16,usb c cable,29
10807,2025-12-16,coffee,73
10808,2025-12-16,sunscreen,70
10809,2025-12-16,instant noodles,103
10810,2025-12-16,laundry detergent,24
10811,2025-12-17,energy drinks,30
10812,2025-12-17,phone charger,66
10813,2025-12-17,protein snacks,22
10814,2025-12-17,paper towels,101
10815,2025-12-17,sparkling water,34
10816,2025-12-17,usb c cable,49
10817,2025-12-17,coffee,54
10818,2025-12-17,sunscreen,25
10819,2025-12-17,instant noodles,90
10820,2025-12-17,laundry detergent,50
10821,2025-12-18,energy drinks,38
10822,2025-12-18,phone charger,30
10823,2025-12-18,protein snacks,22
10824,2025-12-18,paper towels,58
10825,2025-12-18,sparkling water,78
10826,2025-12-18,usb c cable,18
10827,2025-12-18,coffee,102
10828,2025-12-18,sunscreen,61
10829,2025-12-18,instant noodles,88
10830,2025-12-18,laundry detergent,41
10831,2025-12-19,energy drinks,76
10832,2025-12-19,phone charger,17
10833,2025-12-19,protein snacks,51
10834,2025-12-19,paper towels,45
10835,2025-12-19,sparkling water,42
10836,2025-12-19,usb c cable,45
10837,2025-12-19,coffee,75
10838,2025-12-19,sunscreen,47
10839,2025-12-19,instant noodles,74
10840,2025-12-19,laundry detergent,69
10841,2025-12-20,energy drinks,10
10842,2025-12-20,phone charger,30
10843,2025-12-20,protein snacks,71
10844,2025-12-20,paper towels,22
10845,2025-12-20,sparkling water,29
10846,2025-12-20,usb c cable,57
10847,2025-12-20,coffee,70
10848,2025-12-20,sunscreen,27
10849,2025-12-20,instant noodles,49
10850,2025-12-20,laundry detergent,17
10851,2025-12-21,energy drinks,34
10852,2025-12-21,phone charger,47
10853,2025-12-21,protein snacks,17
10854,2025-12-21,paper towels,82
10855,2025-12-21,sparkling water,79
10856,2025-12-21,usb c cable,69
10857,2025-12-21,coffee,20
10858,2025-12-21,sunscreen,58
10859,2025-12-21,instant noodles,90
10860,2025-12-21,laundry detergent,22
10861,2025-12-22,energy drinks,15
10862,2025-12-22,phone charger,31
10863,2025-12-22,protein snacks,41
10864,2025-12-22,paper towels,38
10865,2025-12-22,sparkling water,23
10866,2025-12-22,usb c cable,49
10867,2025-12-22,coffee,70
10868,2025-12-22,sunscreen,53
10869,2025-12-22,instant noodles,103
10870,2025-12-22,laundry detergent,25
10871,2025-12-23,energy drinks,37
10872,2025-12-23,phone charger,55
10873,2025-12-23,protein snacks,70
10874,2025-12-23,paper towels,31
10875,2025-12-23,sparkling water,31
10876,2025-12-23,usb c cable,67
10877,2025-12-23,coffee,43
10878,2025-12-23,sunscreen,45
10879,2025-12-23,instant noodles,40
10880,2025-12-23,laundry detergent,10
10881,2025-12-24,energy drinks,26
10882,2025-12-24,phone charger,31
10883,2025-12-24,protein snacks,15
10884,2025-12-24,paper towels,76
10885,2025-12-24,sparkling water,72
10886,2025-12-24,usb c cable,73
10887,2025-12-24,coffee,55
10888,2025-12-24,sunscreen,56
10889,2025-12-24,instant noodles,85
10890,2025-12-24,laundry detergent,69
10891,2025-12-25,energy drinks,68
10892,2025-12-25,phone charger,24
10893,2025-12-25,protein snacks,72
10894,2025-12-25,paper towels,90
10895,2025-12-25,sparkling water,30
10896,2025-12-25,usb c cable,29
10897,2025-12-25,coffee,40
10898,2025-12-25,sunscreen,20
10899,2025-12-25,instant noodles,54
10900,2025-12-25,laundry detergent,69
10901,2025-12-26,energy drinks,35
10902,2025-12-26,phone charger,54
10903,2025-12-26,protein snacks,24
10904,2025-12-26,paper towels,37
10905,2025-12-26,sparkling water,51
10906,2025-12-26,usb c cable,36
10907,2025-12-26,coffee,106
10908,2025-12-26,sunscreen,62
10909,2025-12-26,instant noodles,85
10910,2025-12-26,laundry detergent,78
10911,2025-12-27,energy drinks,73
10912,2025-12-27,phone charger,37
10913,2025-12-27,protein snacks,20
10914,2025-12-27,paper towels,59
10915,2025-12-27,sparkling water,36
10916,2025-12-27,usb c cable,10
10917,2025-12-27,coffee,76
10918,2025-12-27,sunscreen,49
10919,2025-12-27,instant noodles,23
10920,2025-12-27,laundry detergent,79
10921,2025-12-28,energy drinks,20
10922,2025-12-28,phone charger,48
10923,2025-12-28,protein snacks,15
10924,2025-12-28,paper towels,110
10925,2025-12-28,sparkling water,73
10926,2025-12-28,usb c cable,17
10927,2025-12-28,coffee,93
10928,2025-12-28,sunscreen,66
10929,2025-12-28,instant noodles,80
10930,2025-12-28,laundry detergent,42
10931,2025-12-29,energy drinks,34
10932,2025-12-29,phone charger,77
10933,2025-12-29,protein snacks,40
10934,2025-12-29,paper towels,30
10935,2025-12-29,sparkling water,16
10936,2025-12-29,usb c cable,11
10937,2025-12-29,coffee,81
10938,2025-12-29,sunscreen,26
10939,2025-12-29,instant noodles,90
10940,2025-12-29,laundry detergent,64
10941,2025-12-30,energy drinks,38
10942,2025-12-30,phone charger,48
10943,2025-12-30,protein snacks,25
10944,2025-12-30,paper towels,65
10945,2025-12-30,sparkling water,70
10946,2025-12-30,usb c cable,22
10947,2025-12-30,coffee,38
10948,2025-12-30,sunscreen,50
10949,2025-12-30,instant noodles,53
10950,2025-12-30,laundry detergent,52
10951,2025-12-31,energy drinks,13
10952,2025-12-31,phone charger,65
10953,2025-12-31,protein snacks,46
10954,2025-12-31,paper towels,60
10955,2025-12-31,sparkling water,18
10956,2025-12-31,usb c cable,49
10957,2025-12-31,coffee,67
10958,2025-12-31,sunscreen,59
10959,2025-12-31,instant noodles,110
10960,2025-12-31,laundry detergent,51
